<?xml version="1.0" encoding="utf-8"?>
<?xml-model href="../difdepo.rnc" type="application/relax-ng-compact-syntax"?>
<TEI xmlns="http://www.tei-c.org/ns/1.0" xml:id="t100110205-1978-04-oj">
	<teiHeader>
		<fileDesc>
			<titleStmt>
				<title>Transcription du scan 100110205 pp. 2 à 2 (OJ) : version TEI</title>
				<respStmt>
					<resp>transcription et balisage</resp>
					<name>Chiara Mainardi</name>
				</respStmt>
			</titleStmt>
			
			<publicationStmt>
				<p>Edition numérique distribué par le projet ANR DifDePo</p>
			</publicationStmt>
			<sourceDesc>
				<bibl>
					<idno type="ark">12148/btv1b10010205z</idno><idno type="ead">d0e4858</idno><idno>t100110205-1978-04-oj</idno>
					<title>Ordre de jour de <ref target="difdepo:t100110205-1978-04">la réunion Oulipo</ref> du
						<date when="1978-04-27"/></title>
				</bibl>
			</sourceDesc>
		</fileDesc>
		
		<revisionDesc>
			<listChange>
				<change when="2017-01-28">Validation</change>
				<change>
					<date>2017-01-28</date>
					<name>Hélène Campaignolle</name>
				</change>
			</listChange>
		</revisionDesc>
	</teiHeader>
	<text type="OJ">
		<body>
			<pb n="2" xml:id="p2"/>
			<p rend="incipit"><date>Jeudi 27 avril 78</date> chez <persName ref="#GP">GP</persName></p>
			<p rend="incipit">Ordre du jour</p>
			<p rend="incipit">Président <persName ref="#FLL">F.L.L.</persName></p>
			<p rend="incipit">Excusés: <persName ref="#JB">Bens</persName>, <persName ref="#AB">Blavier</persName>, <persName ref="#JQ">Queval</persName> et <unclear>paulets?? <persName ref="#matheny">Matheny</persName></unclear>
			<lb/>Esperé: <persName ref="#JR">Roubaud</persName>, <persName ref="#PB">Braffort</persName>
			<lb/>Retard: <persName ref="#JR">Jacques Roubaud</persName></p>
			<p><label type="rubrique">Action</label></p>
			<list type="unordered">
				<item>1) Action péri-oulipienne <unclear>Mouheun</unclear> / <persName ref="#marcel">Marcel</persName></item>
				<item>Royaumont plus Avignon. <persName ref="#PF">Fournel</persName>. ordinateur: <persName ref="#PB">Braffort</persName> : </item>
				<item>Article du Point du Jour. <persName ref="#PF">Fournel</persName></item>
				<item> <persName ref="#JB">Jacques BENS</persName> : sur les <term ref="#inventaires">inventaires</term>.</item>
				<item> <persName ref="#JD">Jacques DUCHATEAU</persName> et <persName ref="#CB">Claude BERGE</persName> : sur la « <term ref="#methodebergeduchateau">méthode Berge-Duchâteau</term> ».</item>
				<item> <persName ref="#RQ">Raymond QUENEAU</persName> : sur « <term ref="#s7">S + 7</term> ».</item>
				<item>Route de la Reine</item> 
			  <item><persName ref="#FLL">FLL</persName> La <unclear>voix</unclear> de l'Oulipo </item>
			</list>
			<p><label type="rubrique">1 bis) Administration</label></p>
			<list type="unordered">
			<item><unclear>Coe</unclear> <persName ref="#MM">Métail</persName></item>
			</list>
			<p><label type="rubrique">2) Création</label></p>
			<list type="unordered">
			<item><placeName ref="#cerisy">Cerisy</placeName> <persName ref="#GP">Perec</persName></item>
				<item><persName ref="#MB">MB</persName> Table de <persName ref="#RQ">Queneau</persName>rajouter
				<lb/>Catégorie grammaticale
				<lb/>le genre littéraire</item>
				<item>Moëbius <unclear>retro</unclear> <persName ref="#LE">Luc Etienne</persName>.</item>
			</list>
			<p><label type="rubrique">2 bis) Erudition</label></p>
			<list type="unordered">
				<item>10/18 Zunmthor <title ref="#anthologiedesrhetoriqueurs">Anthologie des rhétoriqueurs</title> plus livre du <unclear>barro???</unclear>.<title ref="#actionpoetique"> Action poétique</title>.</item>
			</list>
			<p><label type="rubrique">3) Bibliothèque oulipienne</label></p>
			<list type="unordered">
				<item>Bilan <persName ref="#marcel">Marcel</persName>
				<lb/>Diffusion, distribution et dépôt.</item>
				<item>Calcul du prix <persName ref="#marcel">Marcel</persName> et <persName ref="#paul">Paul</persName></item>
				<item>Phynance <persName ref="#marcelb">Marcel B</persName></item>
			</list>
			<p><label type="rubrique">4) Phynances</label></p>
				<list type="unordered">
				<item><persName ref="#mmebrun">Mme Brun</persName> - <persName ref="#dominique">Dominique</persName></item>
				<item>Appel secrétariat. <persName ref="#PF">Fournel</persName></item>
				<item>Ca<unclear>rnet?</unclear> des lettres - <persName ref="#PF">Fournel</persName></item>
				</list>
			<p><label type="rubrique">5) Menus propos</label></p>
					<list type="unordered">
						<item>Activités de <persName ref="#FLL">FLL</persName> = <persName ref="#FLL">FLL</persName></item>
						<item>Culte de la <unclear>personnalité</unclear> de <persName ref="#FLL">FLL</persName> <persName ref="#PB">Braffort</persName></item>
						<item>Exposition <persName ref="#RQ">Queneau</persName> à la <orgName ref="#bn">B.N.</orgName> = <persName ref="#FLL">FLL</persName></item>
						<item>Papier à lettre Oulipo = <persName ref="#FLL">FLL</persName></item>
						<item>La <unclear>parte</unclear> fau<unclear>sse</unclear> <persName ref="#FLL">FLL</persName>.</item>
			</list>
			<p><label type="rubrique">6) Prochaine réunion</label></p>
			<list type="unordered">
				<item><persName ref="#GP">Georges Perec</persName> = <date>Jeudi 11 Mai</date></item>
				<item>Suivante = <date>Jeudi 29 Juin</date> à 18 h.</item>
			</list>
		</body>
	</text>
</TEI>
