<?xml version="1.0" encoding="utf-8"?>
<?xml-model href="../difdepo.rnc" type="application/relax-ng-compact-syntax"?>
<TEI xmlns="http://www.tei-c.org/ns/1.0" xml:id="t10010007-1961-05-03-oj">
  <teiHeader>
   <fileDesc>
     <titleStmt>
      <title>Transcription du scan 10010007 pp. 4 à 5 (OJ) : version TEI</title><respStmt><resp>transcription</resp><name>Invité</name></respStmt>
      
     </titleStmt>
     
     <publicationStmt>
      <p>Edition numérique distribué par le projet ANR DifDePo</p>
     </publicationStmt>
     <sourceDesc>
      <bibl><idno type="ark">12148/btv1b100100073</idno><idno type="ead">d0e191</idno><idno>t10010007-1961-05-03-oj</idno><title>Ordre de jour de <ref target="difdepo:t10010007-1961-05-03">la réunion Oulipo</ref> du <date when="1961-05-03"/></title></bibl>
     </sourceDesc>
   </fileDesc>
   
   <revisionDesc>
     <listChange><change when="2016-04-21T21:28:58Z">Oulipo specific tags added</change>
      <change>
        <date>2016-04-21T20:52:28Z</date>
        <name>Invité</name>
      </change>
     </listChange>
   </revisionDesc>
  </teiHeader>
  <text type="OJ">
   <body><pb xml:id="p4" n="4"/>
     
     
     
     
     
     
     
     
     
     
     
     <p rend="incipit">Circulaire n°7</p>
     <p rend="incipit">OUVROIR</p>
     <p rend="incipit">DE</p>
     <p rend="incipit">LITTERATURE POTENTIELLE</p>
     <p rend="incipit">Paris, le 3 mai 1961</p>
     <p rend="incipit">Messieurs et chers collègues,</p>
     <p>Ceci n’est point encore le <ref>compte-rendu de la réunion du 28 avril</ref>, compte-rendu que vous attendez, j’imagine, avec une impatience la plus grande du monde. Ceci est simplement un rappel, vu l’urgence, des contributions de chacun au <title ref="#dossieroulipo">Dossier OuLiPo</title> du <orgName ref="#collegedepataphysique">Collège de Pataphysique</orgName>. Nous rappelons respectueusement que, pour chaque rubrique, le responsable doit fournir une étude présentatoire ou explicatoire (ou les deux) et des documents (exemples, textes exhumés, travaux).</p>
     <list type="unordered">
      <item>
        <persName ref="#AMS">Albert-Marie SCHMIDT</persName> : sur le <persName ref="#chevalierdepiis">Chevalier de Piis</persName> ; sur <persName ref="#jehanmolinet">Jehan Molinet</persName> ; sur <persName ref="#amedeepommier">Amédée Pommier</persName>.</item>
      <item>
        <persName ref="#NA">Noël ARNAUD</persName> : sur les <term ref="#permutations">permutations</term>.</item>
      <item>
        <persName ref="#JB">Jacques BENS</persName> : sur les <term ref="#inventaires">inventaires</term>.</item>
      <item>
        <persName ref="#JD">Jacques DUCHATEAU</persName> et <persName ref="#CB">Claude BERGE</persName> : sur la « <term ref="#methodebergeduchateau">méthode Berge-Duchâteau</term> ».</item>
      <item>
        <persName ref="#RQ">Raymond QUENEAU</persName> : sur « <term ref="#s7">S + 7</term> ».</item>
      <item>
        <persName ref="#RQ">Raymond QUENEAU</persName> : sur la <term ref="#redondancemallarmeenne">redondance mallarméenne</term>.</item>
      <item>
        <persName ref="#JL">Jean LESCURE</persName> : sur la <term ref="#resistancealapotentialite">résistance à la potentialité</term>.</item>
      <item>
        <persName ref="#JQ">Jean QUEVAL</persName> : sur deux <term ref="#sonnets">Sonnets</term> tirés de <persName ref="#vh">V.H.</persName>
      </item>
      <item>
        <persName ref="#FLL">François Le LIONNAIS</persName> : sur des poèmes en langues <term ref="#algol">ALGOL</term>, <term ref="#marsouin">marsouin</term> et <term ref="#corbeau">corbeau</term>.</item>
      <item>
        <persName ref="#RC">Ross CHAMBERS</persName> : sur un thème français proposé aux candidats australiens au Baccalauréat.</item>
    </list>
     <p>A ces communications, l’assemblée a souhaité voir joindre :</p>
     <list type="unordered">
      <item>la préface de <persName ref="#RQ">Raymond Queneau</persName> à ses <title ref="#centmillemilliardsdesonnets">Cent mille milliards de Sonnets</title> (à paraître chez <orgName ref="#gallimard">Gallimard</orgName>) ;</item>
      <item>la postface de <persName ref="#FLL">François Le Lionnais</persName> aux dits <title ref="#sonnets">Sonnets.</title>
      </item>
    </list>
     <p>L’ensemble serait heureusement couronné :</p>
     <list type="unordered">
      <item>par un avant-propos de<title/> Trt <persName ref="#satraperq">Satrape R.Q</persName>. ;</item>
      <item>par un pré-avant-propos de <persName ref="#adelatis">A. de Latis</persName>, secrétaire général particulier de <persName ref="#samagnificencelebaronmollet">Sa Magnificence le Baron Mollet.</persName>
      </item>
    </list>
     <p><label type="rubrique">Note essentielle :</label></p>
     <p>Tous ceux qui possèdent des documents concernant une quelconque de ces rubriques sont priés de les adresser d’urgence au responsable de la</p>
     
      <pb xml:id="p5" n="5"/>
    
     <p>rubrique concernée. Les adresses seront communiquées par le Secrétaire Provisoire, sur simple demande téléphonique (LIT 28-91), samedi excepté).</p>
     <p>(L’absence de <persName ref="#FLL">François Le Lionnais</persName> et <persName ref="#CB">Claude Berge</persName>, absence que nous avons beaucoup regrettée, nous a conduits à leur attribuer d’office des communications qui nous paraissaient devoir leur convenir. S’il en était autrement, ils sont priés de le communiquer de toute urgence, et directement à : <persName ref="#NA">Noël Arnaud</persName>.)</p>
     <p>Toutes ces communications sont à adresser sous huitaine (autant que faire se peut)) et directement à :</p>
     <p>
      <persName ref="#NA">Noël ARNAUD</persName> – 18 rue Mesnil – Paris XVIe</p>
     <p>qui se chargera de tous rapports avec <persName ref="#ledirecteurgerantdesdossiersducollege">le directeur-gérant des Dossiers du Collège</persName>.</p>
     <p>Une <name type="manif" ref="#reunionexceptionnelle">réunion exceptionnelle</name>, consacrée à la réalisation de ce Dossier, se tiendra au Restaurant Laborderie (40 rue de l’Université), le Vendredi 12 mai 1961. Aucune obligation n’est faite d’y assister. Cependant il semple que la présence de <persName ref="#NA">Noël Arnaud</persName> et de <persName ref="#mlatis">M. Latis</persName> soit hautement souhaitable. Nous espérons qu’il leur sera possible d’y participer.</p>
     <p>Certifié conforme,</p>
     <p>pour le Secrétaire Défi-Définitif.</p>
     <p>
      <persName ref="#ythiermarchant">Ythier MARCHANT</persName>
    </p>
   </body>
  </text>
</TEI>
