<?xml version="1.0" encoding="utf-8"?>
<?xml-model href="../difdepo.rnc" type="application/relax-ng-compact-syntax"?>
<TEI xmlns="http://www.tei-c.org/ns/1.0" xml:id="t10010009-1961-06-05-cr">
  <teiHeader>
   <fileDesc>
     <titleStmt>
      <title>Transcription du scan 10010009 pp. 1 à 4 (CR) : version TEI</title><respStmt><resp>transcription</resp><name>Natalie Berkman</name></respStmt>
      
     </titleStmt>
     
     <publicationStmt>
      <p>Edition numérique distribué par le projet ANR DifDePo</p>
     </publicationStmt>
     <sourceDesc>
      <bibl><idno type="ark">12148/btv1b100100090</idno><idno type="ead">d0e223</idno><idno>t10010009-1961-06-05-cr</idno><meeting xml:id="t10010009-1961-06-05"><date when="1961-06-05"/><list type="present"><item><persName ref="#RQ"/></item><item><persName ref="#FLL"/></item><item><persName ref="#PB"/></item><item><persName ref="#JB"/></item><item><persName ref="#JL"/></item><item><persName ref="#AMS"/></item><item><persName ref="#NA"/></item><item><persName role="président" ref="#CB"/></item></list></meeting></bibl>
     </sourceDesc>
   </fileDesc>
   
   <revisionDesc>
     <listChange><change when="2016-04-21T21:28:59Z">Oulipo specific tags added</change>
      <change>
        <date>2016-04-21T20:52:39Z</date>
        <name>Natalie Berkman</name>
      </change>
     </listChange>
   </revisionDesc>
  </teiHeader>
  <text type="CR">
   <body><pb xml:id="p1" n="1"/>
     
     
     
     
     
     
     
     
     
     
     
     <p rend="incipit">Circulaire nº 10</p>
     <p rend="incipit">10 juin 1961</p>
     <p rend="incipit">COLLEGE DE ‘PATAPHYSIQUE</p>
     <p rend="incipit">Sous-Commission de l’OuLiPo</p>
     <p rend="incipit">Cabinet du Secrétaire Défi-Définitif</p>
     <p rend="incipit">COMPTE-RENDU DE LA REUNION DU 5 JUIN 1961</p>
     <p rend="incipit">Etaient présents (en faisant le tour de la table dans le sens négatif) :</p>
     <p rend="incipit">
      <persName ref="#RQ">R. Queneau</persName>, <persName ref="#FLL">F. Le Lionnais</persName>, <persName ref="#PB">P. Braffort</persName>, <persName ref="#JB">J. Bens</persName>, <persName ref="#JL">J. Lescure</persName>, <persName ref="#amschmidt">A.–M. Schmidt</persName>, <persName ref="#CB">C. Berge</persName>, <persName ref="#NA">N. Arnaud</persName>.</p>
     <p rend="incipit">Etaient excusés : <persName ref="#L">Latis</persName>, <persName ref="#JQ">J. Queval</persName>.</p>
     <p rend="incipit">Présidait : <persName ref="#CB">Claude BERGE</persName>.</p>
     <p>Des paroles de bienvenue sont, dès l’abord, prononcées par notre Président-Fondateur <persName ref="#FLL">François Le Lionnais</persName> à l’égard de <persName ref="#PB">Paul Braffort</persName>, membre correspondant. <persName ref="#PB">Paul Braffort</persName>, dans une brève (mais alerte) réponse, annonça la prochaine acquisition de l’<orgName ref="#euratom">Euratom</orgName> : une magnifique calculatrice électronique, dès à présent baptisée ZAZIE (de : Zahlen (D), Analyser (GB), Zuur (NL), Informazione (I), Exploitation (P)). On félicite, en la personne de <persName ref="#PB">Paul Braffort</persName>, la direction généralement internationale de l’<orgName ref="#euratom">Euratom</orgName> pour la manifestation de sentiments aussi pataphysiquement <term ref="#potentiels">potentiels</term>.</p>
     <p>
      <persName ref="#FLL">François Le Lionnais</persName> donne alors (enfin) lecture de son poème <term ref="#algolique">algolique</term>. Le voici :</p>
     <p>ALLER AU REEL</p>
     <p>POUR FAIRE VRAI</p>
     <p>TANDIS QUE FAUX PERSISTANT …</p>
     <p>TABLEAU ! ...</p>
     <p>
      <persName ref="#FLL">F. Le Lionnais</persName> ne nous a pas indiqué si les … et le ! font partie du vocabulaire <term ref="#algol">ALGOL</term>. Mais il a affirmé que ce poème a l’allure des programmes que l’on soumet aux machines <term ref="#algologlottes">algologlottes</term> — non sans préciser, toutefois, que ce programme-là n’a eu que peu de chances de correspondre à un problème soluble. A quoi <persName ref="#PB">Paul Braffort</persName> ajoute qu’il est parfaitement possible de composer des poèmes constituant un programme réellement cohérent. Nous attendons, avec curiosité, de telles communications.</p>
     <p>C’est ici que certains convives fraternisèrent en partageant leur thon et leurs anchois.</p>
     <p>
      <persName ref="#JD">Jacques Duchâteau</persName> prend alors la parole pour annoncer un projet de <term ref="#romanintersectif">roman intersectif</term>. Il s’agit de déterminer les <term ref="#intersections">intersections</term> (de</p>
     
      <pb xml:id="p2" n="2"/>
    
     <p>personnages, de situations, de style, etc…) existant entre trois romans, et d’utiliser ces <term ref="#intersections">intersections</term> pour confectionner un quatrième roman. Les trois romans choisis sont, pour l’instant : <title ref="#sylvie">SYLVIE</title> (Nerval), <title ref="#lesdeuxmaitresses">LES DEUX MAITRESSES</title> (Musset), et <title ref="#cecile">CECILE</title> (Constant). Ce travail, assez important, suppose une étroite collaboration entre plusieurs membres. La collaboration du <persName ref="#sp">S. P.</persName> est actuellement acquise. L’assemblée autorise <persName ref="#JD">Jacques Duchâteau</persName> à faire appel, en outre, suivant les modalités prévues par la <title ref="#circulairenº4">Circulaire nº 4</title>, à un collaborateur extérieur à l’OuLiPo, <persName ref="#mguyleclech">M. Guy Le Clec’h</persName> sera probablement pressenti.</p>
     <p>
      <persName ref="#PB">Paul Braffort</persName> qui doit se rendre à Besançon, demandera au <orgName ref="#centrederechercheslexicologiques">Centre de Recherches Lexicologiques</orgName> de la vieille ville espagnole d’établir, si ce n’est possible, les <term ref="#intersections">intersections</term> de vocabulaire entre les trois romans envisagés.</p>
     <p>Au cours d’une digression sur Carnac, le T. S. <persName ref="#RQ">Raymond Queneau</persName> se</p>
     <p>déclare déçu par les menhirs qui sont, dit-il, de bien petite taille.</p>
     <p>
      <persName ref="#AMS">Albert-Marie Schmidt</persName> prend leur défense, arguant de leur nombre (con-</p>
     <p>sidérable) et de leur alignement (parfait).</p>
     <p>
      <persName ref="#AMS">Albert-Marie Schmidt</persName> conserve d’ailleurs la parole pour lire un texte extrait des <title ref="#voyagesdegulliver">VOYAGES DE GULLIVER</title> et concernant la <term ref="#machine">machine</term> de l’<orgName ref="#academiedelagado">Académie de Lagado</orgName> (orthographe non garantie — N. D. S. P.). Ce texte tout à fait remarquable prouve, chez <persName ref="#swift">Swift</persName>, des préoccupations d’ordre <term ref="#litteraropotentiel">littéraro-potentiel</term> très élevées. <persName ref="#NA">Noël Arnaud</persName> propose de le faire publier dans le <title ref="#dossierducollege">Dossier du Collège</title> consacré à l’OuLiPo. Cette proposition est acceptée avec enthousiasme.</p>
     <p>(On remarque, non sans quelque amertume, que le bas-bout de la table (d’aucuns prétendant qu’il s’agit du haut-bout, mais ils font preuve d’esprit de parti), composé de MM. <persName ref="#JL">Lescure</persName>, <persName ref="#NA">Arnaud</persName>, <persName ref="#RQ">Queneau</persName> et <persName ref="#FLL">Le Lionnais</persName> (les plus remarquables Optimates du <orgName ref="#college">Collège</orgName>, hélas !), réquisitionne toutes les bouteilles de vin de Bordeaux, et ceci sans raison — et même en ricanant.)</p>
     <p>
      <persName ref="#RQ">Raymond Queneau</persName> annonce le <name type="manif" ref="#supercocktail">Super-Cocktail</name> du 16 juin 1961, offert par les Etablissements <orgName ref="#gallimard">Gallimard</orgName>, en leurs salons et jardin, avec le concours des <orgName ref="#societesmartini">Sociétés Martini</orgName>, <orgName ref="#mumm">Mumm</orgName>, <orgName ref="#cinzano">Cinzano</orgName>, <orgName ref="#orangina">Orangina</orgName> et <orgName ref="#sourceperrier">Source Perrier</orgName>.</p>
     <p>
      <persName ref="#JB">Jacques Bens</persName> donne alors quelques Préliminaires méthodologiques pour la confection de <term ref="#sonnetsprivilegies">Sonnets Privilégiés</term>, tirés des <title ref="#centmillemilliardsdepoemes">CENT MILLE MILLIARDS DE POEMES</title>. La définition d’un <term ref="#sonnetprivilegie">Sonnet Privilégié</term> peut être ainsi énoncée (sous réserve de révisions ultérieures) :</p>
     <p>« On appellera <term ref="#sonnetprivilegie">Sonnet Privilégié</term> tout <term ref="#sonnet">sonnet</term> obtenu à partir d’un « ensemble déjà cohérent dans un précédent système de références. »</p>
     <p>
      <persName ref="#JB">Jacques Bens</persName> donne quelques exemples de méthodes et invite tous</p>
     
      <pb xml:id="p3" n="3"/>
    
     <p>les participants à proposer des méthodes originales.</p>
     <p>Le S.P. est chargé de réaliser le <term ref="#sonnetprivilegie">Sonnet Privilégié</term> obtenu à partir des 14 membres de l’<orgName ref="#oulipo">OuLiPo</orgName> (cf. <ref>Documents annexes</ref>). Ce <term ref="#sonnet">sonnet</term> sera publié dans le <title ref="#dossieroulipo">Dossier OuLiPo</title>.</p>
     <p>En outre, <persName ref="#FLL">François Le Lionnais</persName> demande que soit attribué un <term ref="#sonnet">sonnet</term> à chacun. Ceci ne pourra être réalisé qu’après adoption d’une méthode particulière.</p>
     <p>
      <persName ref="#PB">Paul Braffort</persName> propose d’utiliser les 14 premières décimales de pi. Mais ce procédé, ne donnant qu’une seule solution, ne constitue pas, à proprement parler, une méthode.</p>
     <p>
      <persName ref="#NA">Noël Arnaud</persName> donne alors lecture d’un très curieux « <term ref="#dramealphabetique">drame alphabétique</term> en trois actes : <title ref="#leroibafoue">LE ROI BAFOUE</title>, par <persName ref="#simonleroux">Simon Leroux</persName>. Il essaiera de joindre l’auteur, pour une éventuelle publication dans les <title ref="#dossiersducollege">Dossiers du Collège</title>.</p>
     <p>
      <persName ref="#RQ">Raymond Queneau</persName> signale l’existence d’un village nommé LOULIPE (ou d’un cours d’eau intitulé L’OULIPE ?) , situé « après Chartres », sur la route de Paris à La Forêt-Fouesnant. (Il ne peut préciser davantage.) Le <title ref="#dictionnairelarousse">dictionnaire Larousse</title> en deux volumes, consulté, ne tient compte ni de l’un, ni de l’autre. Il faudrait, sans doute, compulser un dictionnaire des communes.</p>
     <p>
      <persName ref="#NA">Noël Arnaud</persName> donne lecture d’une lettre de <persName ref="#L">Latis</persName> concernant les dérivés du mot <term ref="#oulipo">OuLiPo</term> (cf. <ref>Documents annexes</ref>). Chacun est invité à réfléchir aux remarques et propositions de <persName ref="#L">Latis</persName>. Un vote interviendra lors d’une séance ultérieure. Dès à présent, cependant :</p>
     <p>— <persName ref="#RQ">R. Queneau</persName> et <persName ref="#amschmidt">A.M. Schmidt</persName> sont partisans de conserver OuLiPien, car :</p>
     <p>— <persName ref="#amschmidt">A.M. Schmidt</persName> considère que la désinence Ot est « péjorative, badine et familière », si</p>
     <p>bien que :</p>
     <p>— <persName ref="#RQ">R. Queneau</persName> et <persName ref="#JL">J. Lescure</persName> proposent de la réserver aux « familiarités et mignardises » ;</p>
     <p>— <persName ref="#JL">J. Lescure</persName> aimerait également réserver <term ref="#oulipoetes">OuLiPoètes</term> (et <term ref="#oulipoemes">OuLiPoèmes</term>) à certaines</p>
     <p>activités (il ne dit pas lesquelles) ;</p>
     <p>— <persName ref="#JB">J. Bens</persName> est tout à fait séduit par <term ref="#oulipotier">OuLiPotier</term> et <term ref="#oulipoterie">OuLiPoterie</term>, à cause, prétend-il, du</p>
     <p>contenu artisanal qu’ils comportent ;</p>
     <p>— <persName ref="#amschmidt">A.M. Schmidt</persName> propose, à d’autres fins, <term ref="#oulipotheses">OuLiPothèses</term> ;</p>
     <p>— Enfin, <persName ref="#NA">Noël Arnaud</persName> rappelle que « les mots créés doivent être solidement établis », car</p>
     <p>c’est sur le vocabulaire que se fondent toutes les activités humaines, a fortiori les nôtres. (On lui donne raison).</p>
     <p>
      <persName ref="#NA">Noël Arnaud</persName> propose la création d’un insigne de l’OuLiPo. Chacun est invité à envisager diverses possibilités. On en reparlera lors de la prochaine séance.</p>
     
      <pb xml:id="p4" n="4"/>
    
     <p>
      <persName ref="#JL">Jean Lescure</persName> s’engage à prendre contact avec <persName ref="#mbokanovski">M. Bokanovski</persName> pour la gravure et la diffusion, par le Ministère compétent, d’un timbre-poste à la gloire de l’OuLiPo. <persName ref="#FLL">François Le Lionnais</persName> aimerait assez que ce timbre représentât Les <name type="manif" ref="#jeuxoulipiques">Jeux OuLiPiques</name>.</p>
     <p>
      <persName ref="#JL">Jean Lescure</persName> présente la <name type="manif" ref="#decadecerisyenne">décade cerisyenne</name> du 8 au 18 septembre 1961. Cette <name type="manif" ref="#decade">décade</name>, qui prétend étudier Le Cinéma dans l’évolution des langages, est en réalité une <name type="manif" ref="#decadedeloulipo">décade de l’OuLiPo</name>.</p>
     <p>Malheureusement, il semble que peu de membres présents pourront y assister. Si bien que cette <name type="manif" ref="#manifestation">manifestation</name> pourrait prendre un caractère <term ref="#potentiellementesoterique">potentiellement ésotérique</term>.</p>
     <p>
      <persName ref="#CB">Claude Berge</persName>, par exemple, sera à Calcutta. X… (conservons pudiquement son anonymat) insiste pour lui indiquer les « inoubliables » quartiers réservés de cette ville du Bengale occidental.</p>
     <p>
      <persName ref="#FLL">François Le Lionnais</persName> souhaite que des communications soient demandées aux membres du <orgName ref="#myam">MYAM</orgName>. <persName ref="#JL">Jean Lescure</persName> prendra téléphoniquement langue avec <persName ref="#mmphilippot">MM. Philippot</persName> et <persName ref="#moles">Moles</persName>. Le S. P. leur adressera, par la suite, une invitation officielle.</p>
     <p>La prochaine réunion aura lieu, au Restaurant Laborderie (40 rue de l’Université),</p>
     <p>LUNDI 26 JUIN 1961</p>
     <p>(en la fête de Sainte-Héloïse)</p>
     <p>Pour le Secrétaire-Définitif,</p>
     <p>le Secrétaire du S.P. :</p>
     <p>
      <persName ref="#ythiermarchant">Ythier Marchant</persName>.</p>
   </body>
  </text>
</TEI>
