<?xml version="1.0" encoding="utf-8"?>
<?xml-model href="../difdepo.rnc" type="application/relax-ng-compact-syntax"?>
<TEI xmlns="http://www.tei-c.org/ns/1.0" xml:id="t10010012-1961-10-cr">
  <teiHeader>
   <fileDesc>
     <titleStmt>
      <title>Transcription du scan 10010012 pp. 1 à 4 (CR) : version TEI</title><respStmt><resp>transcription</resp><name>Chris</name></respStmt>
      
     </titleStmt>
     
     <publicationStmt>
      <p>Edition numérique distribué par le projet ANR DifDePo</p>
     </publicationStmt>
     <sourceDesc>
      <bibl><idno type="ark">12148/btv1b100100128</idno><idno type="ead">d0e291</idno><idno>t10010012-1961-10-cr</idno><meeting xml:id="t10010012-1961-10"><date when="1961-10-17"/><placeName ref="#restaurantlaborderie">restaurant Laborderie</placeName><list type="present"><item><persName ref="#NA"/></item><item><persName ref="#CB"/></item><item><persName ref="#JD"/></item><item><persName ref="#FLL"/></item><item><persName ref="#JL"/></item><item><persName ref="#RQ"/></item><item><persName ref="#JQ"/></item><item><persName ref="#AMS"/></item><item><persName role="invité" ref="#abrahammoles">Abraham Moles</persName></item><item><persName role="président" ref="#L"/></item></list></meeting></bibl>
     </sourceDesc>
   </fileDesc>
   
   <revisionDesc>
     <listChange><change when="2016-04-21T21:29:01Z">Oulipo specific tags added</change>
      <change>
        <date>2016-04-21T20:52:59Z</date>
        <name>Chris</name>
      </change>
     </listChange>
   </revisionDesc>
  </teiHeader>
  <text type="CR">
   <body><pb xml:id="p1" n="1"/>
     
     
     
     
     
     
     
     
     
     
     
     <p rend="incipit">OUVROIR DE</p>
     <p rend="incipit">LITTERATURE</p>
     <p rend="incipit">POTENTIELLE</p>
     <p rend="incipit">Circulaire n°14</p>
     <p rend="incipit">COMPTE-RENDU DE LA REUNION DU 17 OCTOBRE 1961</p>
     <p rend="incipit">Présents : <persName ref="#arnaudberge">Arnaud, Berge</persName>, <persName ref="#JD">Duchateau</persName>, <persName ref="#L">Latis</persName>, <persName ref="#FLL">Le Lionnais</persName>, <persName ref="#JL">Lescure</persName>, <persName ref="#RQ">Queneau</persName>, <persName ref="#JQ">Queval</persName>, <persName ref="#AMS">Schmidt</persName>.</p>
     <p rend="incipit">Invité d’honneur : <persName ref="#abrahammoles">Abraham Moles</persName>
    </p>
     <p rend="incipit">Président : <persName ref="#L">Latis</persName>
    </p>
     <p>Démonstration de magnétophone par <persName ref="#JL">Lescure</persName> et <persName ref="#JD">Duchateau</persName>. <persName ref="#moles">Moles</persName> s’en mêle : résultat nul. <persName ref="#JL">Lescure</persName> doit enregistrer sans bande ; le résultat, le voici :</p>
     <p>On discute des <ref>derniers C.R</ref>.</p>
     <p>
      <persName ref="#L">Latis</persName> déplore qu’ils lui attribuent une mauvaise définition de la <term ref="#philosophie">philosophie</term> ;</p>
     <p>
      <persName ref="#RQ">Queneau</persName> ………. une mauvaise citation de <persName ref="#rabelais">Rabelais</persName> ;</p>
     <p>
      <persName ref="#FLL">Le Lionnais</persName> …… une mauvaise <term ref="#definition">définition</term> de <persName ref="#mandelbrot">Mandelbrot</persName> (laquelle s’appliquait à <persName ref="#apostel">Apostel</persName>).</p>
     <p>Cependant que tout le monde met les pieds dans le plat et le <persName ref="#dataire">dataire</persName> sur la sellette, <persName ref="#NA">Noël Arnaud</persName> déplore que ledit <persName ref="#dataire">dataire</persName> soit mis à la question pendant son absence. <persName ref="#amschmidt">A. M. Schmidt</persName> déclare estimer tout particulièrement les <ref>compte-rendus</ref> du <persName ref="#dataire">dataire</persName>. <persName ref="#JL">Lescure</persName> court au secours de ce dernier. Il fait remarquer :</p>
     <list type="ordered">
      <item>qu’aucune décision OuLiPienne n’a été prise intimant formellement au <persName ref="#dataire">dataire</persName> de faire des compte-rendus exacts de nos réunions ;</item>
      <item>que les <ref>C.R. erronés</ref> semblent avantageux, en ce qu’ils sont émouvants, provocateurs et révélateurs ;</item>
      <item>qu’il ne peut exister de <term ref="#sciencesinexactes">sciences inexactes</term> sans inexactitudes ;</item>
      <item>que…</item>
    </list>
     <p>Le <persName ref="#president">Président</persName> lui retire la parole qu’il lui avait à peine prêtée. <persName ref="#RQ">Queneau</persName> trouve qu’après tout, depuis <persName ref="#platon">Platon</persName> et <persName ref="#xenophon">Xénophon</persName>, on n’a jamais rien fait de mieux que ces <ref>compte-rendus</ref> (ce qui suppose que nous sommes des <persName ref="#socrate">Socrate</persName>). <persName ref="#NA">Noël Arnaud</persName> reconnaît avoir entériné (sic : mais il n’a pas employé ce mot ; il a seulement essayé de le faire ; en vain) le dernier C.R. de <persName ref="#JB">Bens</persName>.</p>
     <p>Finalement, après avoir envisagé différents perfectionnements des C.R., on décide d’envoyer une carte-postale affectueuse et reconnaissante au <persName ref="#datairebens">dataire Bens</persName>—ce qu’on ne fait pas.</p>
     
      <pb xml:id="p2" n="2"/>
    
     <p>
      <persName ref="#JL">Lescure</persName> propose que chaque OuLiPien (et surtout les membres correspondants) renvoie au <persName ref="#dataire">dataire</persName> la définition de la <term ref="#philosophie">philosophie</term> remise en état—tant pour l’édification et la mortification dudit <persName ref="#dataire">dataire</persName>—que pour la réjouissance de tous.</p>
     <p>Incidemment, le <persName ref="#secretairegeneral">secrétaire général</persName> de <persName ref="#samagnificence">Sa Magnificence</persName>, <persName ref="#L">Latis</persName>, a exposé la <term ref="#methodepiscator">méthode Piscator</term> laquelle s’applique à l’<term ref="#arttheatral">art théâtral</term> ; si une scène ne colle pas, on décale les répliques d’un interlocuteur.</p>
     <p>
      <persName ref="#abrahammoles">Abraham Moles</persName> donne quelques indications sur la rédaction des C.R. au <orgName ref="#myam">M Y A M</orgName> et conclut : « tout système de <term ref="#litterature">littérature</term> est essentiellement projectif » (ce que note rapidement le <persName ref="#regentjlescure">régent J. Lescure</persName>).</p>
     <p>Le <persName ref="#satrapequeneau">Satrape Queneau</persName> :</p>
     <list type="ordered">
      <item>donne communication d’un poème d’<persName ref="#emilebergerat">Emile Bergerat</persName> (dont les <term ref="#rimes">rimes</term> n’ont pas de <term ref="#rimes">rimes</term>), lequel poème sera publié en temps et lieu voulus ;</item>
      <item>donne quelques indications sur un ouvrage de <persName ref="#delepierre">Delepierre</persName> sur les <term ref="#centons">centons</term>, ouvrage dépourvu d’intérêt à notre point de vue ;</item>
      <item>informe l’OuLiPo de son influence <term ref="#potentielle">potentielle</term> sur la consommation du bromure dans les maisons de brochage (du bromage dans les maisons de brochure).</item>
    </list>
     <p>
      <persName ref="#CB">Berge</persName> fait une communication sur le <term ref="#langagedesbaleines">langage des baleines</term> qui compteraient jusqu’à 9. On ne sait qui demande si elles connaissent l’alphabet morse. On néglige cette remarque.</p>
     <p>
      <persName ref="#L">Latis</persName> pose la question des <term ref="#sonnets">Sonnets</term> de <persName ref="#shakespeare">Shakespeare</persName> à l’envers. S’ensuivent quelques <term ref="#quiproquos">quiproquos</term>, forcément.</p>
     <p>
      <persName ref="#RQ">Queneau</persName> : Jamais <persName ref="#thomas">Thomas</persName> ne m’en a montré la <term ref="#traduction">traduction</term>
    </p>
     <p>
      <persName ref="#FLL">Le Lionnais</persName> : Voilà une nouvelle affaire <persName ref="#dreyfus">Dreyfus</persName> qui commence.</p>
     <p>
      <persName ref="#RQ">Queneau</persName> : Quoi qu’il en soit, la <term ref="#potentialite">potentialité</term> en est minimale.</p>
     <p>
      <persName ref="#L">Latis</persName> : Vous n’êtes pas du même avis que <persName ref="#thomas">Thomas</persName>.</p>
     <p>
      <persName ref="#RQ">Queneau</persName> : Si donc.</p>
     <p>
      <persName ref="#L">Latis</persName> : En effet</p>
     <p>
      <persName ref="#RQ">Queneau</persName> : C’est bonnet blanc et blanc bonnet (ça faisait cinq minutes qu’il cherchait ça).</p>
     <p>On met en suspens les <term ref="#sonnets">sonnets</term>. <persName ref="#JL">Lescure</persName> signale que <persName ref="#thomas">Thomas</persName> déjeune à moins de 500 cm. Mouvements divers. Il a disparu.</p>
     
      <pb xml:id="p3" n="3"/>
    
     <p>
      <persName ref="#L">Latis</persName> : Je vais maintenant vous embêter et parler du <title ref="#dossier">dossier</title>.</p>
     <p>
      <persName ref="#RQ">Queneau</persName> : La <term ref="#conclusion">conclusion</term> est supprimée.</p>
     <p>
      <persName ref="#L">Latis</persName> (fronçant les sourcils) : Qui a dit ça ?</p>
     <p>
      <persName ref="#RQ">Queneau</persName> : Moi.</p>
     <p>(Clameur)</p>
     <p>
      <persName ref="#L">Latis</persName> a partie gagnée.</p>
     <p>
      <persName ref="#JL">Lescure</persName> : Je m’en vais.</p>
     <p>
      <persName ref="#L">Latis</persName> : Dites-moi donc à quel dictionnaire vous vous référez. Hatier … ce n’est pas suffisant.</p>
     <p>
      <persName ref="#RQ">Queneau</persName> : Hâtiez-vous lentement.</p>
     <p>
      <persName ref="#JL">Lescure</persName> s’enfuit.</p>
     <p>
      <persName ref="#abrahammoles">Abraham Moles</persName> fait une communication sur le <orgName ref="#myam">M Y A M</orgName> cependant que circule un <term ref="#texte">texte</term> de lui qui fait saliver l’assistance. Il en sera pris copie. Des contacts sont prévus (en plus de ceux avec le <orgName ref="#myam">M Y A M</orgName>) :</p>
     <list type="ordered">
      <item>avec le <orgName ref="#groupebens">groupe Bens</orgName> ;</item>
      <item>avec <persName ref="#guiraud">Guiraud</persName> ;</item>
      <item>avec le <orgName ref="#groupedebesancon">groupe de Besançon</orgName>.</item>
    </list>
     <p>
      <persName ref="#RQ">Queneau</persName> doit transmettre à <persName ref="#amschmidt">A. M. Schmidt</persName> les travaux des <persName ref="#correspondantssarrois">correspondants sarrois</persName> pour appréciation.</p>
     <p>
      <persName ref="#AMS">Schmidt</persName> pose la question : l’OuLiPo demeure-t-il clandestin ? Discussion confuse. Cependant que <persName ref="#RQ">Queneau</persName> (d’une façon purement <term ref="#affective">affective</term>) le souhaiterait toujours crépusculaire, il faut bien reconnaître que la publication du prochain <title ref="#dossier">Dossier</title> mettra l’Ouvroir en pleine lumière.</p>
     <p>On se sépare en se donnant rendez-vous le :</p>
     <p>Mardi 14 novembre 1961</p>
     <p>Même restaurant</p>
     <p>(On est prévenu que le restaurant ne fait pas la “limonade”).</p>
     <p>Le 14 novembre étant le jour de la sainte <persName ref="#philomene">Philomène</persName>, s’ensuivent quelques propos d’ordre <term ref="#hagiographique">hagiographique</term> entre le <persName ref="#secretaire">secrétaire</persName> de <persName ref="#samagnificence">Sa Magnificence</persName> et le <persName ref="#grandconservateurdelogg">Grand Conservateur de l’O.G.G.</persName>
    </p>
     
      <pb xml:id="p4" n="4"/>
    
     <p>
      <persName ref="#JQ">Jean Queval</persName> est intervenu à plusieurs reprises au cours de ces débats, mais l’agilité d’esprit du <persName ref="#regentlescure">régent Lescure</persName> étant bien inférieure à celle du <persName ref="#dataire">dataire</persName> Bens (à l’inverse de son goût pour le tournedos béarnaise), il a été incapable d’en prendre note. Il a été également incapable d’interpréter quelques silences (peut-être significatifs) de <persName ref="#JD">Duchateau</persName>.</p>
     <p>par intérim</p>
     <p>
      <persName ref="#JQ">J.Q</persName>.<persName ref="#rl">R.L</persName>.</p>
   </body>
  </text>
</TEI>
