<?xml version="1.0" encoding="utf-8"?>
<?xml-model href="../difdepo.rnc" type="application/relax-ng-compact-syntax"?>
<TEI xmlns="http://www.tei-c.org/ns/1.0" xml:id="t10010009-1961-06-27-cr">
  <teiHeader>
   <fileDesc>
     <titleStmt>
      <title>Transcription du scan 10010009 pp. 8 à 11 (CR) : version TEI</title><respStmt><resp>transcription</resp><name>Clara de Raigniac</name></respStmt>
      
     </titleStmt>
     
     <publicationStmt>
      <p>Edition numérique distribué par le projet ANR DifDePo</p>
     </publicationStmt>
     <sourceDesc>
      <bibl><idno type="ark">12148/btv1b100100090</idno><idno type="ead">d0e223</idno><idno>t10010009-1961-06-27-cr</idno><meeting xml:id="t10010009-1961-06-27"><date when="1961-06-27"/><list type="present"><item><persName ref="#PB"/></item><item><persName ref="#JL"/></item><item><persName ref="#NA"/></item><item><persName ref="#JD"/></item><item><persName ref="#FLL"/></item><item><persName ref="#RQ"/></item><item><persName ref="#JB"/></item><item><persName role="président" ref="#L"/></item><item><persName role="secrétaire" ref="#Ythier Marchant"/></item></list></meeting></bibl>
     </sourceDesc>
   </fileDesc>
   
   <revisionDesc>
     <listChange><change when="2016-04-21T21:28:59Z">Oulipo specific tags added</change>
      <change>
        <date>2016-04-21T20:52:43Z</date>
        <name>Clara de Raigniac</name>
      </change>
     </listChange>
   </revisionDesc>
  </teiHeader>
  <text type="CR">
   <body><pb xml:id="p8" n="8"/>
     
     
     
     
     
     
     
     
     
     
     
     <p rend="incipit">OUVROIR DE <lb/>LITTERATURE<lb/>POTENTIELLE</p>
     <p rend="incipit">Circulaire n°11</p>
     <p rend="incipit">27 juin 1961</p>
     <p rend="incipit">COMPTE-RENDU DE LA REUNION DU LUNDI 26 JUIN 1961</p>
     <p rend="incipit">PRESENTS : <persName ref="#PB">Paul Braffort</persName>, <persName ref="#JL">Jean Lescure</persName>, <persName ref="#L">Latis</persName>, <persName ref="#NA">Noël Arnaud</persName>, <persName ref="#JD">Jacques Duchâteau</persName>, <persName ref="#FLL">François le Lionnais</persName>, <persName ref="#RQ">Raymond Queneau</persName>, <persName ref="#JB">Jacques Bens</persName>
      <note place="foot" xml:id="ftn1" n="1">
        <p>Une malheureuse étourderie du SP a fait omettre, dans le précédent CR, la présence de <persName ref="#JD">J. Duchâteau</persName> – dont il était pourtant fait mention dans le courant des discussions. Que notre ami nous excuse. Le SP a fait trois heures de piquet.</p>
      </note>
    </p>
     <p rend="incipit">EXCUSES : <persName ref="#amschmidt">A. M. Schmidt</persName>, <persName ref="#CB">C. Berge</persName>, <persName ref="#JQ">J. Queval</persName>.</p>
     <p rend="incipit">PRESIDENT : <persName ref="#L">Latis</persName>
    </p>
     <p>La séance par la distribution, à chacun des présents, d’un exemplaire des magnifiques <title ref="#100000000000000depoemes">100.000.000.000.000. DE POEMES.</title> On admire l’excellence de la conception (cela va de soi), mais aussi la qualité de la réalisation matérielle.</p>
     <p>A ce sujet, le <persName ref="#trtsatrape">Trt Satrape</persName>, qui s’attend à devoir répondre à de nombreuses questions radiotées, télévisées et journalisées, demande à l’assemblée, si elle croit souhaitables qu’il parle de l’Oulipo.</p>
     <p>
      <persName ref="#NA">N. Arnaud</persName> : le dernier <title ref="#dossierducollege">Dossier du Collège</title> a signalé l’existence de l’Oulipo, ainsi que son rattachement au <orgName ref="#college">Collège</orgName>. Ce n’est donc plus un secret pour personne. Le même <title ref="#dossier">Dossier</title> a également signalé <persName ref="#FLL">F. Le Lionnais</persName> comme co-fondateur de l’Oulipo.</p>
     <p>En conséquence, l’assemblée se trouve d’accord pour autoriser le <persName ref="#trtsatrape">Trt Satrape</persName> :</p>
     <list type="unordered">
      <item>à révéler l’existence de l’Oulipo ;</item>
      <item>à préciser l’objet de ses travaux ;</item>
      <item>à citer le nom de <persName ref="#FLL">Le Lionnais</persName> (démarche d’autant plus naturelle que notre ami a rédigé la Postface du volume dont il est question) ;</item>
      <item>à se fier à son propre jugement pour donner tel ou tel détail supplémentaire.</item>
    </list>
     <p>
      <persName ref="#NA">N. Arnaud</persName> : <persName ref="#AB">Blavier</persName> m’a demandé de parler de l’Oulipo dans le numéro de <title ref="#tempsmeles">TEMPS MELES</title> qu’il consacre à la <name type="manif" ref="#decadecerisyenne">décade cerisyenne</name> de l’an passé. Que dois-je en dire ? Et, d’une manière générale, dans quelle mesure devons-nous collaborer à ce numéro ?</p>
     <p>
      <persName ref="#RQ">R. Queneau</persName> : A mon sens, c’est un peu prématuré. Et nous sommes engagés à réserver la primeur de nos travaux aux <title ref="#dossiersducollege">Dossiers du Collège</title>. Il vaudrait mieux, sans doute, que <persName ref="#AB">Blavier</persName> attende la prochai -</p>
     
      <pb xml:id="p9" n="9"/>
    
     <p>ne <name type="manif" ref="#decadedecerisy">décade de Cerisy</name>, dont nous a parlé récemment <persName ref="#JL">Lescure</persName>.</p>
     <p>
      <persName ref="#L">Latis</persName> : D’ailleurs, il faudrait peut-être faire remarquer à <persName ref="#AB">Blavier</persName> que <orgName ref="#cerisy">Cerisy</orgName> (l’ancien) et l’Oulipo sont différents. Cette décade-là était consacrée à <persName ref="#RQ">RAYMOND QUENEAU</persName> – comme doit l’être le numéro de <title ref="#tempsmeles">Temps Mêlés</title> dont parle <persName ref="#AB">Blavier</persName>. Mélanger les deux choses provoquera peut-être une certaine confusion dans l’esprit des lecteurs.</p>
     <p>
      <persName ref="#RQ">R. Queneau</persName> : Enfin – et c’est le plus important – nous n’avons pas encore assez de documents. Nous ne pourrions proposer à <persName ref="#AB">Blavier</persName> que des travaux discutables, qui n’illustreraient pas excellemment l’activité de l’Oulipo.</p>
     <p>Le Président : la cause est entendue.</p>
     <p>
      <persName ref="#JL">J. Lescure</persName> : Je voudrais mettre l’accent sur la méthode que viennent d’illustrer <persName ref="#RQ">R. Queneau</persName> et <persName ref="#NA">N. Arnaud</persName> : il me semble indispensable de consulter l’Oulipo toutes les fois où nous serons conduits à en parler, ou à publier des travaux (même personnels) relevant des méthodes de l’oulipo.</p>
     <p>
      <persName ref="#RQ">R. Queneau</persName> : Bien sûr. Nous ne devons jamais oublier que les travaux de l’Oulipo sont communs. Leur résultat est le bien de tous. Nul ne peut en disposer sans l’accord de tous. </p>
     <p>
      <persName ref="#FLL">F. Le Lionnais</persName> : Il en est de même de toute opinion. Car tout concerne l’Oulipo, y compris la <name type="manif" ref="#conferencedevian">conférence d’Evian</name> et la fabrication de la gibelotte.</p>
     <p>
      <persName ref="#L">Latis</persName> : Ben alors.</p>
     <p>
      <persName ref="#RQ">R. Queneau</persName> : Je me permets de signaler à l’auguste assemblée l’existence, dans le dernier numéro de <title ref="#scienceetvie">Science et Vie</title>, d’un article sur le langage des dauphins.</p>
     <p>(Suit une très savante dissertation de <persName ref="#FLL">F. Le Lionnais</persName> sur ce sujet qu’il affectionne – nous le savons tout particulièrement.)</p>
     <p>
      <persName ref="#JB">J. Bens</persName> donne une lecture du « <title ref="#secondsonnetprivilegiedeloulipo">Second sonnet Privilégié de l’Oulipo</title> ». C’est le seul valable. Il est publié, avec justifications à l’appui, <ref>en annexe de la présence circulaire</ref>.</p>
     <p>
      <persName ref="#PB">Paul Braffort</persName> fait une communication sur le récent <name type="manif" ref="#colloquedebesancon">colloque de Besançon</name> sur la <term ref="#lexicographie">lexicographie</term>.</p>
     <p>Le but en était : confronter les techniques et les besoins.</p>
     <p>A l’heure actuelle, le <orgName ref="#centredebesancon">Centre de Besançon</orgName> dispose, sur cartes perforées, de</p>
     <list type="unordered">
      <item>l’œuvre complète de <persName ref="#saintthomasdaquin">Saint-Thomas d’Aquin</persName> :</item>
      <item>les tragédies complètes de <persName ref="#corneille">Corneille</persName> :</item>
      <item>les tragédies complètes de <persName ref="#racine">Racine</persName> ;</item>
      <item>la « <title ref="#theoriedescouleurs">Théorie des Couleurs</title> » de <persName ref="#goethe">Goethe</persName> ;</item>
    </list>
     
      <pb xml:id="p10" n="10"/>
    
     <list type="unordered">
      <item>un certain nombre d’autres textes (poèmes de <persName ref="#baudelaire">Baudelaire</persName>, etc.). Jusqu’ici, le traitement subi par ces textes n’a rien d’Oulipien. L’étude du vocabulaire seule a été envisagée. (Ceci a permis, notamment, de déceler les passages nettement <term ref="#apocryphes">apocryphes</term> de <persName ref="#saintthomas">Saint-Thomas</persName>.).</item>
    </list>
     <p>Cependant, un grammairien anglais, nommé <persName ref="#wexler">WEXLER</persName>, a tenté d’établir ce qu’il nomme, assez improprement, la <term ref="#grammetrique">grammétrique</term>. Cette discipline cherche à découvrir des règles de grammaire qu’un auteur s’est imposés à lui-même, sans nécessité grammaticale.</p>
     <p>
      <persName ref="#wexler">Wexler</persName> a eu l’idée de demander à la Société <orgName ref="#monotype">MONOTYPE</orgName> si les bandes perforées au clavier Monotype en vue de la fonte d’un texte pouvaient être utilisées pour la mise en carte (ou en bandes magnétiques) de ce texte. Il semble que oui.</p>
     <p>C’est pourquoi <persName ref="#PB">P. Braffort</persName> demande aux représentants présents de la <orgName ref="#librairiegallimard">Librairie Gallimard</orgName> s’il serait possible de se faire prêter par les (ou de louer aux) imprimeurs les rouleaux Monotype de <title ref="#lapleiade">la Pléiade.</title> 
      <persName ref="#RQ">R. Queneau</persName> déclare qu’il va s’en occuper.</p>
     <p>
      <persName ref="#PB">P. Braffort</persName> ajoute que Besançon connaît deux autres centres homologues : l’un situé à ISPRA (Italie), l’autre à TUBINGEN (Allemagne).</p>
     <p>(Il signale également que des délégués d’<orgName ref="#ibm">IBM</orgName> ont rendu visite au Pape. Celui-ci leur a fait un petit discours, dont <persName ref="#PB">P. Braffort</persName> possède le texte. On le prie vivement de nous communiquer ce texte lors d’une prochaine séance.)</p>
     <p>
      <persName ref="#FLL">F. Le Lionnais</persName> : Peut-on classer les <term ref="#alexandrins">alexandrins</term> par <term ref="#rimes">rimes</term> ? Par exemple, ceux de <persName ref="#corneille">Corneille</persName> et <persName ref="#racine">Racine</persName>, puisqu’ils sont déjà répertoriés.</p>
     <p>
      <persName ref="#PB">P. Braffort</persName> : Oui. C’est très facile.</p>
     <p>
      <persName ref="#RQ">R. Queneau</persName> : Peut-on découvrir les <term ref="#alexandrinsinvolontaires">alexandrins involontaires</term> existant dans une œuvre en prose ? Par exemple dans <persName ref="#saintthomas">Saint-Thomas</persName> ?</p>
     <p>
      <persName ref="#PB">P. Braffort</persName> : Oui. Mais ce sera beaucoup plus difficile. Et il y aura du déchet.</p>
     <p>
      <persName ref="#L">Latis</persName> : Il n’existe pas d’<term ref="#alexandrins">alexandrins</term> en latin…</p>
     <p>
      <persName ref="#RQ">R. Queneau</persName> : Certes. Mais on peut trouver des <term ref="#alexandrins">alexandrins</term> français dans de la prose latine.</p>
     <p>(Dubitation chez certains.)</p>
     <p>
      <persName ref="#RQ">R. Queneau</persName> : Pour en revenir à <persName ref="#corneille">Corneille</persName> et <persName ref="#racine">Racine</persName>, on pourrait composer une tragédie <term ref="#birimes">bi-rimes</term> sur leurs <term ref="#vers">vers</term>. Que l’on signerait <persName ref="#cornine">Cornine</persName> ou <persName ref="#raceille">Raceille</persName>.</p>
     <p>
      <persName ref="#FLL">F. Le Lionnais</persName> : Parfaitement ! Il faudrait alors établir les <term ref="#intersections">intersections</term> existant entre les personnages, les situations, les époques, les pays, etc.</p>
     <p>
      <persName ref="#PB">P. Braffort</persName> : Ce devrait être assez facile, à cause de la faible <term ref="#information">information</term> contenue dans chaque <term ref="#vers">vers</term>.</p>
     
      <pb xml:id="p11" n="11"/>
    
     <p>Sur ces paroles d’espoir, la séance est levée.</p>
     <p>La prochaine réunion aura lieu :</p>
     <p>LE JEUDI 17 AOUT, à 18 HEURES</p>
     <p>Dans les jardins du Régent de Stratégie et Tactique Scacchiale et de Chrononomie, sis au</p>
     <p>23 route de la Reine (rez-de-chaussée à droite), BOULOGNE (Seine)</p>
     <p>Pour le Secrétaire D. Définitif</p>
     <p>
      <persName ref="#ythiermarchant">Ythier Marchant</persName>, S. P.</p>
     <p>Communiqué</p>
     <p>A la suite d’un vœu (et pour remplir dignement les fonxions de sa charge), le Secrétaire Provisoire a décidé d’adhérer à la Ligue Antialcoolique. Il a l’intention de créer, avec les deux autres membres prohibiteurs (<persName ref="#amschmidt">A.M. Schmidt</persName> et <persName ref="#L">Latis</persName>), la Sous-Commission de l’Oulipo minérale.</p>
   </body>
  </text>
</TEI>
