<?xml version="1.0" encoding="utf-8"?>
<?xml-model href="../difdepo.rnc" type="application/relax-ng-compact-syntax"?>
<TEI xmlns="http://www.tei-c.org/ns/1.0" xml:id="t10010324-1989-02-oj">
	<teiHeader>
		<fileDesc>
			<titleStmt>
				<title>Transcription du scan 10010324 pp. 3 à 3 (CR) : version TEI</title>
				<respStmt>
					<resp>transcription et balisage</resp>
					<name>Chiara Mainardi</name>
				</respStmt>
			</titleStmt>

			<publicationStmt>
				<p>Edition numérique distribué par le projet ANR DifDePo</p>
			</publicationStmt>
			<sourceDesc>
				<bibl>
					<idno type="ark">12148/btv1b10010324q</idno><idno type="ead">d0e8106</idno><idno>t10010324-1989-02-oj</idno>
					<title>Ordre de jour de <ref target="t10010324-1989-02">la réunion Oulipo</ref>
						du <date when="1989-02-13"/></title>
				</bibl>
			</sourceDesc>
		</fileDesc>
		<revisionDesc>
			<listChange>
				<change when="2016-11-25">Validation</change>
				<change>
					<date>2017-01-25</date>
					<name>Hélène Campaignolle</name>
				</change>
			</listChange>
		</revisionDesc>
	</teiHeader>
	<text type="OJ">
		<body>
			<pb n="3" xml:id="p3"/>
			<p rend="incipit">Oulipo ordre du jour <date>13.2.89</date></p>
			<p>Président: <persName ref="#NA">NA</persName>, Secrétaire: <persName ref="#MB">MB</persName>, Lieu: chez
					<persName ref="#HM">HM</persName>, <persName ref="#NA">Arnaud</persName>, <persName ref="#PB">PB</persName>,
					<persName ref="#FC">FC</persName></p>
			<p>Excusés: <persName ref="#CB">Berge</persName></p>
			<p>
				<label type="rubrique">Création</label>
			</p>
			<list type="unordered">
				<item><persName ref="#MB">Marcel Bénabou</persName> : les <del>Compléments</del> la Poésie
					paronynymiques</item>
				<item><persName ref="#FCfrancois     caradecfrancois     caradecfrancois     caradecfrancois     caradecfrancois     caradecfrancois     caradecfrancois     caradecfrancois     caradecfrancois     caradec">François Caradec</persName> : Défi de Roubaud</item>
			</list>
			<p>
				<label type="rubrique">Erudition</label>
			</p>
			<list type="unordered">
				<item><persName ref="#gabrieldelautrec">Gabriel de Lautrec</persName> (<persName ref="#FC">Caradec</persName>)</item>
				<item><persName ref="#CB">Berge</persName> : <persName ref="#renaudpalisse">Renaud Palisse</persName>
						(<persName ref="#JJ">Jacques Jouet</persName>)</item>
				<item><persName ref="#NA">Arnaud</persName>: Métrologie la relation π/ sin1</item>
				<item><persName ref="#NA">Arnaud</persName>: Relation
						<persName ref="#bataille">Bataille</persName>/<persName ref="#RQ">Queneau</persName></item>
				<item><persName ref="#FC">Caradec</persName>: Prière (un et/ou une) d'insérer</item>
				<item>Jacques Rouband: L'Oulipisme est-il <unclear> un maniérisme </unclear></item>
				<item>Jacques Rouband: <persName ref="#carloporta">Carlo Porta</persName></item>
			</list>
			<p>
				<label type="rubrique">Action</label>
			</p>
			<list type="unordered">
				<item>
					<persName ref="#MB">MB</persName> Quebec </item>
				<item><persName ref="#PF">Paul Fournel</persName>: le 4 mars</item>
			</list>
			<p>
				<label type="rubrique">Menus propos</label>
			</p>
			<list type="unordered">
				<item><persName ref="#harrymatthews">Harry Matthews</persName>: Bac de Français <lb/>Dernier opéra de
					Jonhson</item>
				<item>Jacques Roubaud: Influence de l'Oulipo sur les <unclear>frères de
						Californie</unclear></item>
			</list>
			<p>Au <placeName ref="#moulindande">Moulin d'Andé</placeName>?</p>
			<p>Prochaine réunion le 17 mars <lb/>(peut-être chez <persName ref="#FCfrancois     caradecfrancois     caradecfrancois     caradecfrancois     caradecfrancois     caradecfrancois     caradecfrancois     caradecfrancois     caradecfrancois     caradec">François
					Caradec</persName>)</p>
		</body>
	</text>
</TEI>
