<?xml version="1.0" encoding="utf-8"?>
<?xml-model href="../difdepo.rnc" type="application/relax-ng-compact-syntax"?>
<TEI xmlns="http://www.tei-c.org/ns/1.0" xml:id="t10010019-1962-05-cr">
  <teiHeader>
   <fileDesc>
     <titleStmt>
      <title>Transcription du scan 10010019 pp. 1 à 3 (CR) : version TEI</title><respStmt><resp>transcription</resp><name>Invité</name></respStmt>
      
     </titleStmt>
     
     <publicationStmt>
      <p>Edition numérique distribué par le projet ANR DifDePo</p>
     </publicationStmt>
     <sourceDesc>
      <bibl><idno type="ark">12148/btv1b10010019d</idno><idno type="ead">d0e425</idno><idno>t10010019-1962-05-cr</idno><meeting xml:id="t10010019-1962-05"><date when="1962-05-07"/><list type="present"><item><persName ref="#JL"/></item><item><persName ref="#RQ"/></item><item><persName ref="#CB"/></item><item><persName ref="#FLL"/></item><item><persName ref="#NA"/></item><item><persName ref="#JB"/></item><item><persName ref="#JQ"/></item><item><persName ref="#CB"/></item><item><persName ref="#AB"/></item><item><persName role="président" ref="#NA"/></item></list></meeting></bibl>
     </sourceDesc>
   </fileDesc>
   
   <revisionDesc>
     <listChange><change when="2016-04-21T21:29:05Z">Oulipo specific tags added</change>
      <change>
        <date>2016-04-21T20:53:31Z</date>
        <name>Invité</name>
      </change>
     </listChange>
   </revisionDesc>
  </teiHeader>
  <text type="CR">
   <body><pb xml:id="p1" n="1"/>
     
     
     
     
     
     
     
     
     
     
     
     <p rend="incipit">
      <orgName ref="#ouvroirde">
        OUVROIR DE
      </orgName> 
    </p>
     <p rend="incipit">
      <orgName ref="#littterature">
        LITTTERATURE
      </orgName> 
    </p>
     <p rend="incipit">
      <orgName ref="#potentielle">
        POTENTIELLE
      </orgName> 
    </p>
     <p rend="incipit">Circulaire n°21</p>
     <p rend="incipit">COMPTE RENDU DE LA REUNION DU 7 MAI 1962</p>
     <p rend="incipit">PRESENTS : <persName ref="#JL">Lescure</persName> – <persName ref="#JQ">Queval</persName> – <persName ref="#AB">Blavier</persName> – <persName ref="#RQ">Queneau</persName> – <persName ref="#CB">Berge</persName> – <persName ref="#FLL">Le Lionnais</persName> – <persName ref="#NA">Arnaud</persName> – <persName ref="#JB">Bens</persName>.</p>
     <p rend="incipit">Excusés : <persName ref="#AMS">Schmidt</persName> – <persName ref="#L">Latis</persName>.</p>
     <p rend="incipit">ABSENT PAR CONGE SPECIAL : <persName ref="#JD">Duchateau</persName> (délégué de l’OuLiPo au <orgName ref="#festivaldecannes">Festival de Cannes</orgName>).</p>
     <p rend="incipit">PRESIDENT : <persName ref="#NA">Noël Arnaud</persName>.</p>
     <p>Dix minutes sont consacrées à l’installation du magnétophone. On commence, pour constater assez vite que le magnéto ne fonctionne pas. <persName ref="#JL">Lescure</persName> lui applique la méthode <term ref="#s7">S+7</term>, sans résultat notoire. On décide, la mort dans l’âme, de s’en passer. On efface tout (c’est une façon de parler) et on recommence.</p>
     <p>
      <persName ref="#RQ">QUENEAU</persName> : Je voudrais signaler, avant toute chose, que j’ai reçu, à la suite de mes entretiens avec <persName ref="#charbonnier">Charbonnier</persName>, une lettre et une seule, au sujet de la <term ref="#litteraturepotentielle">Littérature Potentielle</term>. Elle émane de <persName ref="#mguychristanrobert">M. Guy-Christan ROBERT</persName>, « Le Salenga », 16 avenue des Arènes de Cimiez, NICE. Je tiens à ce que le nom de ce correspondant, qui a bien mérité de la <term ref="#potentialite">Potentialité</term>, figure dans nos C.R. Puisque j’ai la parole, je la garde pour signaler deux errata relatifs respectivement aux circulaires 18 et 19 : a) <term ref="#paf">PAF</term> n’est pas le nom de la machine de <persName ref="#mstarynkevitch">M. Starynkevitch</persName> mais la langue que cette machine utilise ; b) mon travail sur « Le Vallon » n’est pas le résultat de transformations lettriques mais phonétiques.</p>
     <p>
      <persName ref="#JQ">QUEVAL</persName> : Le début de ce travail devrait être signé Tomartine.</p>
     <p>
      <persName ref="#RQ">QUENEAU</persName> : Et la suite : Tatartine !</p>
     <p>On envisage des solutions pour aménager – ou plutôt : pour créer- le budget de l’OuLiPo.</p>
     <p>
      <persName ref="#JL">LESCURE</persName> : On pourrait demander une subvention à <persName ref="#mmalraux">M. Malraux</persName>.</p>
     <p>
      <persName ref="#CB">BERGE</persName> : On pourrait vendre le <title ref="#dossieroulipo">Dossier OuLiPo</title> dans les kiosques et les gares.</p>
     <p>
      <persName ref="#AB">BLAVIER</persName> : On pourrait demander une subvention au gouvernement belge au titre des relations internationales.</p>
     <p>
      <persName ref="#RQ">QUENEAU</persName> : La publication des CR nous aidera peut-être : <persName ref="#gastongallimard">Gaston Gallimard</persName> fera bien une avance…</p>
     <p>LE S.P : Je dois avouer, à mon grand dam, que j’ai égaré le brouillon d’une des réunions. C’est d’autant plus regrettable que c’est celle où nous avons reçu <persName ref="#mquemada">M. Quemada</persName>.</p>
     
      <pb xml:id="p2" n="2"/>
    
     <p>
      <persName ref="#JL">LESCURE</persName> : Il faudrait que chacun de nous refasse un C.R. d’après les souvenirs qu’il a gardés de cette réunion</p>
     <p>(Enthousiasme médiocre).</p>
     <p>
      <persName ref="#RQ">QUENEAU</persName> : Oui, on pourrait reconstituer cette séance approximativement.</p>
     <p>Aux dernières nouvelles, ce brouillon a été retrouvé par l’imprudent mais opiniâtre Secrétaire Provisoire. D’ailleurs, tous les membres de l’OuLiPo ont actuellement reçu le CR de cette mémorable séance.</p>
     <p>
      <persName ref="#NA">ARNAUD</persName> : Pourrait-on effectuer la publication des C.R. en septembre ?</p>
     <p>LE S.P. : Je peux commencer à en préparer le texte.</p>
     <p>
      <persName ref="#NA">ARNAUD</persName> : Ce jour-là, nous devrons tout à notre cher Secrétaire Provisoire.</p>
     <p>LE S.P. : C’est pas tombé dans l’oreille d’un sourd.</p>
     <p>
      <persName ref="#JL">LESCURE</persName> : Je suppose que nous joindrons aux C.R. les documents que nous possédons ?</p>
     <p>
      <persName ref="#RQ">QUENEAU</persName> : Certainement. Je pense même que ces documents devraient être inclus dans le courant des C.R., et non reportés en annexes.</p>
     <p>(Approbation générale).</p>
     <p>
      <persName ref="#NA">Arnaud</persName> parle des <term ref="#machines">machines</term>.</p>
     <p>On discute sur les statuts :</p>
     <p>X… (pardon !) : Ne pourrions-nous créer, et chercher ensuite, des membres bienfaiteurs ?</p>
     <p>
      <persName ref="#RQ">QUENEAU</persName> : Excellente idée. Nous pourrions contacter Monsieur de … et Madame de … (Anonymat respecté, suivant le vœu de qui-de-droit). A propos, avez-vous vu le dernier slogan de la <orgName ref="#maisonvilmorinandrieux">maison Vilmorin-Andrieux</orgName> ? C’est charmant : « Je t’aime, on sème… » C’est sûrement une idée de <persName ref="#louisedevilmorin">Louise de Vilmorin</persName>. D’ailleurs, il y a quelques années, elle avait déjà dit à <persName ref="#gg">G.G</persName> [<persName ref="#gastongallimard">Gaston Gallimard</persName>]: « Je méditerai, tu m’éditeras… »</p>
     <p>
      <persName ref="#JB">BENS</persName> : Je proteste. J’ai trouvé cette astuce dans plusieurs éditions de l’<title ref="#almanachvermot">Almanach Vermot</title>. D’avant-guerre.</p>
     <p>
      <persName ref="#RQ">QUENEAU</persName> : Il n’est pas interdit d’utiliser l’<title ref="#almanachvermot">Almanach Vermot</title>. D’ailleurs, je propose la mise en œuvre d’une <term ref="#machine">machine</term> à utiliser cet excellent outil de travail.</p>
     <p>
      <persName ref="#FLL">LE LIONNAIS</persName> : Messieurs, messieurs, revenons à nos moutons, je veux dire à nos membres. Je crois que la différence entre les correspondants et les associés doit faire intervenir d’une part, l’éloignement ; d’autre part, notre désir de les voir.</p>
     
      <pb xml:id="p3" n="3"/>
    
     <p>
      <persName ref="#JB">BENS</persName> : Au fond, l’éloignement est une notion inutile.</p>
     <p>
      <persName ref="#FLL">LE LIONNAIS</persName> : C’est vrai. On pourrait donc supprimer des correspondants l’impératif xénique. D’ailleurs, je propose d’intervertir les termes : je préfèrerais que l’on appelât associés ceux qui nous sont les plus chers.</p>
     <p>(Adopté)</p>
     <p>
      <persName ref="#JB">BENS</persName> : Quant aux honoraires, êtes-vous d’accord pour les conserver ?</p>
     <p>
      <persName ref="#RQ">QUENEAU</persName> : Je ne suis pas d’accord : les fondateurs resteront fondateurs, quoi qu’il advienne. Tu es OuLiPolus in aeternum.</p>
     <p>
      <persName ref="#FLL">LE LIONNAIS</persName> ! Il est peut-être nécessaire de donner une autre définition des honoraires. Par exemple, au terme d’une longue carrière…</p>
     <p>
      <persName ref="#RQ">QUENEAU</persName> : On devrait nommer membres bienfaiteurs ceux qui possèdent une machine et sont décidés à nous en faire bénéficier… A ce propos, je vous signale que <persName ref="#mstarynkevitch">M. Starynkevitch</persName> m’a envoyé un faux annuaire de téléphone, fabriqué par sa machine, avec de faux noms de personnes et de rues.</p>
     <p>
      <persName ref="#NA">ARNAUD</persName> : on pourrait le publier en annexe dans le C.R. général !</p>
     <p>
      <persName ref="#FLL">LE LIONNAIS</persName> : Messieurs, je serais heureux de récupérer, s’il est possible, mon haut de forme et mon gong. Afin d’impressionner d’autres assemblées que les nôtres. Par ailleurs, je crois que nous pouvons envisager dès à présent les <name>festivités de la Route de la Reine.</name> 
    </p>
     <p>
      <persName ref="#AB">BLAVIER</persName> : De mon côté je vais tâcher de faire inviter l’OuLiPo à Liège.</p>
     <p>
      <persName ref="#JL">LESCURE</persName> : Dans un petit bouchon !</p>
     <p>La prochaine réunion de l’OuLiPo aura lieu, au même restaurant du VIEUX PARIS le</p>
     <p>LUNDI 4 JUIN 1962</p>
     <p>La réception chez le Régent <persName ref="#lionnais">Lionnais</persName> aura probablement lieu le 2 juillet. Mais confirmation en sera prise (et donné) lors de la prochaine réunion.</p>
     <p>La réception à Liège n’aura pas lieu avant le mois de septembre.</p>
     <p>Le Secrétaire Pro.</p>
   </body>
  </text>
</TEI>
