<?xml version="1.0" encoding="utf-8"?>
<?xml-model href="../difdepo.rnc" type="application/relax-ng-compact-syntax"?>
<TEI xmlns="http://www.tei-c.org/ns/1.0" xml:id="t10010013-1961-11-cr">
  <teiHeader>
   <fileDesc>
     <titleStmt>
      <title>Transcription du scan 10010013 pp. 1 à 7 (CR) : version TEI</title><respStmt><resp>transcription</resp><name>Chris</name></respStmt>
      
     </titleStmt>
     
     <publicationStmt>
      <p>Edition numérique distribué par le projet ANR DifDePo</p>
     </publicationStmt>
     <sourceDesc>
      <bibl><idno type="ark">12148/btv1b10010013q</idno><idno type="ead">d0e310</idno><idno>t10010013-1961-11-cr</idno><meeting xml:id="t10010013-1961-11"><date when="1961-11-14"/><placeName ref="#restaurantlaborderie">restaurant Laborderie</placeName><list type="present"><item><persName ref="#JQ"/></item><item><persName ref="#RQ"/></item><item><persName ref="#FLL"/></item><item><persName ref="#JL"/></item><item><persName ref="#JD"/></item><item><persName ref="#NA"/></item><item><persName ref="#AMS"/></item><item><persName role="président" ref="#L"/></item></list></meeting></bibl>
     </sourceDesc>
   </fileDesc>
   
   <revisionDesc>
     <listChange><change when="2016-04-21T21:29:01Z">Oulipo specific tags added</change>
      <change>
        <date>2016-04-21T20:53:04Z</date>
        <name>Chris</name>
      </change>
     </listChange>
   </revisionDesc>
  </teiHeader>
  <text type="CR">
   <body><pb xml:id="p1" n="1"/>
     
     
     
     
     
     
     
     
     
     
     
     <p rend="incipit">OUVROIR DE</p>
     <p rend="incipit">LITTERATURE</p>
     <p rend="incipit">POTENTIELLE</p>
     <p rend="incipit">Circulaire n°15</p>
     <p rend="incipit">REUNION DU 14 NOVEMBRE 1961</p>
     <p rend="incipit">PRESENTS : <persName ref="#JQ">QUEVAL</persName>, <persName ref="#RQ">QUENEAU</persName>, <persName ref="#FLL">LE LIONNAIS</persName>, <persName ref="#JL">LESCURE</persName>, <persName ref="#L">LATIS</persName>, <persName ref="#JD">DUCHATEAU</persName>,</p>
     <p rend="incipit">
      <persName ref="#NA">ARNAUD</persName>, <persName ref="#AMS">SCHMIDT</persName>.</p>
     <p rend="incipit">EXCUSES : <persName ref="#CB">BERGE</persName>, <persName ref="#JB">BENS</persName>.</p>
     <p rend="incipit">PRESIDENT : <persName ref="#L">LATIS</persName>.</p>
     <p>(Note préliminaire : la dernière circulaire, numérotée 13, était en réalité la quatorzième. Prière de rectifier à la main sur votre exemplaire. Merci.)</p>
     <p>
      <persName ref="#L">LATIS</persName> : Je vais être obligé de parler de nouveau du <title ref="#dossierducollege">Dossier du Collège</title> consacré à l’OuLiPo.</p>
     <p>(Lourd silence)</p>
     <p>
      <persName ref="#L">LATIS</persName> : Un lucide examen du sommaire, effectué avec le <persName ref="#provediteurediteurgeneralrobillot">Provéditeur-Editeur Général Robillot</persName>, me fait, nous fait craindre que les activités de l’OuLiPo ne paraissent bien maigres.</p>
     <p>
      <persName ref="#RQ">QUENEAU</persName> : Le <persName ref="#provediteurediteurgeneral">Provéditeur-Editeur Général</persName> est pragmatique. Un bon numéro vaut mieux que deux.</p>
     <p>
      <persName ref="#L">LATIS</persName> : Ce numéro peut donner l’impression que la montagne accouche d’une souris. Nos lecteurs sont difficiles. Et nous devons bien constater que, dès que l’OuLiPo a eu quelque chose à faire, il n’a plus rien fait.</p>
     <p>
      <persName ref="#NA">ARNAUD</persName> : Ce dossier ne représente pas les intentions de l’<orgName ref="#oulipo">OuLiPo</orgName>, ni ne figure ses buts.</p>
     <p>
      <persName ref="#L">LATIS</persName> : C’est mon avis, et je le partage.</p>
     <p>
      <persName ref="#JQ">QUEVAL</persName> : Eh bien, vous voilà trois : <persName ref="#L">Latis</persName>, <persName ref="#NA">Arnaud</persName> et <persName ref="#L">Latis</persName> qui est d’accord avec tous les deux.</p>
     <p>
      <persName ref="#FLL">LE LIONNAIS</persName> : Etait-on réellement prêt ? Mieux : pouvons-nous, étant donné la nature de nos travaux, décider à l’avance que nous serons toujours prêts à date fixe ?</p>
     <p>
      <persName ref="#NA">ARNAUD</persName> : Il n’est pas question que l’OuLiPo se soumette au rythme de parution d’une revue.</p>
     <p>
      <persName ref="#FLL">LE LIONNAIS</persName> : Peut-être faudrait-il revoir nos méthodes de travail. Nous pourrions, par exemple, créer des sous-commissions.</p>
     <p>
      <persName ref="#NA">ARNAUD</persName> : L’OuLiPo est déjà une sous-commission…</p>
     
      <pb xml:id="p2" n="2"/>
    
     <p>
      <persName ref="#FLL">LE LIONNAIS</persName> : Disons, si vous voulez, des sous-sous-commissions de la S.C. de l’OuLiPo.</p>
     <p>
      <persName ref="#JL">LESCURE</persName> : Le <persName ref="#satrape">Satrape</persName> a raison.</p>
     <p>
      <persName ref="#FLL">LE LIONNAIS</persName> : Vous me flattez.</p>
     <p>
      <persName ref="#JL">LESCURE</persName> : Je n’ai pas de mémoire.</p>
     <p>(Rappelons que le <persName ref="#datairebens">dataire Bens</persName> s’est déjà vu décerner le même titre de <persName ref="#satrape">Satrape</persName> par le <persName ref="#tsraymondqueneau">TS Raymond Queneau</persName>. Décidément, c’est une dénomination bien galvaudée.)</p>
     <p>
      <persName ref="#FLL">LE LIONNAIS</persName> : Réunis en petits groupes de travail, nous pourrions plus aisément chercher la généralisation des règles ou méthodes que nous aurions découvertes. D’autre part, nous aurions la possibilité d’appliquer systématiquement ces <term ref="#regles">règles</term> ou <term ref="#methodes">méthodes</term> à de nombreux textes.</p>
     <p>
      <persName ref="#laserveuse">LA SERVEUSE</persName> : Tomates nature, tomates-concombres…</p>
     <p>
      <persName ref="#L">LATIS</persName> : Justement…</p>
     <p>
      <persName ref="#laserveuse">LA SERVEUSE</persName> : Voici le beurre.</p>
     <p>
      <persName ref="#L">LATIS</persName> … je me suis penché sur la <term ref="#redondance">redondance</term>. J’ai étudié la <term ref="#redondance">redondance</term> chez <persName ref="#‘mond‘neau">‘mond ‘neau</persName>. Voici ce que cela donne.</p>
     <p>(Lecture des <term ref="#oulipotages">OuLiPotages</term> de <persName ref="#L">Latis</persName>. Leur publication dans le <title ref="#dossier">Dossier</title> est adoptée.)</p>
     <p>
      <persName ref="#L">LATIS</persName> : D’une manière analogue, j’ai fait appel à deux <persName ref="#regentsducollege">Régents du Collège</persName> pour appliquer la <term ref="#methodelescuriennes7">méthode lescurienne S+7</term> à des textes tirés de la <title ref="#bible">Bible</title>.</p>
     <p>(Lecture est également faite de ces traitements.)</p>
     <p>
      <persName ref="#AMS">SCHMIDT</persName> : C’est du <persName ref="#fabredolivet">Fabre d’Olivet</persName>.</p>
     <p>
      <persName ref="#FLL">LE LIONNAIS</persName> : Il est certain que la <title ref="#bible">Bible</title> prend ici un intérêt tout-à-fait nouveau.</p>
     <p>
      <persName ref="#L">LATIS</persName> : Ce qui serait intéressant, c’est de traiter le texte hébreu lui-même, au moyen d’un dictionnaire hébraïque quelconque. Puis, de traduire le résultat.</p>
     <p>
      <persName ref="#AMS">SCHMIDT</persName> : En tout cas, le <term ref="#geniedeslangues">génie des langues</term> apparaît dans chaque texte.</p>
     <p>
      <persName ref="#FLL">LE LIONNAIS</persName> : La <term ref="#densite">densité</term>.</p>
     <p>
      <persName ref="#AMS">SCHMIDT</persName> : La <term ref="#gnome">gnomè</term> de la langue hébraïque.</p>
     <p>
      <persName ref="#RQ">QUENEAU</persName> : Nous avons donc eu raison de ne rien faire.</p>
     <p>
      <persName ref="#JL">LESCURE</persName> : En somme, ce que <persName ref="#L">Latis</persName> a fait, c’est de la <term ref="#prospection">prospection</term>.</p>
     <p>
      <persName ref="#JQ">QUEVAL</persName> : Bravo.</p>
     <p>
      <persName ref="#FLL">LE LIONNAIS</persName> : Sans doute faut-il étendre notre action. Ce traitement de la <title ref="#bible">Bible</title> nous permet dès à présent d’envisager une généralité de la <term ref="#methodelescurienne">méthode lescurienne</term>. Nous pourrions poser : <term ref="#sfn">S = f(n)</term>. <lb/>
    </p>
     
      <pb xml:id="p3" n="3"/>
    
     <p>L’on pourrait songer à des <term ref="#additions">additions</term> de textes, ou à des <term ref="#multiplications">multiplications</term>. Par exemple : <term ref="#additionner">additionner</term> la <title ref="#bible">Bible</title> à la <title ref="#famillefenouillard">Famille Fenouillard</title>.</p>
     <p>
      <persName ref="#laserveuse">LA SERVEUSE</persName> : Les poulets, c’est pour qui ?</p>
     <p>
      <persName ref="#JQ">QUEVAL</persName> : Mangeons.</p>
     <p>
      <persName ref="#JL">LESCURE</persName> : Mangeons.</p>
     <p>
      <persName ref="#RQ">QUENEAU</persName> : Moi, je n’ai aucune communication à faire.</p>
     <p>
      <persName ref="#JQ">QUEVAL</persName> : Eh bien, mangeons tous.</p>
     <p>
      <persName ref="#L">LATIS</persName> : J’ai quelques remarques à vous présenter sur l’importance de la <term ref="#dierese">diérèse</term> dans les <term ref="#tragedies">tragédies</term> de <persName ref="#racine">Racine</persName>. Les premiers <term ref="#vers">vers</term> de ces <term ref="#tragedies">tragédies</term> contiennent souvent des allusions singulières. En voici quelques exemples :</p>
     <list type="unordered">
      <item>
        <persName ref="#berenice">BERENICE</persName> :Arrêtons un moment ; la pompe de ces lieux</item>
    </list>
     <p>Je le vois bien, <persName ref="#arsace">Arsace</persName>, est nouvelle à vos yeux.</p>
     <p>Souvent, ce cabinet, superbe et solitaire,</p>
     <p>Des secrets de <persName ref="#titus">Titus</persName> est le dépositaire.</p>
     <list type="unordered">
      <item>
        <persName ref="#bajazet">BAJAZET</persName> :Viens, suis-moi. La sultane en ce lieu doit se rendre.</item>
      <item>
        <persName ref="#iphigenie">IPHIGENIE</persName> : Oui, c’est <persName ref="#agamemnon">Agamemnon</persName>…</item>
    </list>
     <p>…</p>
     <p>C’est vous-même, Seigneur ? Quel important besoin</p>
     <p>Vous a fait devancer l’aurore de si loin ?</p>
     <p>Je vous engage à chercher dans les autres pièces, et je vous promets des découvertes.</p>
     <p>
      <persName ref="#L">LATIS</persName> : Pour étoffer notre numéro, il m’a semblé que l’on pourrait y joindre une sorte de compte-rendu général des séances. Naturellement, il faudrait doser l’ensemble.</p>
     <p>
      <persName ref="#JQ">QUEVAL</persName> : Doser ou d’oser…</p>
     <p>
      <persName ref="#L">LATIS</persName> : Qu’il me soit permis de faire une suggestion au <persName ref="#tsraymondqueneau">TS Raymond Queneau</persName>. Il manque au <title ref="#dossierlalitteraturepotentielle">Dossier la Littérature Potentielle</title> sous son jour le plus <term ref="#potentiel">potentiel</term>.</p>
     <p>
      <persName ref="#JQ">QUEVAL</persName> : Ouais.</p>
     <p>
      <persName ref="#L">LATIS</persName> : Le <persName ref="#satrape">Satrape</persName> pourrait indiquer des voies de <term ref="#developpement">développement</term>. En quelque sorte, l’idée platonicienne de la <term ref="#lipo">LiPo</term> est infléchie. Le <persName ref="#satrape">Satrape</persName> doit la rétablir dans sa Postface.</p>
     <p>
      <persName ref="#AMS">SCHMIDT</persName> : On aura une communication de <persName ref="#jeannocher">Jean Nocher</persName>.</p>
     <p>
      <persName ref="#NA">ARNAUD</persName> : Jusqu’ici, il s’agit plutôt d’une <term ref="#litteratureprepotentienne">Littérature Prépotentienne</term>.</p>
     <p>
      <persName ref="#RQ">QUENEAU</persName> : Nous sommes les <persName ref="#kepler">Képler</persName> des futurs <persName ref="#newton">Newton</persName>.</p>
     <p>
      <persName ref="#L">LATIS</persName> : Et l’<term ref="#illustration">illustration</term> ? Ne pourrait-on avoir quelques <term ref="#photographies">photographies</term> ? Nous aurons celle du <persName ref="#tsqueneau">TS Queneau</persName> décorant le <persName ref="#rtlelionnais">Rt Le Lionnais</persName>. Nous aurons</p>
     
      <pb xml:id="p4" n="4"/>
    
     <p>aussi la machine de <persName ref="#swift">Swift</persName>. Peut-être un portrait de <persName ref="#galois">Galois</persName>…A propos de <persName ref="#galois">Galois</persName>, j’ai relu l’inventaire de <persName ref="#JB">Bens</persName>. Et je crois que l’émotion vient, non du texte lui-même, mais de ce que l’on sait de la vie de <persName ref="#galois">Galois</persName> qui est, évidemment, très émouvante. </p>
     <p>
      <persName ref="#JQ">QUEVAL</persName> : Je suis en train de relire le-plus-grand-romancier-français-vivant, je veux dire : <persName ref="#simenon">Simenon</persName>. Lorsque <persName ref="#simenon">Simenon</persName> écrit : “Il s’assit en face d’un homme qui lui tournait le dos”, qu’est-ce qu’il veut dire ? C’est du <term ref="#pasticheinvolontaire">pastiche involontaire</term>, dira-t-on. Oui, peut-être. Il me semble que nous pourrions établir un petit inventaire des choses à ne plus utiliser, des <term ref="#perspectives">perspectives</term> où nous n’avons pas à nous engager. Le <term ref="#populisme">populisme</term>, c’est comme les cuisinières.</p>
     <p>
      <persName ref="#FLL">LE LIONNAIS</persName> : Quelle imagination.</p>
     <p>
      <persName ref="#JQ">QUEVAL</persName> : Non, c’est un exemple.</p>
     <p>
      <persName ref="#JL">LESCURE</persName> : La cuisinière, quelle cuisinière ?</p>
     <p>
      <persName ref="#JQ">QUEVAL</persName> : La cuisinière d’autrefois, avec les belles casseroles.</p>
     <p>
      <persName ref="#JL">LESCURE</persName> : La cuisinière à charbon ?</p>
     <p>
      <persName ref="#laserveuse">LA SERVEUSE</persName> : Il y a quelque chose qui ne va pas ?</p>
     <p>(Personne ne lui répond, sauf <persName ref="#JD">Duchateau</persName> qui, d’un signe, lui indique que tout va bien.)</p>
     <p>
      <persName ref="#JQ">QUEVAL</persName> : Quand le père <persName ref="#lamartine">Lamartine</persName> écrivait : “Objets inanimés”, etc.…, ça correspondait à un monde où il y avait des cuisinières. Maintenant, c’est fini. Ces voies-là nous sont fermées.</p>
     <p>
      <persName ref="#FLL">LE LIONNAIS</persName> : l’<term ref="#antepotentialisme">antepotentialisme</term>…</p>
     <p>
      <persName ref="#L">LATIS</persName> : <persName ref="#valery">Valéry</persName> suggérait un recueil des débuts de romans.</p>
     <p>
      <persName ref="#RQ">QUENEAU</persName> : Il y a aussi “<title ref="#limitationdesoichezcorneille">L’Imitation de soi chez Corneille</title>”, de <persName ref="#francoisrostand">François Rostand</persName>.</p>
     <p>
      <persName ref="#L">LATIS</persName> : On ne peut reprocher aux gens de continuer à parler leur <term ref="#langage">langage</term>.</p>
     <p>
      <persName ref="#FLL">LE LIONNAIS</persName> : Bien sûr, mais il conviendrait d’établir une distinction entre parler le même <term ref="#langage">langage</term> et dire la même chose.</p>
     <p>
      <persName ref="#L">LATIS</persName> : Une dernière remarque concernant la fameuse définition de la <term ref="#philosophie">philosophie</term>. La définition donnée par le <persName ref="#datairebens">dataire Bens</persName> n’est pas mauvaise, mais ce n’est pas celle que j’avais donnée. D’ailleurs, je n’ai jamais parlé de mauvaise ou de bonne définition de la <term ref="#philosophie">philosophie</term>…</p>
     <p>
      <persName ref="#NA">ARNAUD</persName> : Et ce n’était pas la définition de <persName ref="#L">Latis</persName>, mais une citation…</p>
     
      <pb xml:id="p5" n="5"/>
    
     <p>
      <persName ref="#L">LATIS</persName> : … d’un vieux latiniste nommé <persName ref="#francois">François</persName>.</p>
     <p>
      <persName ref="#L">LATIS</persName> : Autre rectification : la <term ref="#methodepiscator">méthode Piscator</term> (le <term ref="#decalagedesrepliques">décalage des répliques</term>) est de <persName ref="#madameleipiscator">Madame Lei-Piscator</persName>, veuve de <persName ref="#piscator">Piscator</persName>, devenue <persName ref="#lei">Lei</persName> on ne sait à la suite de quelles circonstances.</p>
     <p>
      <persName ref="#FLL">LE LIONNAIS</persName> : On a supprimé <persName ref="#shakespeare">Shakespeare</persName> ? C’est dommage, parce que si <persName ref="#shakespeare">Shakespeare</persName>, c’est que je meurs ; et si je meurs, je veux commentaire…</p>
     <p>
      <persName ref="#AMS">SCHMIDT</persName> : Je voudrais vous parler de deux textes de <persName ref="#ludwigharig">Ludwig Harig</persName>, qui peuvent présenter quelques caractères <term ref="#experimentaux">expérimentaux</term>, sinon <term ref="#potentiels">potentiels</term>. Le premier part de quelques phrases traitées comme des <term ref="#symptomesprimitifs">symptômes primitifs</term>. Ces phrases forment le prétexte d’<term ref="#associationslibres">associations libres</term> qui circonscrivent des <term ref="#themesinconscients">thèmes inconscients</term>. Le sujet en est : la Côte d’Azur. Le second texte s’efforce d’appliquer aux mots les <term ref="#regles">règles</term> de la fugue. Cette sorte de “<term ref="#fuguedelaparole">Fugue de la Parole</term>” est <term ref="#musicalement">musicalement</term> exacte. Ces <term ref="#methodes">méthodes</term> sont donc intéressantes. Mais les résultats sont un peu décevants, parce qu’ils paraissent ressortir à un <term ref="#expressionnisme">expressionnisme</term> assez dépassé aujourd’hui.</p>
     <p>
      <persName ref="#FLL">LE LIONNAIS</persName> : Ce que vient de dire <persName ref="#AMS">Albert-Marie Schmidt</persName> me semble appeler quelques remarques. D’abord, il faudrait pouvoir faire la différence entre les procédés et la poésie qui peut (ou non) en résulter. Au fond, notre rôle est d’inventer des procédés et de les lancer pour que la poésie s’en empare.</p>
     <p>
      <persName ref="#AMS">SCHMIDT</persName> : C’est dangereux.</p>
     <p>
      <persName ref="#FLL">LE LIONNAIS</persName> : Celui qui a lancé le sonnet…</p>
     <p>
      <persName ref="#RQ">QUENEAU</persName> : C’était un poète !</p>
     <p>
      <persName ref="#FLL">LE LIONNAIS</persName> : Peut-être.</p>
     <p>
      <persName ref="#AMS">SCHMIDT</persName> : Nous revenons à l’éternelle question de la <term ref="#subjectivite">subjectivité</term>.</p>
     <p>
      <persName ref="#NA">ARNAUD</persName> : Notre jugement doit porter sur les procédés.</p>
     <p>
      <persName ref="#FLL">LE LIONNAIS</persName> : … Ensuite, il faudrait pouvoir distinguer mathématiques et calcul. Les <term ref="#procedesbooleens">procédés booléens</term> relèvent des mathématiques ; la <term ref="#methodelescurienne">méthode lescurienne</term>, du calcul.</p>
     <p>
      <persName ref="#JL">LESCURE</persName> : Si les mathématiques ne sont pas le calcul, le calcul est dans les mathématiques !</p>
     <p>
      <persName ref="#L">LATIS</persName> : Il vaut mieux que le calcul soit les mathématiques que dans l’airain.</p>
     <p>
      <persName ref="#RQ">QUENEAU</persName> (à <persName ref="#JL">Lescure</persName>) : Note.</p>
     <p>
      <persName ref="#FLL">LE LIONNAIS</persName> : Quand on parle de fugue, il faut prendre des notes. Une autre généralisation de la <term ref="#methodelescurienne">méthode lescurienne</term> pourrait apparaître à l’occasion d’une étude des renversements réels en littérature.</p>
     <p>(Quelqu’un signale que le <persName ref="#datairebens">dataire Bens</persName> s’intéresse au problème de la <term ref="#fugue">fugue</term>.)</p>
     
      <pb xml:id="p6" n="6"/>
    
     <p>
      <persName ref="#FLL">LE LIONNAIS</persName> : L’intérêt de la communication d’<persName ref="#AMS">Albert-Marie Schmidt</persName> me semble résider en ceci : elle devrait nous amener à ouvrir dans l’OuLiPo une…</p>
     <p>
      <persName ref="#L">LATIS</persName> : … intermission …</p>
     <p>
      <persName ref="#FLL">LE LIONNAIS</persName> : … tendant à considérer les travaux internationaux de LiPo.</p>
     <p>
      <persName ref="#RQ">QUENEAU</persName> : Ah voui. Le <orgName ref="#groupeallemand">groupe allemand</orgName>.</p>
     <p>
      <persName ref="#AMS">SCHMIDT</persName> : Il y a aussi un <orgName ref="#groupebelge">groupe belge</orgName>.</p>
     <p>
      <persName ref="#L">LATIS</persName> : Ah, les Belges ! Alors !</p>
     <p>
      <persName ref="#FLL">LE LIONNAIS</persName> : Pas de nationalisme.</p>
     <p>
      <persName ref="#L">LATIS</persName> : Ce n’est pas du nationalisme, c’est du racisme. Et je m’en <term ref="#lumumbise">lumumbise</term>.</p>
     <p>
      <persName ref="#NA">ARNAUD</persName> : Sur les deux joues.</p>
     <p>
      <persName ref="#FLL">LE LIONNAIS</persName> : Un saut trouve toujours un plus sot qui l’admire.</p>
     <p>
      <persName ref="#RQ">QUENEAU</persName> : Note. Je propose que l’on demande aux éléments éloignés de nous signaler, suffisamment à temps, leurs passages à Paris. Par exemple : Guiraud, à Groningue ; Quemada, à Besançon ; Bense, à quelque part. Il y a sans doute d’autres noms à citer et à agréger.</p>
     <p>
      <persName ref="#NA">ARNAUD</persName> : J’aimerais vous signaler le projet de création d’un <orgName ref="#institutinternationalduneologisme">Institut International du Néologisme</orgName>, dont <persName ref="#RQ">Queneau</persName> sera sans doute président d’honneur. Est-ce qu’un tel Institut vous semble piétiner les platebandes OuLiPiennes ? (Silence. Il se répond :) Non.</p>
     <p>
      <persName ref="#FLL">LE LIONNAIS</persName> : La création des mots ne devrait pas nous être étrangère.</p>
     <p>
      <persName ref="#NA">ARNAUD</persName> : Le <term ref="#neobelge">néobelge</term>…</p>
     <p>
      <persName ref="#L">LATIS</persName> : A mort.</p>
     <p>
      <persName ref="#NA">ARNAUD</persName> : Ferdière ?</p>
     <p>
      <persName ref="#L">LATIS</persName> : Quelle salade.</p>
     <p>(La serveuse surgit.)</p>
     <p>
      <persName ref="#NA">ARNAUD</persName> : Pas de jugement de valeur.</p>
     <p>(La serveuse disparaît, perplexe.)</p>
     <p>
      <persName ref="#NA">ARNAUD</persName> : Oui ou non, les <term ref="#neolangages">néolangages</term> sont-ils de la compétence de l’OuLiPo ?</p>
     <p>
      <persName ref="#L">LATIS</persName> : Ne sont-ils pas au-dessus des forces des membres qui…</p>
     <p>
      <persName ref="#RQ">QUENEAU</persName> : Les travaux de <term ref="#neolangage">néolangage</term> sont d’ordre lexicologique, tandis que nos travaux sont syntaxtiques, rhétoriques et poétiques.</p>
     <p>
      <persName ref="#JQ">QUEVAL</persName> : Mon petit grain, c’est <term ref="#potentiel">potentiel</term> : un ptit sédiment.</p>
     
      <pb xml:id="p7" n="7"/>
    
     <p>
      <persName ref="#RQ">QUENEAU</persName> : C’est un objet.</p>
     <p>
      <persName ref="#FLL">LE LIONNAIS</persName> : Pas d’avis. Un objet, voui. Mais la littérature est vocabulaire et syntaxe. Nous pouvons donner des procédés de <term ref="#neologisation">néologisation</term>. On accepte, quitte à préciser par la suite qu’on ne s’en occupe pas. Les procédés de <term ref="#neologisation">néologisation</term> sont de notre domaine. Le <term ref="#neologisme">néologisme</term> en soi, non. Le mot créé est un objet qui s’épuise dans sa consommation. Nous ne devons pas nous limiter dans notre action. La postérité est là qui nous attend, Messieurs, ne l’oublions pas.</p>
     <p>
      <persName ref="#JL">LESCURE</persName> : Cherchons donc le procédé à faire des procédés…</p>
     <p>
      <persName ref="#FLL">LE LIONNAIS</persName> : A l’ordre du jour !</p>
     <p>La prochaine séance aura lieu :</p>
     <p>MARDI 19 DECEMBRE A 12 H 15</p>
     <p>(au lieu de 12 h 30, pour bien marquer le désir qu’a l’OuLiPo d’accroître son effort. Certains avaient proposé 12 h ; des provocateurs, sûrement.)</p>
     <p>Tout pouvoir est donné à <persName ref="#L">Latis</persName> pour bricoler le <title ref="#dossieroulipo">Dossier OuLiPo</title>.</p>
     <p>Vœux à <persName ref="#JB">Bens</persName>, grippé. (Merci. <persName ref="#JB">J.B.</persName>)</p>
     <p>Par intérim :</p>
     <p>
      <persName ref="#JL">J.L</persName>. et <persName ref="#JD">J.D.</persName> 
    </p>
   </body>
  </text>
</TEI>
