<?xml version="1.0" encoding="utf-8"?>
<?xml-model href="../difdepo.rnc" type="application/relax-ng-compact-syntax"?>
<TEI xmlns="http://www.tei-c.org/ns/1.0" xml:id="t10010010-1961-08-cr">
  <teiHeader>
   <fileDesc>
     <titleStmt>
      <title>Transcription du scan 10010010 pp. 1 à 9 (CR) : version TEI</title><respStmt><resp>transcription</resp><name>Natalie Berkman</name></respStmt>
      
     </titleStmt>
     
     <publicationStmt>
      <p>Edition numérique distribué par le projet ANR DifDePo</p>
     </publicationStmt>
     <sourceDesc>
      <bibl><idno type="ark">12148/btv1b10010010c</idno><idno type="ead">d0e255</idno><idno>t10010010-1961-08-cr</idno><meeting xml:id="t10010010-1961-08"><date when="1961-08-28"/><placeName ref="#chezfll">chez FLL</placeName><list type="present"><item><persName ref="#JL"/></item><item><persName ref="#JB"/></item><item><persName ref="#JD"/></item><item><persName ref="#L"/></item><item><persName ref="#NA"/></item><item><persName role="président" ref="#RQ"/></item></list></meeting></bibl>
     </sourceDesc>
   </fileDesc>
   
   <revisionDesc>
     <listChange><change when="2016-04-21T21:29:00Z">Oulipo specific tags added</change>
      <change>
        <date>2016-04-21T20:52:49Z</date>
        <name>Natalie Berkman</name>
      </change>
     </listChange>
   </revisionDesc>
  </teiHeader>
  <text type="CR">
   <body><pb xml:id="p1" n="1"/>
     
     
     
     
     
     
     
     
     
     
     
     <p rend="incipit">OUVROIR DE<lb/>LITTERATURE<lb/>POTENTIELLE</p>
     <p rend="incipit">28 août 1961</p>
     <p rend="incipit">Brigade des Mondanités / Chronique Parisienne</p>
     <p rend="incipit">PARIS AU MOIS D’AOÛT</p>
     <p rend="incipit">C’est le 17 août et dans ses jardins de Boulogne-sur-Seine que le Régent de Stratégie et Tactique Scacchiale et de Chrononomie, Président-Fondateur de l’OuLiPo, a reçu et fort convenablement traité ses sympathiques collègues. On fit le tour du propriétaire et de la propriété, on admira le cèdre, on sonda le puits, on salua gravement Lady Godiva, puis on siffla des kirs correctement dosés<note place="foot" xml:id="ftn1" n="1">
        <p>D’autres <term ref="#alexandrins">alexandrins</term> seront dissimulés. Cherchez-les ! C’est un jeu de vacances. (Aucun prix ne sera décerné.)</p>
      </note>.</p>
     <p rend="incipit">Se trouvaient là, dans l’ordre de leur arrivée : <persName ref="#RQ">Raymond Queneau</persName>, <persName ref="#JL">Jean Lescure</persName> et <persName ref="#JB">Jacques Bens</persName> ; <persName ref="#JD">Jacques Duchâteau</persName> ; enfin, <persName ref="#L">Latis</persName> et <persName ref="#NA">Noël Arnaud</persName>. Plus le Régent et amphitryon précédemment nommé, cela va de soi.</p>
     <p>
      <persName ref="#L">Latis</persName> déploya, au milieu de l’émotion générale, un immense et magnifique portrait de Sa Magnificence, composé et tiré (héliographiquement) par le correspondant de l’OuLiPo en Middlesex, <persName ref="#SC">Stanley Chapman</persName>. Ce portrait fut épinglé contre un mur et suivit les discussions subséquentes avec une attention soutenue par une brise légère.</p>
     <p>L’hôte et organisateur des réjouissances distribua des chaises, des verres et des vivres, et mit à la disposition du président de séance un gong en provenance de Niou-Delly et un chapeau haute-forme flambant neuf.</p>
     <p>Le président de séance fut désigné par <term ref="#lordrealphabetiquepourqi">l’ordre alphabétique Pourqi</term> — et c’était <persName ref="#RQ">Raymond Queneau</persName>, qui se couvrit le chef du haute-forme et réclama le silence en faisant du bruit sur son gong, tel l’athlète d’<persName ref="#arthurrank">Arthur Rank</persName>.</p>
     <p>Le président parla d’abord, pour faire part d’une lettre de M. <persName ref="#jeancocteau">Jean Cocteau</persName> (de l’<orgName ref="#acadefraise">Acadéfraise</orgName>)réclamant (à la suite de la postface aux <title ref="#100000000000000depoemes">100000000000000 de poèmes</title>) un droit de priorité sur la composition de poèmes cousus avec les <term ref="#vers">vers</term> des autres. <persName ref="#JB">Bens</persName> fit astucieusement remarquer que, si le mot <term ref="#centon">centon</term> existait avant <persName ref="#cocteau">Cocteau</persName> (ce qui se démontre), c’est que la chose existait aussi.</p>
     
      <pb xml:id="p2" n="2"/>
    
     <p>
      <persName ref="#L">LATIS</persName> : D’ailleurs, <persName ref="#tristandereme">Tristan Derême</persName> a composé des <term ref="#centons">centons</term>.</p>
     <p>
      <persName ref="#JB">BENS</persName> : Et <persName ref="#charlestrenet">Charles Trenet</persName>, sur des <title ref="#fables">Fables</title> de <persName ref="#lafontaine">La Fontaine</persName>.</p>
     <p>
      <persName ref="#L">LATIS</persName> : Et <persName ref="#jacquesprevert">Jacques Prévert</persName>.</p>
     <p>
      <persName ref="#NA">Noël Arnaud</persName> fit alors remarquer que l’ordre du jour était nourri…</p>
     <p>
      <persName ref="#FLL">LE LIONNAIS</persName> : J’espère que vous aussi !</p>
     <p>…et que, en conséquence, il y avait lieu de ne pas muser.</p>
     <p>
      <persName ref="#RQ">Raymond Queneau</persName> reprit la parole pour signaler avoir reçu de <persName ref="#mstarynkevitch">M. STARYNKEVITCH</persName> (de la <orgName ref="#sepsea">SEPSEA</orgName>) des <term ref="#sonnets">sonnets</term>, extraits des <title ref="#100000000000000depoemes">100000000000000 de poèmes</title>, composés par la <term ref="#machine">machine</term> électronique CAB 500. On souhaita que <persName ref="#mstarynkevitch">M. Starynkevitch</persName> nous précise la méthode utilisée ; on espéra que le choix des <term ref="#vers">vers</term> ne fut pas laissé au hasard.</p>
     <p>
      <persName ref="#FLL">LE LIONNAIS</persName> : Si la <orgName ref="#sepsea">SEPSEA</orgName> a quelque rapport avec la <orgName ref="#sea">SEA</orgName>, dont je connais bien le directeur, nous pourrons peut-être en tirer avantage. (MER-SEA, comme a déjà dit <persName ref="#jacquesprevert">Jacques Prévert</persName>.)</p>
     <p>C’est alors que <persName ref="#L">Latis</persName> déploya le dossier du « <title ref="#dossieroulipo">Dossier OuLiPo</title> ».</p>
     <p>
      <persName ref="#L">LATIS</persName> : Je voudrais préciser, en préambule, que les travaux présentés n’ont d’intérêt que si la méthode utilisée est parfaitement définie à l’avance.</p>
     <p>(Assentiment)</p>
     <p>
      <persName ref="#L">LATIS</persName> : D’autre part, le Régent <persName ref="#FLL">Le Lionnais</persName> utilise, dans ses communications, le terme de <term ref="#litteratureexperimentale">Littérature Expérimentale</term>. Doit-on le conserver ?</p>
     <p>
      <persName ref="#FLL">LE LIONNAIS</persName> : J’ai utilisé ce terme avant la création de <term ref="#litteraturepotentielle">Littérature Potentielle</term>. Je ne vois aucun inconvénient à remplacer celui-là par celui-ci.</p>
     <p>
      <persName ref="#NA">ARNAUD</persName> : Il semble, d’ailleurs, que le mot <term ref="#experimental">expérimental</term> est défini d’une manière, en quelque sorte, historique, et qu’il serait bon que nous marquions la différence.</p>
     <p>(Assentiment)</p>
     <p>
      <persName ref="#L">LATIS</persName> : Je passe à l’examen détaillé. La communication de <persName ref="#JQ">Queval</persName> sur « <title ref="#lesloisdelarticle">Les lois de l’article</title> » n’est pas très convaincante. Cela tient peut-être à un exposé trop bref de la méthode. Pourrait-on demander à <persName ref="#JQ">Queval</persName> de revoir ces textes ?</p>
     <p>
      <persName ref="#JB">BENS</persName> : C’est déjà fait.</p>
     <p>
      <persName ref="#FLL">LE LIONNAIS</persName> : Messieurs, nous posons ici, sans en avoir l’air, un problème fondamental : celui de nos limites. Il est possible de composer des textes qui auront des qualités <term ref="#poetiques">poétiques</term>, <term ref="#surrealistes">surréalistes</term>, <term ref="#fantaisistes">fantaisistes</term> ou autres, sans avoir de qualités <term ref="#potentielles">potentielles</term>. Or, c’est ce dernier caractère qui est essentiel pour nous ; c’est le seul qui doit guider notre choix.</p>
     
      <pb xml:id="p3" n="3"/>
    
     <p>(Très bien, très bien, très bien, très bien, très bien, très bien ! sur tous les bancs.)</p>
     <p>
      <persName ref="#L">LATIS</persName> : Je passe à la communication de <persName ref="#RQ">QUENEAU</persName>. La préface des <title ref="#100000000000000depoemes">100000000000000 de poèmes</title> étant périmée, il serait bon que le <persName ref="#trtsatrape">Trt Satrape</persName> rédigeât un autre texte de présentation. Cette remarque est également visible pour la postface du <persName ref="#regentdestsc">Régent de STSC</persName>.</p>
     <p>
      <persName ref="#RQ">QUENEAU</persName> : Voyez donc <persName ref="#FLL">Le Lionnais</persName> !</p>
     <p>TOUS : Vous aviez promis !</p>
     <p>
      <persName ref="#RQ">QUENEAU</persName> : Vous croyez ?</p>
     <p>
      <persName ref="#JB">BENS</persName> : (joignant le geste à la parole) J’invoque les textes.</p>
     <p>
      <persName ref="#L">LATIS</persName> : Ha-ha : scripta manent.</p>
     <p>
      <persName ref="#RQ">QUENEAU</persName> : Je ne donnerai pas la parole aux scripts.</p>
     <p>
      <persName ref="#NA">ARNAUD</persName> : La préface et la postface prévues vont manquer. Il est essentiel de les remplacer.</p>
     <p>
      <persName ref="#FLL">LE LIONNAIS</persName> : Peut-être qu’un court texte…</p>
     <p>TOUS : Oh !</p>
     <p>
      <persName ref="#FLL">LE LIONNAIS</persName> : …signé <persName ref="#lionneau">Lionneau</persName> ou <persName ref="#quenais">Quenais</persName>…</p>
     <p>
      <persName ref="#NA">ARNAUD</persName> : Après la parution des <title ref="#100000000000000depoemes">100000000000000 de poèmes</title>, nous sommes fondés à penser que <persName ref="#FLL">Le Lionnais</persName> et <persName ref="#RQ">Queneau</persName> ont quelque chose à dire aux générations futures !</p>
     <p>
      <persName ref="#RQ">QUENEAU</persName> : Je retiens un COURT texte. Je crois qu’il faut nous exécuter. Mais c’est à <persName ref="#FLL">Le Lionnais</persName> de commencer.</p>
     <p>
      <persName ref="#NA">ARNAUD</persName> : N’oublions pas qu’il est notre fondateur.</p>
     <p>
      <persName ref="#RQ">QUENEAU</persName> : Je ferai une postface. Courte, mais post.</p>
     <p>
      <persName ref="#FLL">LE LIONNAIS</persName> : Ainsi soit-il.</p>
     <p>Au cours d’un bref intermède improvisé, <persName ref="#JL">Jean Lescure</persName> tenta de s’emparer par surprise du couvre-chef du président. Mais celui-ci rétablit l’ordre, avec la prudence de Saint-Guy et l’autorité de l’éléphant.</p>
     <p>
      <persName ref="#L">LATIS</persName> : Passons maintenant aux communications de notre hôte et Régent. a/ Les <term ref="#centons">centons</term>. Ce que l’on ne voit pas, c’est qu’ils recèlent une méthode. Il conviendrait peut-être de les présenter comme un événement <term ref="#antepotentiel">ante-potentiel</term>.</p>
     <p>
      <persName ref="#FLL">LE LIONNAIS</persName> : D’accord.</p>
     <p>
      <persName ref="#JL">LESCURE</persName> : Mais n’y a-t-il pas, justement, une méthode ?</p>
     <p>
      <persName ref="#FLL">LE LIONNAIS</persName> : Vous savez, ces poèmes datent de quarante ans. A cette époque-là, je cherchais une certaine cohérence — qui n’est pas exactement celle (ou une de celles) que l’OuLiPo peut nous accorder. D’ailleurs, on peut établir, pour la confection des <term ref="#centons">centons</term>, un certain nombre de méthodes, qui donneront lieu à d’autres cohérences. Evidemment, on ne pourra le faire qu’avec un bon recensement d’<term ref="#alexandrins">alexandrins</term>.</p>
     <p>
      <persName ref="#NA">ARNAUD</persName> : De toutes manières, je crois qu’il faut publier ces textes dans ce <title ref="#dossier">Dossier</title>, même s’ils ne correspondent pas exactement aux définitions de l’OuLiPo. On pourrait leur accorder un titre à caractère historique, du genre : <term ref="#litteratureprepotentielle">Littérature prépotentielle</term> à moyens artisanaux (qui serait donc une sorte de <term ref="#litteratureexperimentale">littérature « expérimentale</term>).</p>
     
      <pb xml:id="p4" n="4"/>
    
     <p>
      <persName ref="#L">LATIS</persName> : Ceci suppose une sauce…</p>
     <p>
      <persName ref="#RQ">QUENEAU</persName> : Bien sûr. (Geste vers son antipodique <persName ref="#FLL">Le Lionnais</persName>.)</p>
     <p>
      <persName ref="#NA">ARNAUD</persName> : Cela nous permettrait peut-être de citer les <persName ref="#cocteau">Cocteau</persName> et les prédécesseurs de tous genres.</p>
     <p>(Ici, <persName ref="#laregente">la Régente</persName> fit une entrée remarquable et remarquée.)</p>
     <p>
      <persName ref="#L">LATIS</persName> : Passons au b/ <term ref="#poemesdunelettre">Poèmes d’une lettre</term> (en l’occurrence T) ou de ponctuations. Ici encore, je ne vois pas l’ombre d’une méthode. Il nous faut une sauce explicatoire ; sinon, les lecteurs seront fondés à supposer une démarche arbitraire.</p>
     <p>
      <persName ref="#JB">BENS</persName> : Pourquoi n’assimilerions-nous pas le b/ au a/ ? Ce serait également de la <term ref="#litteratureprepotentielle">littérature prépotentielle</term>…</p>
     <p>
      <persName ref="#FLL">LE LIONNAIS</persName> : Ce problème m’a longtemps torturé. Nous devons considérer qu’il existe des poèmes à forte <term ref="#potentialite">potentialité</term>, d’autres à faible <term ref="#potentialite">potentialité</term>. Je crois qu’il n’est pas sans intérêt de signaler des cas d’une <term ref="#litteraturepotentielle">Littérature Potentielle</term> de peu d’avenir, de marquer les chemins qui ne mèneront pas bien loin.</p>
     <p>
      <persName ref="#NA">ARNAUD</persName> : Très, très bien. Ce serait excellent que le Régent écrivît cela !</p>
     <p>TOUS : D’accord.</p>
     <p>
      <persName ref="#RQ">QUENEAU</persName> : Je me permets de signaler que les <title ref="#100000000000000depoemes">100000000000000 de poèmes</title> se trouvent exactement dans le même cas que les poèmes d’une seule lettre, mais avec un peu plus de <term ref="#possibilites">possibilités</term>. (Exactement : 99999999999974 possibilités supplémentaires. N. S. P.)</p>
     <p>
      <persName ref="#L">LATIS</persName> : Passons donc aux poèmes réalisés avec des signes de ponctuations…</p>
     <p>
      <persName ref="#NA">ARNAUD</persName> : Personnellement, je suis charmé : l’inversion 12,11 donne un effet poétique d’éclatement et de libération.</p>
     <p>TOUS : Très bien.</p>
     <p>
      <persName ref="#L">LATIS</persName> : …mais il faudrait peut-être envisager de …</p>
     <p>
      <persName ref="#FLL">LE LIONNAIS</persName> : C’est très clair : il faut allonger toutes les sauces !</p>
     <p>
      <persName ref="#L">LATIS</persName> : C’est naturellement notre vœu le plus cher. Enfin nous passerons au dernier point et c/ Poèmes « <term ref="#booleens">booléens</term> ». Ne manque-t-il pas quelque chose ? Le choix des éléments communs ou non communs ne semble pas entièrement justifié. Je ne sais si mon objection est valable…</p>
     <p>
      <persName ref="#FLL">LE LIONNAIS</persName> : Vous touchez là notre problème fondamental. Le but de la <term ref="#litteraturepotentielle">Littérature Potentielle</term> est de fournir aux écrivains futurs des techniques nouvelles qui puissent réserver l’inspiration de leur affectivité. D’où la nécessité d’une certaine liberté. Il y a neuf ou dix siècles, quand un littérateur <term ref="#potentiel">potentiel</term> a proposé la forme du <term ref="#sonnet">sonnet</term>, il a laissé, à travers certains procédés mécaniques, la possibilité d’un choix. A partir de la règle que j’ai définie, j’ai pris la liberté…</p>
     <p>
      <persName ref="#L">LATIS</persName> : Il faut donc bien revoir la présentation !</p>
     <p>
      <persName ref="#RQ">QUENEAU</persName> : Comme dit Grandgousier à Gargantua : « Je vois beaucoup de travail devant toi… »</p>
     
      <pb xml:id="p5" n="5"/>
    
     <p>
      <persName ref="#L">LATIS</persName> : Et nous passerons à <persName ref="#JL">Lescure</persName>. A <persName ref="#JL">Lescure</persName>, dont la communication a/ <term ref="#s7">S+7</term> est parfaite.</p>
     <p>
      <persName ref="#JL">LESCURE</persName> : Ouf.</p>
     <p>
      <persName ref="#L">LATIS</persName> : Je n’en dirai pas autant du b/ <term ref="#permutations">Permutations</term>, dont la présentation est obscure — obscure parce que pas assez opératoire. (Suivent quelques remarques techniques dont le S.P. n’a pas pu saisir le détail.) Par ailleurs, quelles sont les références de ces travaux ? Il nous les faut !</p>
     <p>
      <persName ref="#JL">LESCURE</persName> : C’est le début du <title ref="#chiendent">Chiendent</title>.</p>
     <p>
      <persName ref="#RQ">QUENEAU</persName> : T’es pas allé bien loin.</p>
     <p>
      <persName ref="#L">LATIS</persName> : Enfin, c/ <term ref="#redondances">Redondances</term> (collaboration aux travaux du Trt Satrape), il y faudrait aussi revoir l’exposé de la méthode. Et supprimer notamment les intolérables attaques contre le dataire <persName ref="#JB">J. Bens</persName> (C’est moi qui crois de mon devoir de souligner. N.S.P.)</p>
     <p>
      <persName ref="#RQ">QUENEAU</persName> : <persName ref="#JL">Lescure</persName>, on va publier quelque chose, mais pas tout, hé ?</p>
     <p>
      <persName ref="#JL">LESCURE</persName> : Vouèi.</p>
     <p>º</p>
     <p>
      <persName ref="#L">LATIS</persName> : A <persName ref="#SC">Chapman</persName>, maintenant. Il nous a adressé deux <term ref="#sonnets">sonnets</term> de <persName ref="#shakespeare">Shakespeare</persName> remis à l’envers. Comme je fréquente assez mal l’english language, je serais reconnaissant au Trt Satrape de vouloir bien les lire, et de nous donner son opinion.</p>
     <p>
      <persName ref="#RQ">QUENEAU</persName> : (après avoir lu) Des <term ref="#sonnets">sonnets</term> de <persName ref="#shakespeare">Shakespeare</persName> à l’envers, ils deviennent <term ref="#heterosexuels">hétérosexuels</term>. Mais cela me paraît très bon.</p>
     <p>
      <persName ref="#NA">ARNAUD</persName> : Est-ce publiable dans le <title ref="#dossier">Dossier</title> ?</p>
     <p>
      <persName ref="#RQ">QUENEAU</persName> : Très faible <term ref="#potentialite">potentialité</term>.</p>
     <p>
      <persName ref="#JL">LESCURE</persName> : De toutes façons : primo : des <term ref="#sonnets">Sonnets</term> de <persName ref="#shakespeare">Shakespeare</persName>, euh ! euh ! Deuxio : l’anglais, pour la <term ref="#potentialite">potentialité</term>, tin-tin.</p>
     <p>(Le S.P., écœuré par cette manifestation de basse anglophobie, refuse de prendre des notes pendant trois minutes quarante-cinq secondes, ce qui explique le trou entre cette dernière phrase et la suivante.)</p>
     <p>º</p>
     <p>
      <persName ref="#FLL">LE LIONNAIS</persName> : Messieurs, je suis illuminé.</p>
     <p>(Tout le monde se lève et se découvre.)</p>
     <p>
      <persName ref="#FLL">LE LIONNAIS</persName> : Asseyez-vous, je vous en prie. Messieurs, je viens de comprendre que cette méthode appliquée par <persName ref="#SC">Chapman</persName> à <persName ref="#shakespeare">Shakespeare</persName> peut être parfaitement stérile pour certains poètes, et magnifiquement féconde pour d’autres. Je propose donc que l’on explore systématiquement la littérature française (et les autres) pour découvrir les poètes <term ref="#inversibles">inversibles</term> et les <term ref="#noninversibles">non-inversibles</term>. Je propose aussi que l’on fabrique des poèmes aisément <term ref="#inversibles">inversibles</term>. Donc, la communication de <persName ref="#SC">Chapman</persName> est intéressante, en ce qu’elle nous engage vers une telle étude.</p>
     <p>
      <persName ref="#RQ">QUENEAU</persName> : On aurait une bonne <term ref="#machine">machine</term>. On lui collerait <title ref="#lestrophees">Les Trophées</title>. Elle nous les donnerait à l’envers. On pourrait juger, non ?</p>
     <p>
      <persName ref="#L">LATIS</persName> : Messieurs, j’ai des excuses à vous faire, ainsi qu’à <persName ref="#SC">Chapman</persName>, à travers vous et la Manche. Je viens de relire la lettre qui accompagnait l’envoi de sa communication. Elle justifie tout à fait son envoi. Je propose donc qu’on la joigne au <title ref="#dossier">Dossier</title>.</p>
     <p>(Approbations diverses).</p>
     <p>º</p>
     
      <pb xml:id="p6" n="6"/>
    
     <p>
      <persName ref="#L">LATIS</persName> : Enfin, voici l’envoi de notre cher dataire. Vous savez déjà qu’il s’agit des <title ref="#inventaires">Inventaires</title>. Ce qu’il appelle, dans sa présentation, « éléments significatifs du langage », n’est-ce pas ce que l’on appelle plus couramment, « parties du discours » ?</p>
     <p>
      <persName ref="#RQ">QUENEAU</persName> : C’est le mot « parties » qui le gêne.</p>
     <p>
      <persName ref="#L">LATIS</persName> : Moi ce qui me gêne, c’est l’arbitraire du choix des articles définis ou indéfinis. Ce choix est arbitraire.</p>
     <p>
      <persName ref="#JB">BENS</persName> : C’est bien ce que je dis dans la présentation.</p>
     <p>
      <persName ref="#L">LATIS</persName> : Pas assez nettement. Ou, tout au moins, vous ne justifiez pas assez cette possibilité de choix.</p>
     <p>
      <persName ref="#JB">BENS</persName> : Permettez-moi de vous renvoyer aux récentes paroles de notre hôte sur la liberté !</p>
     <p>
      <persName ref="#L">LATIS</persName> : Il faut le répéter ! Signalez, par exemple, que les mots sont pris indépendamment de ce qu’ils étaient dans le texte.</p>
     <p>
      <persName ref="#JB">BENS</persName> : (avec insolence) Ouais.</p>
     <p>
      <persName ref="#L">LATIS</persName> : Pour<title/> 
      <persName ref="#galois">Galois</persName>, notamment, votre méthode est très obscure.</p>
     <p>
      <persName ref="#JB">BENS</persName> (désespéré) : C’est la même !</p>
     <p>
      <persName ref="#L">LATIS</persName> : Cela n’apparaît pas suffisamment.</p>
     <p>º</p>
     <p>(Je trouve ici dans mes notes, et encadrée, cette mention : <persName ref="#JL">LESCURE</persName> : « L’amour est à réinventer. » Je ne comprends pas très bien le sens de cette intempestive interruption. Je vous la livre telle quelle. N.S.P.)</p>
     <p>º</p>
     <p>On lit <persName ref="#galois">Galois</persName>.</p>
     <p>
      <persName ref="#FLL">LE LIONNAIS</persName> : Si vous me permettez une précision, <persName ref="#galois">Galois</persName> a écrit : « Je n’ai pas le tems », non parce qu’il ignorait l’orthographe, mais parce que c’était réellement l’orthographe du tems…Je voudrais encore ajouter ceci : vous soulevez ici un problème fondamental, et même deux : a/ La <term ref="#lipo">LiPo</term> n’espère pas atteindre toujours la qualité. Elle fait des expériences. b/ Il y a deux <term ref="#lipo">LiPo</term> : une <term ref="#analytique">analytique</term> et une <term ref="#synthetique">synthétique</term>. Je m’explique…</p>
     <p>TOUS : Oui.</p>
     <p>
      <persName ref="#FLL">LE LIONNAIS</persName> : La <term ref="#lipoanalytique">LiPo analytique</term> recherche des possibilités qui se trouvent chez certains auteurs sans qu’ils y aient pensé. Ex. les <term ref="#centons">centons</term>.) La <term ref="#liposynthetique">LiPo synthétique</term> constitue la grande mission de la <term ref="#lipo">LiPo</term>. Il s’agit ici d’ouvrir de nouvelles possibilités inconnues des anciens auteurs. (Ex. poèmes <term ref="#booleens">booléens.)</term> Dans ce <title ref="#dossier">Dossier</title>, nous avons des exemples de l’une et de l’autre.</p>
     <p>
      <persName ref="#L">LATIS</persName> : C’est là le thème même de la préface que nous attendons de vous ! Et je dirais volontiers que les textes de présentation des diverses méthodes doivent être essentiellement <term ref="#analytiques">analytiques</term>.</p>
     <p>º</p>
     <p>
      <persName ref="#L">LATIS</persName> : J’en viens enfin aux textes qui n’existent pas. C’est-à-dire, par exemple, à la <term ref="#methodebergeduchateau">méthode Berge-Duchâteau</term>.</p>
     <p>(L’instant est grave. Les assistants vont enfin connaître le son de la voix de <persName ref="#JD">Duchâteau</persName>. C’est, en effet, la première fois qu’il ouvrira (mais l’ouvrira-t-il ?) la bouche au cours d’une séance.)</p>
     
      <pb xml:id="p7" n="7"/>
    
     <p>
      <persName ref="#JD">DUCHÂTEAU</persName> : J’ai seulement une équation à poser :</p>
     <p>(BERGE + DUCHÂTEAU) – BERGE = 0</p>
     <p>
      <persName ref="#JB">BENS</persName> : Ce n’est pas mathématique.</p>
     <p>
      <persName ref="#JD">DUCHÂTEAU :</persName> Le travail est en cours. D’autres le sont aussi.</p>
     <p>
      <persName ref="#NA">ARNAUD</persName> : Exposez seulement la méthode. Dites ce que vous êtes en train de faire.</p>
     <p>
      <persName ref="#RQ">QUENEAU</persName> : <persName ref="#JD">Duchâteau</persName>, soyez gentil, faites-nous une méthode. Un truc inapplicable, une histoire non récursive, un machin terrible. Faites-nous ça, hé ?</p>
     <p>
      <persName ref="#JD">DUCHÂTEAU</persName> : Jpourrai pas vous donner <unclear>degzemple</unclear>.</p>
     <p>
      <persName ref="#RQ">QUENEAU</persName> : Ce sera sans exemple ! C’est parfait !</p>
     <p>
      <persName ref="#FLL">LE LIONNAIS</persName> : N’oubliez pas, <persName ref="#JD">Duchâteau</persName> (et Messieurs), que la méthode se suffit à elle-même. Il y a des méthodes sans exemple. L’exemple est un plaisir que l’on se donne en plus — et que l’on donne au lecteur.</p>
     <p>(Quelques esprits sournois attendent que le Régent de S.T.S.C. donne un exemple de méthode sans exemple. Mais, fûté, il ne tombe pas dans un aussi misérable piège.)</p>
     <p>
      <persName ref="#NA">ARNAUD</persName> : Il faudrait que <persName ref="#JD">Duchâteau</persName> nous donne cette communication. <persName ref="#FLL">Le Lionnais</persName> en est tout illuminé.</p>
     <p>º</p>
     <p>(Le S.P., épuisé, laisse entendre un vagissement sourd. On le couvre de sarcasmes, hormis le Trt Satrape qui réclame :</p>
     <p>
      <persName ref="#RQ">QUENEAU</persName> : Je demande une prime de rendement pour le S.P. On double ses appointements.</p>
     <p>Ricanements.)</p>
     <p>º</p>
     <p>
      <persName ref="#FLL">LE LIONNAIS</persName> : Le projet de roman <term ref="#intersectif">intersectif</term> proposé par <persName ref="#JB">Bens</persName> et <persName ref="#JD">Duchâteau</persName> me comble en effet de joie. La méthode de l<term ref="#intersection">’intersection</term> a toujours été appliquée par tous les écrivains. Exemple : les poèmes de <persName ref="#lecontedelisle">Leconte de Lisle</persName>. On s’aperçoit qu’une école littéraire, formée à partir de deux ou trois créateurs, ne fait que procéder à des <term ref="#intersections">intersections</term>. Je les ai étudiées chez <persName ref="#zevaco">Zévaco</persName> et <title ref="#fantomas">Fantômas</title>. (Mais j’ai d’autres lectures, également.) Un auteur apparaît sur terre — passons sur sa conception et autres détails — que fait-il ? Il lit les auteurs précédents, et il procède à des <term ref="#intersections">intersections</term>. Quand il ne le fait pas, c’est un créateur original.</p>
     <p>
      <persName ref="#L">LATIS</persName> : On sait bien que la culture est le contraire de l’originalité.</p>
     <p>
      <persName ref="#RQ">QUENEAU</persName> : La culture est le contraire de l’<term ref="#arithmetique">arithmétique</term>. D’ailleurs, <persName ref="#JD">Duchâteau</persName> est le plastiqueur de l’OuLiPo. C’est un lézard plastiqueur.</p>
     <p>
      <persName ref="#FLL">LE LIONNAIS</persName> : En tous cas, ce que veut faire <persName ref="#JD">Duchâteau</persName>, c’est, systématiquement, ce que font les autres sans le vouloir.</p>
     <p>
      <persName ref="#RQ">QUENEAU</persName> : Le dernier livre de <persName ref="#sagan">Sagan</persName> est très significatif à cet égard. C’est une <term ref="#intersection">intersection</term> entre ses précédents romans.</p>
     <p>
      <persName ref="#FLL">LE LIONNAIS</persName> : Tout ceci entre parfaitement dans le cadre de l<orgName ref="#">’</orgName>OuLiPo qui doit mettre en évidence les ressorts de la littérature.</p>
     
      <pb xml:id="p8" n="8"/>
    
     <p>
      <persName ref="#RQ">QUENEAU</persName> : <persName ref="#JD">Duchâteau</persName> est tout indiqué pour étudier le cas <persName ref="#sagan">Sagan</persName>. Nous confions <persName ref="#sagan">Sagan</persName> à <persName ref="#JD">Duchâteau</persName>.</p>
     <p>
      <persName ref="#NA">ARNAUD</persName> : <persName ref="#JD">Duchâteau</persName> en Suède !</p>
     <p>
      <persName ref="#L">LATIS</persName> : Ou la vie de château…</p>
     <p>
      <persName ref="#JD">DUCHÂTEAU</persName> : Eh bien, enfin, je suis d’accord pour exposer la méthode de l’<term ref="#intersection">intersection</term>.</p>
     <p>º</p>
     <p>
      <persName ref="#L">LATIS</persName> : Et <persName ref="#NA">Arnaud</persName> ?</p>
     <p>TOUS : Ah !</p>
     <p>
      <persName ref="#NA">ARNAUD</persName> : N’oublions pas <persName ref="#AMS">Schmidt</persName>, dont les travaux sont parfaits. C’est pourquoi, d’ailleurs, nous n’en avons pas parlé.</p>
     <p>
      <persName ref="#RQ">QUENEAU</persName> : Et <persName ref="#NA">Arnaud</persName> ?</p>
     <p>
      <persName ref="#NA">ARNAUD</persName> : Je comptais me borner à la présentation de la <term ref="#piecealphabetique">pièce alphabétique</term> de <persName ref="#leroux">Le Roux</persName>.</p>
     <p>TOUS : Oui. Enfin. D’accord. C’est maigre. Pas bien sérieux.</p>
     <p>
      <persName ref="#L">LATIS</persName> : Il y a beaucoup de drames alphabétiques !</p>
     <p>
      <persName ref="#RQ">QUENEAU</persName> : Il y a un recueil de poèmes de <persName ref="#louisedevilmorin">Louise de Vilmorin</persName> où l’on trouve des tas de trucs comme ça.</p>
     <p>
      <persName ref="#NA">ARNAUD</persName> : Je proteste ! La question n’est pas de faire un drame alphabétique. C’est de le publier, c’est-à-dire d’en faire son œuvre. Le seul <persName ref="#leroux">Le Roux</persName> a publié un tel texte. C’est le cas d’<title ref="#uburoi">Ubu Roi</title> que vous remettez en question !</p>
     <p>(Consternation.)</p>
     <p>
      <persName ref="#RQ">QUENEAU</persName> : Très juste ! D’ailleurs, et d’une manière analogue, il y a eu des tas de dingues qui avaient leur petite idée sur le système du monde. Un certain <persName ref="#newton">Newton</persName> a publié le sien. On en parle encore.</p>
     <p>
      <persName ref="#FLL">LE LIONNAIS</persName> : Il faut trouver une solution.</p>
     <p>
      <persName ref="#JL">LESCURE</persName> : Il est exact que la publication fait sortir une œuvre du simple folklore.</p>
     <p>º</p>
     <p>
      <persName ref="#FLL">LE LIONNAIS</persName> : Je parlerai ici d’une question que j’eusse souhaité soulever au début de cette séance, et que les impératifs d’un ordre du jour chargé ont rejeté aux confins du dessert. C’est une question de discipline. A mon avis, des réunions comme les nôtres ne peuvent être efficaces que s’il existe un minimum de discipline. Trois degrés de mesures disciplinaires doivent être mises à la disposition du président :</p>
     <p>a/ Un coup de gong (rapporté de Niou-Delly).</p>
     <p>b/ La peine de mort, dont le détail sera laissé à la discrétion présidentielle.</p>
     <p>c/ Si la peine de mort est insuffisante, le président se couvrira de son haute-forme — après s’en être découvert, s’il en était précédemment couvert.</p>
     <p>
      <persName ref="#L">LATIS</persName> : Je réclame quelques éclaircissements à propos de la peine de mort. Qui l’infligera ?</p>
     <p>
      <persName ref="#FLL">LE LIONNAIS</persName> : Le président décidera suivant la méthode qu’il aura adoptée. Cette méthode peut couvrir les méthodes actuellement</p>
     
      <pb xml:id="p9" n="9"/>
    
     <p>appliquées dans le monde, et telles autres qu’il jugera bon d’inventer instantanément.</p>
     <p>
      <persName ref="#JL">LESCURE</persName> : Hé-hé : la luxure !</p>
     <p>
      <persName ref="#RQ">QUENEAU</persName> : Messieurs, je vous trouve partis dans des voies bien singulières.</p>
     <p>
      <persName ref="#L">LATIS</persName> : Si nous faisions une récapitulation ?</p>
     <p>
      <persName ref="#RQ">QUENEAU</persName> : Récapitulez donc.</p>
     <p>
      <persName ref="#L">LATIS</persName> : 1º <persName ref="#RQ">QUENEAU</persName> rédige une conclusion. 2º <persName ref="#FLL">LE LIONNAIS</persName> rédige une préface générale et revoit la présentation de ses diverses communications. 3º <persName ref="#JL">LESCURE</persName> revoit la présentation des <term ref="#permutations">permutations</term> et des <term ref="#redondances">redondances</term> (qu’il n’oublie pas les appels de notes). 4º <persName ref="#JB">BENS</persName> revoit la présentation d’<persName ref="#evaristegalois">Evariste Galois</persName>. 5º <persName ref="#JD">DUCHÂTEAU</persName> nous parle du roman <term ref="#intersectif">intersectif</term>…</p>
     <p>
      <persName ref="#RQ">QUENEAU</persName> : Vous devriez (<persName ref="#JD">Duchâteau</persName>) peut-être voir dans les « short short novels » de <term ref="#fictionscientifique">fiction scientifique</term>. Elles tiennent en une page. Je décide de faire envoyer la revue <title ref="#fiction">FICTION</title> à nos frais à <persName ref="#JD">Duchâteau</persName> et <persName ref="#JB">Bens</persName>. (c’est moi qui souligne. N.S.P.)</p>
     <p>
      <persName ref="#NA">ARNAUD</persName> : Je rappelle à <persName ref="#JD">Duchâteau</persName> que cette méthode est très importante et qu’elle mérite une très belle exposition.</p>
     <p>
      <persName ref="#RQ">QUENEAU</persName> : Il y a des gens qui travaillent pas tant et qui entrent en 6º. Donc, j’espère qu’à l’avenir…</p>
     <p>
      <persName ref="#L">LATIS</persName> : … 6º <persName ref="#NA">ARNAUD</persName> présentera son drame alphabétique. J’ajoute que ces participations diverses devraient nous parvenir avant le 20 septembre (Repoussons de quelques jours, n’est-ce pas ? N.S.P.)</p>
     <p>
      <persName ref="#RQ">QUENEAU</persName> : Je travaillerai après <persName ref="#JD">Duchâteau</persName>. Si nous sommes en retard, ce sera la faute à <persName ref="#JD">Duchâteau</persName>.</p>
     <p>
      <persName ref="#NA">ARNAUD</persName> : Faut reconnaître, le roman <term ref="#intersectif">intersectif</term>, c’est une idée féconde.</p>
     <p>
      <persName ref="#RQ">QUENEAU</persName> : Vous êtes foutu, mon cher.</p>
     <p>(Le Trt Satrape ne dit pas pourquoi. Sa remarque laisse donc planer l’ombre d’une menace.)</p>
     <p>º</p>
     <p>La prochaine réunion ayant été fixée au vendredi 8 septembre (premier jour de l’année <term ref="#pataphysique">pataphysique</term>), à 12h30, chez <persName ref="#julien">Julien</persName> et <persName ref="#petit">Petit</persName>, l’assemblée se sépara, après les congratulations d’usage, non sans avoir jeté un dernier regard au cèdre libanais, un dernier salut à Lady Godiva, et un dernier verre derrière sa cravate.</p>
     <p>Le Secrétaire Provisoire :</p>
     <p>
      <persName ref="#ythiermarchant">Ythier Marchant</persName>.</p>
   </body>
  </text>
</TEI>
