<?xml version="1.0" encoding="utf-8"?>
<?xml-model href="../difdepo.rnc" type="application/relax-ng-compact-syntax"?>
<TEI xmlns="http://www.tei-c.org/ns/1.0" xml:id="t10010023-1962-09-cv">
  <teiHeader>
   <fileDesc>
     <titleStmt>
      <title>Transcription du scan 10010023 pp. 1 à 1 (CV) : version TEI</title><respStmt><resp>transcription</resp><name>Invité</name></respStmt>
      
     </titleStmt>
     
     <publicationStmt>
      <p>Edition numérique distribué par le projet ANR DifDePo</p>
     </publicationStmt>
     <sourceDesc>
      <bibl><idno type="ark">12148/btv1b100100234</idno><idno type="ead">d0e509</idno><idno>t10010023-1962-09-cv</idno><title>Convocation à <ref target="difdepo:t10010023-1962-09">une réunion Oulipo</ref>, envoyée le <date when="1962-09-11"/> par <persName role="expéditeur" ref="#">XX</persName> Destinataire : <persName role="destinataire" ref="#">XX</persName></title></bibl>
     </sourceDesc>
   </fileDesc>
   
   <revisionDesc>
     <listChange><change when="2016-04-21T21:29:07Z">Oulipo specific tags added</change>
      <change>
        <date>2016-04-21T20:53:45Z</date>
        <name>Invité</name>
      </change>
     </listChange>
   </revisionDesc>
  </teiHeader>
  <text type="CV">
   <body><pb xml:id="p1" n="1"/>
     
     
     
     
     
     
     
     
     
     
     
     <p>Oulipo</p>
     <p><label type="rubrique">Rectification.</label></p>
     <p><label type="rubrique">La prochaine réunion de l’Oulipo se tiendra le :</label></p>
     <p><label type="rubrique">Mardi 11 septembre 1962</label></p>
     <p><label type="rubrique">A midi 30</label></p>
     <p><label type="rubrique">Au Restaurant du Vieux Paris</label></p>
     <p><label type="rubrique">Pour toute réclamation, prière de téléphoner au SP :</label></p>
     <p><label type="rubrique">LIT 28-91 (Bureau)</label></p>
     <p><label type="rubrique">ODE 97-59 (Personnel)</label></p>
   </body>
  </text>
</TEI>
