<?xml version="1.0" encoding="utf-8"?>
<?xml-model href="../difdepo.rnc" type="application/relax-ng-compact-syntax"?>
<TEI xmlns="http://www.tei-c.org/ns/1.0" xml:id="t10010015-1962-01-cr">
  <teiHeader>
   <fileDesc>
     <titleStmt>
      <title>Transcription du scan 10010015 pp. 1 à 3 (CR) : version TEI</title><respStmt><resp>transcription</resp><name>Chris</name></respStmt>
      
     </titleStmt>
     
     <publicationStmt>
      <p>Edition numérique distribué par le projet ANR DifDePo</p>
     </publicationStmt>
     <sourceDesc>
      <bibl><idno type="ark">12148/btv1b10010015m</idno><idno type="ead">d0e355</idno><idno>t10010015-1962-01-cr</idno><meeting xml:id="t10010015-1962-01"><date when="1962-01-19"/><list type="present"><item><persName ref="#JD"/></item><item><persName ref="#FLL"/></item><item><persName ref="#JL"/></item><item><persName ref="#RQ"/></item><item><persName ref="#AMS"/></item><item><persName ref="#JB"/></item><item><persName ref="#CB"/></item><item><persName role="invité" ref="#mquemada">M. QUEMADA</persName></item><item><persName role="président" ref="#NA"/></item></list></meeting></bibl>
     </sourceDesc>
   </fileDesc>
   
   <revisionDesc>
     <listChange><change when="2016-04-21T21:29:03Z">Oulipo specific tags added</change>
      <change>
        <date>2016-04-21T20:53:13Z</date>
        <name>Chris</name>
      </change>
     </listChange>
   </revisionDesc>
  </teiHeader>
  <text type="CR">
   <body><pb xml:id="p1" n="1"/>
     
     
     
     
     
     
     
     
     
     
     
     <p rend="incipit">OUVROIR DE</p>
     <p rend="incipit">LITTERATURE</p>
     <p rend="incipit">POTENTIELLE </p>
     <p rend="incipit">Circulaire n°17</p>
     <p rend="incipit">COMPTE-RENDU DE LA REUNION DU</p>
     <p rend="incipit">19 janvier 1962</p>
     <p rend="incipit">PRESENTS : <persName ref="#NA">Arnaud</persName> – <persName ref="#JB">Bens</persName> – <persName ref="#CB">Berge</persName> – <persName ref="#JD">Duchateau</persName> – <persName ref="#FLL">Le Lionnais</persName> – <persName ref="#JL">Lescure</persName> – <persName ref="#RQ">Queneau</persName> – <persName ref="#AMS">Schmidt</persName>
    </p>
     <p rend="incipit">EXCUSES : <persName ref="#L">Latis</persName> – <persName ref="#JQ">Queval</persName>
    </p>
     <p rend="incipit">Invité: <persName ref="#mquemada">M.QUEMADA</persName>, du <orgName ref="#centredetudesduvocabulairefrancais">Centre d’Études du Vocabulaire Français</orgName>, de Besançon.</p>
     <p rend="incipit">Président : <persName ref="#NA">Noël ARNAUD</persName>.</p>
     <p>Pour ouvrir joyeusement (mais non sans solennité) la séance, et afin d’honorer notre invité, <persName ref="#JB">Bens</persName> donne lecture de l’<ref>hymne OuLiPien</ref> qu’il a composé (<ref>voir annexe</ref>). La discussion est ouverte.</p>
     <p>
      <persName ref="#RQ">QUENEAU</persName> : Je trouve que ce refrain en CHA-CHA accorde une place excessive à nos associés britanniques.</p>
     <p>
      <persName ref="#FLL">LE LIONNAIS</persName> : Pourquoi n’avez-vous pas écrit seulement un <term ref="#dizain">dizain</term>, avec les seuls membres actifs ?</p>
     <p>
      <persName ref="#JB">BENS</persName> : Primo, pour honorer nos collègues d’outre-mer et d’outre-monts ; secundo, parce qu’un <term ref="#hymne">hymne</term> doit avoir des couplets et un refrain, c’est le genre qui veut ça.</p>
     <p>
      <persName ref="#quemada">QUEMADA</persName> : Il n’est peut-être pas indispensable d’avoir « cha-cha » dans le refrain d’un cha-cha-cha.</p>
     <p>
      <persName ref="#JB">BENS</persName> : Primo, c’est le genre qui veut ça (bis) ; secundo, s’il n’y a pas « cha-cha » dans le refrain, il n’y a plus de raison pour que cet hymne soit un cha-cha-cha.</p>
     <p>
      <persName ref="#RQ">QUENEAU</persName> : Justement, ce n’est pas nécessaire. On n’a qu’à faire autre chose.</p>
     <p>
      <persName ref="#JB">BENS</persName> : Z’avez qu’à vous y mettre.</p>
     <p>
      <persName ref="#FLL">LE LIONNAIS</persName> : Pas du tout, pas du tout : Celui-ci est excellent !</p>
     <p>LE PRESIDENT : Je mets aux voix une proposition suivant laquelle chacun de nous écrira un <term ref="#hymne">hymne</term>.</p>
     <p>(Résultats : 3 pour ; 4 contre ; 1 abstention.)</p>
     <p>LE PRESIDENT : Je mets aux voix l’adoption de l’<term ref="#hymne">hymne</term> de <persName ref="#JB">Bens</persName>.</p>
     <p>(Résultats : Adoption à l’unanimité moins une voix.)</p>
     <p>On pose la question de la mise en musique.</p>
     <p>
      <persName ref="#JB">BENS</persName> : Je fais des réserves préalables. Il faut que la musique soit chantable.</p>
     
      <pb xml:id="p2" n="2"/>
    
     <p>
      <persName ref="#quemada">QUEMADA</persName> : Défilable !</p>
     <p>
      <persName ref="#RQ">QUENEAU</persName> : Pour la musique…</p>
     <p>
      <persName ref="#FLL">LE LIONNAIS</persName> : Un concours s’impose !</p>
     <p>
      <persName ref="#RQ">QUENEAU</persName> : … on demandera à <persName ref="#PB">Braffort</persName>, ou à <persName ref="#barbaud">Barbaud</persName>, ou à <persName ref="#philippot">Philippot</persName>.</p>
     <p>Dans un de ces trois buts, <persName ref="#CB">Berge</persName> met les paroles de l’hymne dans sa poche.</p>
     <p>
      <persName ref="#quemada">QUEMADA</persName> : Permettez-moi de vous faire remarquer, si ce n’est pas abuser de votre hospitalité, que le cha-cha-cha interdit les défilés, parce qu’on fait un pas en avant, un pas en arrière.</p>
     <p>
      <persName ref="#lepresident">LE PRESIDENT</persName> : Eh bien, nous ne défilerons pas ! Nous chanterons seulement. Dans les édifices religieux.</p>
     <p>
      <persName ref="#RQ">QUENEAU</persName> : Je vous signale qu’un inventaire des « <term ref="#motspleins">mots pleins</term> » d’<title ref="#alcools">Alcools</title> a été réalisé par <persName ref="#mguiraud">M. GUIRAUD</persName>. Je crois que tous les membres de L’OuLiPo devraient faire un recueil de <term ref="#vers">vers</term> avec cet inventaire.</p>
     <p>
      <persName ref="#CB">BERGE</persName> : Devra-t-on utiliser les mots le même nombre de fois qu’<persName ref="#apollinaire">Apollinaire</persName> ?</p>
     <p>
      <persName ref="#RQ">QUENEAU</persName> : Si la proportion est indiquée, oui !</p>
     <p>
      <persName ref="#JL">LESCURE</persName> : Et si on ré-écrit <title ref="#alcools">Alcools</title> ?</p>
     <p>TOUS : Oh.</p>
     <p>
      <persName ref="#quemada">QUEMADA</persName> : Si cela vous intéresse, je peux vous procurer cent cinquante autres textes dont l’<term ref="#inventaire">inventaire</term> a été fait par notre <orgName ref="#centre">Centre</orgName>. Notamment : <title ref="#berenico">Bérénico</title>, <title ref="#titeetberenice">Tite et Bérénice</title>, <title ref="#calligrammes">Calligrammes</title>, etc…</p>
     <p>
      <persName ref="#RQ">QUENEAU</persName> : Pardonnez-moi si je vous interromps une seconde. C’est pour préciser que l’éditeur de l’inventaire d’<title ref="#alcools">Alcools</title> est <orgName ref="#klicksieck">KLICKSIECK</orgName>, <orgName ref="#librairiedesmeridiens">librairie des Méridiens</orgName>, Bd St-Germain.</p>
     <p>
      <persName ref="#quemada">QUEMADA</persName> : Je peux vous procurer également des recueils de <persName ref="#hugo">Hugo</persName>, <persName ref="#sceve">Scève</persName>, <persName ref="#ronsard">Ronsard</persName>, <persName ref="#garnier">Garnier</persName>, etc…</p>
     <p>
      <persName ref="#mquemada">M.QUEMADA</persName> lit alors quelques spécimens de <term ref="#repertoire">répertoire</term> établis par le <orgName ref="#centredebesancon">Centre de Besançon</orgName>. Il en laisse quelques uns pour les archives de l’OuLiPo.</p>
     <p>
      <persName ref="#AMS">SCHMIDT</persName> : Je crois que ce que nous venons d’entendre est très extraordinaire. Nos atteignons un des sommets de nos réunions.</p>
     <p>Approbations générales. <persName ref="#mquemada">M. Quemada</persName> s’offre à nous offrir les répertoires qui pourraient nous intéresser.</p>
     <p>
      <persName ref="#quemada">QUEMADA</persName> : En particulier, je serai très heureux d’offrir à l’OuLiPo les <term ref="#concordances">concordances</term> des <title ref="#fleursdumal">Fleurs du Mal</title>.</p>
     <p>TOUS : Les quoi ?</p>
     <p>
      <persName ref="#quemada">QUEMADA</persName> : Nous appelons « <term ref="#concordances">concordances</term> » des répertoires de <term ref="#vers">vers</term> contenant le même mot.</p>
     <p>LE PRESIDENT : A-t-on des questions à poser à <persName ref="#mquemada">M. Quemada</persName> ?</p>
     
      <pb xml:id="p3" n="3"/>
    
     <p>
      <persName ref="#quemada">QUEMADA</persName> : Moi j’en ai une à vous poser : quand tiendrez-vous une réunion de l’OuLiPo à Besançon ?</p>
     <p>
      <persName ref="#RQ">QUENEAU</persName> : Eh bien, nous allons y songer !</p>
     <p>
      <persName ref="#quemada">QUEMADA</persName> : Je serais très heureux de vous faire visiter notre <orgName ref="#centre">Centre</orgName>. Et vous pourriez vous rendre compte de vous-mêmes des possibilités que nous pouvons vous offrir. De plus, je peux vous faire adresser régulièrement, si vous le désirez, le <title ref="#bulletinducentre">Bulletin du Centre</title>. Mais il n’est pas très, très drôle.</p>
     <p>
      <persName ref="#RQ">QUENEAU</persName> : Mais nous sommes très sérieux !</p>
     <p>(Graves approbations du chef)</p>
     <p>On envisage la publication en volume des <title ref="#crdeloulipo">C.R. de l’OuLiPo</title>. Cette question sera mise à l’ordre du jour dans quelques mois.</p>
     <p>
      <persName ref="#RQ">QUENEAU</persName> : Permettez-moi de vous signaler que je parle de l’OuLiPo dans un des entretiens que j’enregistre, en ce moment, pour la <orgName ref="#rtf">RTF</orgName>, avec <persName ref="#charbonnier">Charbonnier</persName>. Ces entretiens seront diffusés tous les vendredis, vers 21 h 30, pendant l’entracte de l’émission lyrique, sur <orgName ref="#franceiii">France III</orgName>. J’ai assez longtemps parlé du <title ref="#dossieroulipo">Dossier OuLiPo</title>.</p>
     <p>
      <persName ref="#RQ">QUENEAU</persName> : J’ai toujours mon petit travail sur la <term ref="#loidestoupzipf">loi d’Estoup-Zipf</term>. Je vous le présenterai la prochaine fois. C’est la recherche des textes qui échappent à la loi.</p>
     <p>
      <persName ref="#FLL">LE LIONNAIS</persName> : J’ai trouvé dans <persName ref="#delillejacques">Delille (Jacques</persName>) le texte suivant : « De tous temps, les poètes-philosophes ont eu le droit d’emprunter aux sciences les matériaux qu’ils mettent en œuvre. » Remplacez matériaux par <term ref="#methodes">méthodes</term> et vous obtiendrez une assez bonne définition de l’<term ref="#oulipo">OuLiPo</term>.</p>
     <p>
      <persName ref="#RQ">QUENEAU</persName> : Je crois que ça se discute. Des index ne sont pas des méthodes, mais des matériaux. On peut prendre le mot <term ref="#materiaux">matériaux</term> dans un sens large.</p>
     <p>LA PROCHAINE REUNION AURA LIEU</p>
     <p>LE VENDREDI 16 FEVRIER 1962.</p>
     <p>Le S.P.</p>
   </body>
  </text>
</TEI>
