<?xml version="1.0" encoding="utf-8"?>
<?xml-model href="../difdepo.rnc" type="application/relax-ng-compact-syntax"?>
<TEI xmlns="http://www.tei-c.org/ns/1.0" xml:id="t10010052-1965-02-cr">
  <teiHeader>
   <fileDesc>
     <titleStmt>
      <title>Transcription du scan 10010052 pp. 1 à 3 (CR) : version TEI</title><respStmt><resp>transcription</resp><name>Invité</name></respStmt>
      
     </titleStmt>
     
     <publicationStmt>
      <p>Edition numérique distribué par le projet ANR DifDePo</p>
     </publicationStmt>
     <sourceDesc>
      <bibl><idno type="ark">12148/btv1b10010052x</idno><idno type="ead">d0e1151</idno><idno>t10010052-1965-02-cr</idno><meeting xml:id="t10010052-1965-02"><date when="1965-02-01"/><list type="present"><item><persName ref="#JQ"/></item><item><persName ref="#JL"/></item><item><persName ref="#PB"/></item><item><persName ref="#RQ"/></item><item><persName ref="#JD"/></item><item><persName ref="#L"/></item><item><persName ref="#FLL"/></item><item><persName role="invité" ref="#gkreisel">G. Kreisel</persName></item><item><persName role="président" ref="#CB"/></item></list></meeting></bibl>
     </sourceDesc>
   </fileDesc>
   
   <revisionDesc>
     <listChange><change when="2016-05-26T21:46:03Z">Oulipo specific tags added</change>
      <change>
        <date>2016-05-26T21:41:31Z</date>
        <name>Invité</name>
      </change>
     </listChange>
   </revisionDesc>
  </teiHeader>
  <text type="CR">
   <body><pb xml:id="p1" n="1"/>
     
     
     
     
     
     
     
     
     
     
     
     <p rend="incipit">OUVROIR DE</p>
     <p rend="incipit">LITTERATURE</p>
     <p rend="incipit">POTENTIELLE</p>
     <p rend="incipit">Circulaire No. 58</p>
     <p rend="incipit">COMPTE RENDU DE LA REUNION DU 1er FEVRIER 1965</p>
     <p rend="incipit">PRESENTS : <persName ref="#gkreisel">G. Kreisel</persName> (invité), <persName ref="#JQ">J. Queval</persName>, <persName ref="#JL">J. Lescure</persName>, <persName ref="#PB">P. Braffort</persName>, <persName ref="#RQ">R. Queneau</persName>, <persName ref="#JD">J. Duchateau</persName>, <persName ref="#L">Latis</persName>, <persName ref="#FLL">F. Le Lionnais</persName> 
    </p>
     <p rend="incipit">PRESIDENT : <persName ref="#CB">C. Berge</persName> 
    </p>
     <p>
      <persName ref="#RQ">QUENEAU</persName> : <persName ref="#hugo">Hugo</persName> a <term ref="#plagieparanticipation">plagié par anticipation</term> 
      <persName ref="#JQ">Queval</persName>. Le seul <term ref="#sonnet">sonnet</term> de <persName ref="#hugo">Hugo</persName> n’est pas de <persName ref="#JQ">Queval</persName>, <persName ref="#hugo">Hugo</persName> en a écrit un.</p>
     <p>
      <persName ref="#JQ">QUEVAL</persName> : Je suis déçu.</p>
     <p>
      <persName ref="#L">LATIS</persName> : <title ref="#selectedworksofajarry">Selected Works of A. Jarry</title> par <persName ref="#rshattuck">R. Shattuck</persName> et <persName ref="#swtaylor">S.W. Taylor</persName>. (circule.)</p>
     <p>
      <persName ref="#kreisel">KREISEL</persName> (Logicien-mathématicien présenté par <persName ref="#RQ">R. Queneau</persName> et <persName ref="#FLL">F. Le Lionnais</persName>) : Avez- vous songé aux <term ref="#motsgeneriques">mots génériques</term>.</p>
     <p>– Bruit blanc -</p>
     <p>
      <persName ref="#kreisel">KREISEL</persName> : Certains <term ref="#ensembles">ensembles</term> peuvent être <persName ref="#definis">définis</persName> grâce à une <placeName ref="#information">information</placeName> partielle. D’autres pas. Avec Dieu, <term ref="#par">par</term> exemple, ce n’est pas possible : n’importe quelle « propriété » de Dieu ne peut contenir toutes les caractéristiques de Dieu.</p>
     <p>
      <persName ref="#RQ">QUENEAU</persName> : La distinction entre l’<term ref="#analytique">analytique</term> et le <term ref="#synthetique">synthétique</term> ?</p>
     <p>
      <persName ref="#kreisel">KREISEL</persName> : Non, c’est une position intermédiaire.</p>
     <p>
      <persName ref="#RQ">QUENEAU</persName> (aurait dit) : Avec Angleterre ça marche : Thé, ou <persName ref="#churchill">Churchill</persName> et on a tout le reste.</p>
     
      <pb xml:id="p2" n="2"/>
    
     <p>
      <persName ref="#PB">BRAFFORT</persName> : Dans une certaine littérature – la populaire, la policière par exemple – une quantité minime d’information suffit pour définir le héros dans sa totalité.</p>
     <p>
      <persName ref="#JQ">QUEVAL</persName> : D’un côté il y aurait la littérature populaire, de l’autre la « classique » où l’on essaye d’échapper aux différents schémas.</p>
     <p>
      <persName ref="#PB">BRAFFORT</persName> : Tout l’effort de l’Oulipo ne vise-t-il pas à démontrer le contraire.</p>
     <p>(A ce moment il est question <term ref="#dentrecotegenerique">d’entrecôte générique</term>. <persName ref="#FLL">F. Le Lionnais</persName> veut fonder l’<orgName ref="#oumapo">Oumapo</orgName>, afin d’examiner le sens de <term ref="#generique">générique</term>).</p>
     <p>
      <persName ref="#kreisel">KREISEL</persName> : Dans cette question des <term ref="#schemas">schémas</term> il me semble que deux aspects peuvent être considérés : 1) Positif : des schémas existent. 2) Négatif : Démontrer théoriquement qu’ils n’existent pas. L’Oulipo s’est-il intéressé à cette question ?</p>
     <p>
      <persName ref="#PB">BRAFFORT</persName> (courageusement) : Primo : notre notion est assez empirique, secondo : nous nous préoccupons (aussi) d’esthétique, tertio : nous nous heurtons au problème des <term ref="#ensembles">ensembles</term> finis et infinis.</p>
     <p>
      <persName ref="#kreisel">KREISEL</persName> : Si l’Oulipo soutient le « positif », c’est aux autres à soutenir le négatif.</p>
     <p>(Suit un long exposé de <persName ref="#kreisel">Kreisel</persName>. <persName ref="#CB">Berge</persName> et <persName ref="#FLL">Le Lionnais</persName> apprécient, commentent et décident « qu’il faudra revoir ça en dehors de cette table ». <persName ref="#JL">Lescure</persName> : « Pourquoi ? ». Quelqu’un rit. )</p>
     <p>
      <persName ref="#laserveuse">LA SERVEUSE</persName> : Qui veut des tartes ?</p>
     <p>
      <persName ref="#FLL">LE LIONNAIS</persName> : <persName ref="#JB">Bens</persName>, <persName ref="#JB">Bens</persName> est un amer en ce qui concerne les <orgName ref="#cerveauxreunis">cerveaux réunis</orgName>.</p>
     <p>
      <persName ref="#CB">BERGE</persName> : J’émets des doutes.</p>
     <p>
      <persName ref="#FLL">LE LIONNAIS</persName> : Moi aussi.</p>
     <p>
      <persName ref="#JL">LESCURE</persName> : Pas d’idées sans contrat, donc il faut d’abord trouver des contrats.</p>
     
      <pb xml:id="p3" n="3"/>
    
     <p>
      <persName ref="#CB">BERGE</persName> : Et Mouton ?</p>
     <p>
      <persName ref="#JQ">QUEVAL</persName> : Le front du mouton tiendra.</p>
     <p>
      <persName ref="#PB">BRAFFORT</persName> : J’aurais dû être député socialiste….( ?)</p>
     <p>
      <persName ref="#RQ">QUENEAU</persName> : ça avance. Je me sens visé, moi, j’ai eu des ennuis avec un pinceau de pot de colle.</p>
     <p>
      <persName ref="#CB">BERGE</persName> : Et le scotch ?</p>
     <p>
      <persName ref="#RQ">QUENEAU</persName> : J’y ai pensé mais il était abimé. Bref ça avance. Malade. Travail.</p>
     <p>Le S.P</p>
     <p>
      <persName ref="#JD">J.D</persName> 
    </p>
     <p>NB : Il est conseillé de lire, par <persName ref="#RQ">R. Queneau</persName> et <persName ref="#FLL">F. Le Lionnais</persName> « <title ref="#latheoriedesgroupesdalexandrof">La théorie des groupes d’Alexandrof</title> » chez <orgName ref="#dunod">Dunod</orgName>.</p>
   </body>
  </text>
</TEI>
