<?xml version="1.0" encoding="utf-8"?>
<?xml-model href="../difdepo.rnc" type="application/relax-ng-compact-syntax"?>
<TEI xmlns="http://www.tei-c.org/ns/1.0" xml:id="t10010022-1962-08-cr">
  <teiHeader>
   <fileDesc>
     <titleStmt>
      <title>Transcription du scan 10010022 pp. 1 à 2 (CR) : version TEI</title><respStmt><resp>transcription</resp><name>Invité</name></respStmt>
      
     </titleStmt>
     
     <publicationStmt>
      <p>Edition numérique distribué par le projet ANR DifDePo</p>
     </publicationStmt>
     <sourceDesc>
      <bibl><idno type="ark">12148/btv1b10010022p</idno><idno type="ead">d0e480</idno><idno>t10010022-1962-08-cr</idno><meeting xml:id="t10010022-1962-08"><date when="1962-08-24"/><placeName ref="#salleamangerdelaregence">Salle à manger de la Régence</placeName><list type="present"><item><persName ref="#CB"/></item><item><persName ref="#JD"/></item><item><persName ref="#JL"/></item><item><persName ref="#RQ"/></item><item><persName role="président" ref="#FLL"/></item><item><persName role="secrétaire" ref="#JD"/></item></list></meeting></bibl>
     </sourceDesc>
   </fileDesc>
   
   <revisionDesc>
     <listChange><change when="2016-04-21T21:29:05Z">Oulipo specific tags added</change>
      <change>
        <date>2016-04-21T20:53:35Z</date>
        <name>Invité</name>
      </change>
     </listChange>
   </revisionDesc>
  </teiHeader>
  <text type="CR">
   <body><pb xml:id="p1" n="1"/>
     
     
     
     
     
     
     
     
     
     
     
     <p rend="incipit">
      <orgName ref="#ouvroirde">
        OUVROIR DE
      </orgName> 
    </p>
     <p rend="incipit">
      <orgName ref="#litterature">
        LITTERATURE
      </orgName> 
    </p>
     <p rend="incipit">
      <orgName ref="#potentielle">
        POTENTIELLE
      </orgName> 
    </p>
     <p rend="incipit">Circulaire n°24</p>
     <p rend="incipit">Réunion du 24 août 1962</p>
     <p rend="incipit">(dans la salle à manger de la Régence)</p>
     <p rend="incipit">PRESENTS : <persName ref="#JB">BENS</persName>, <persName ref="#JD">DUCHATEAU</persName>, <persName ref="#FLL">LE LIONNAIS</persName>, <persName ref="#JL">LESCURE</persName>, <persName ref="#RQ">QUENEAU</persName>.</p>
     <p rend="incipit">Excusés : Les autres.</p>
     <p rend="incipit">PRESIDENT : <persName ref="#FLL">LE LIONNAIS</persName>.</p>
     <p>La pluie nous ayant chassé des jardins, nous nous retirons à l’abri.</p>
     <p>
      <persName ref="#RQ">Queneau</persName> présente des documents sur les écrits <term ref="#lipogrammatiques">lipogrammatiques</term>, des remarques de <persName ref="#mbalestra">M. Balestra</persName> sur les <title ref="#centmillemilliardsdepoemes">cent mille milliards de poèmes</title>, ainsi qu’un <term ref="#poemeisovocalique">poème isovocalique</term> sur « <title ref="#leviergelevivace">le vierge, le vivace</title>, etc… »</p>
     <p>(<ref>Voir annexes</ref>)</p>
     <p>
      <persName ref="#FLL">LE LIONNAIS</persName> : On peut faire des <term ref="#isomorphismes">isomorphismes</term> et transformer des poèmes préexistants d’un bout à l’autre.</p>
     <p>
      <persName ref="#JB">BENS</persName> : J’admire, parce que j’ai essayé les <term ref="#isovocalismes">isovocalismes</term> et j’ai pu constater que c’est très difficile. Il y a des verbes insolubles.</p>
     <p>
      <persName ref="#RQ">QUENEAU</persName> : Mais je crois que notre bon <persName ref="#mallarme">Mallarmé</persName> est parfaitement <term ref="#potentiel">potentiel</term>.</p>
     <p>
      <persName ref="#FLL">Le Lionnais</persName> présente alors un <ref>poème</ref> 
      <term ref="#holorime">holorime</term> « à répétition ».</p>
     <p>(<ref>Voir annexes</ref>)</p>
     <p>
      <persName ref="#FLL">Le Lionnais</persName> propose alors de composer un poème <term ref="#tangent">tangent</term> à trois poèmes <term ref="#tangents">tangents</term> deux à deux. Cela se rapproche du problème d’<persName ref="#apollonius">Apollonius</persName> (trois sphères plus une). Les conventions à utiliser sont les suivantes :</p>
     <list type="unordered">
      <item>Inscrire un poème non dans un rectangle mais dans un cercle</item>
      <item>On appellera « <term ref="#bords">bords</term> » du poème : le premier et le dernier mot de chaque <term ref="#vers">vers</term>, ainsi que le premier et le dernier <term ref="#vers">vers</term>
      </item>
      <item>Il y a <term ref="#tangence">tangence</term> quand les bords des deux poèmes ont un mot commun</item>
    </list>
     <p>On discute pour arriver à comprendre. On y parvient. On souhaite de nouveaux contacts avec <persName ref="#mquemada">M. Quemada</persName>.</p>
     <p>
      <persName ref="#FLL">LE LIONNAIS</persName> : Il nous faudrait un <term ref="#inventaire">inventaire</term> des « <term ref="#bords">bords</term> » de la littérature française.</p>
     <p>
      <persName ref="#JB">BENS</persName> : Comment fera-t-on avec le théâtre en <term ref="#vers">vers</term> ? La <term ref="#tirade">tirade</term> est-elle un poème ?</p>
     
      <pb xml:id="p2" n="2"/>
    
     <p>
      <persName ref="#FLL">LE LIONNAIS</persName> : Cela dépend : oui si elle fait un tout. Exemples : <title ref="#lesongedathalie">le songe d’Athalie</title>, <title ref="#lesstancesderodrigue">les Stances de Rodrigue</title>.</p>
     <p>
      <persName ref="#RQ">QUENEAU</persName> : Pour que le problème soit intéressant, il faudrait faire en sorte que le 4ème poème (celui qui est à composer) soit <title ref="#lajeuneparque">La Jeune Parque</title>.</p>
     <p>
      <persName ref="#JB">BENS</persName> : On pourrait essayer avec trois <term ref="#vers">vers</term>, plus un.</p>
     <p>
      <persName ref="#FLL">LE LIONNAIS</persName> : Ce n’est pas sérieux.</p>
     <p>
      <persName ref="#JB">BENS</persName> : C’est un exercice.</p>
     <p>
      <persName ref="#FLL">LE LIONNAIS</persName> : Un exercice à dissimuler !</p>
     <p>
      <persName ref="#FLL">LE LIONNAIS</persName> : J’envisage des poèmes <term ref="#anaglyphiques">anaglyphiques</term>, à lire avec des lunettes rouges et vertes. Et même des poèmes à quatre dimensions.</p>
     <p>
      <persName ref="#RQ">QUENEAU</persName> (la bouche pleine) : Ch’est quand même <term ref="#metrique">métrique</term>, et non <term ref="#topologique">topologique</term>. Il faut écrire des <term ref="#vers">vers</term> de la même dimension, sinon ils ne seront pas <term ref="#tangents">tangents</term>.</p>
     <p>
      <persName ref="#FLL">LE LIONNAIS</persName> : Il y a une <term ref="#metrique">métrique</term> des <term ref="#bords">bords</term>. L’intérieur est sans importance.</p>
     <p>
      <persName ref="#JB">BENS</persName> (entre ses dents) : Hypocrite.</p>
     <p>
      <persName ref="#FLL">LE LIONNAIS</persName> : J’ai l’intention, d’ailleurs, de proposer l’étude des <unclear>séquences/sécances</unclear>, et notamment des cordes dans les figures.</p>
     <p>
      <persName ref="#JB">BENS</persName> : Il nous épuisera.</p>
     <p>
      <persName ref="#JL">LESCURE</persName> (pensif) : Il y a tout de même quelque chose à faire dans le poème évidé.</p>
     <p>
      <persName ref="#RQ">QUENEAU</persName> : C’est l’œuf de Colomb : on met sa mouillette, il ne reste que le bord.</p>
     <p>(Intermède : deux répliques de « <persName ref="#landru">Landru</persName> »)</p>
     <p>On reparle de <persName ref="#mflorkin">M. Florkin</persName> et de Liège. Il y eut des échanges de correspondance. On attend.</p>
     <p>Considérations nombreuses sur le jeu d’échecs.</p>
     <p>Prochaine réunion le 14 septembre 1962.</p>
     <p>
      <persName ref="#JB">J.B.</persName> 
    </p>
   </body>
  </text>
</TEI>
