<?xml version="1.0" encoding="utf-8"?>
<?xml-model href="../difdepo.rnc" type="application/relax-ng-compact-syntax"?>
<TEI xmlns="http://www.tei-c.org/ns/1.0" xml:id="t10010052-1965-02-oj">
  <teiHeader>
   <fileDesc>
     <titleStmt>
      <title>Transcription du scan 10010052 pp. 17 à 18 (OJ) : version TEI</title><respStmt><resp>transcription</resp><name>Camille Bloomfield</name></respStmt>
      
     </titleStmt>
     
     <publicationStmt>
      <p>Edition numérique distribué par le projet ANR DifDePo</p>
     </publicationStmt>
     <sourceDesc>
      <bibl><idno>t10010052-1965-02-oj</idno><title>Ordre de jour de <ref target="difdepo:t10010052-1965-02">la réunion Oulipo</ref> du <date when="1965-02-01"/></title></bibl>
     </sourceDesc>
   </fileDesc>
   
   <revisionDesc>
     <listChange><change when="2016-05-26T21:46:03Z">Oulipo specific tags added</change>
      <change>
        <date>2016-05-26T21:41:35Z</date>
        <name>Camille Bloomfield</name>
      </change>
     </listChange>
   </revisionDesc>
  </teiHeader>
  <text type="OJ">
   <body><pb xml:id="p17" n="17"/>
     
     
     
     
     
     
     
     
     
     
     
     <p rend="incipit">OuLiPo</p>
     <p rend="incipit">Réunion du Gueule 1 Gueules 93 014</p>
     <p rend="incipit">(vulg : Vendredi 1er février 1965)</p>
     <p rend="incipit">Ordre du jour proposé</p>
     <p>INVITE D’HONNEUR : <persName ref="#professeurgkreisel">Professeur G. Kreisel</persName> (Illogique mathématique)</p>
     <p>ABSENCE EXCUSEES : <persName ref="#be">Be</persName> (<persName ref="#ns">ns</persName> + <persName ref="#rge">rge</persName>) <persName ref="#AB">Blavier</persName>, <persName ref="#AMS">Schmidt</persName>, <persName ref="#NA">Arnaud</persName> 
    </p>
     <p><label type="rubrique">ERUDITIONS</label></p>
     <list type="ordered">
      <item>
        <term ref="#sonnet">Sonnet</term> de <persName ref="#victorhugo">Victor Hugo</persName> – <persName ref="#RQ">R. Queneau</persName>
      </item>
      <item/>
      <item/>
      <item/>
      <item/>
      <item/>
      <item/>
    </list>
     <p><label type="rubrique">CREATIONS</label></p>
     <list type="ordered">
      <item>
        <term ref="#discrete">Discrète</term> 
        <unclear>ouverte</unclear> au <persName ref="#professeurkreisel">professeur Kreisel</persName> – <persName ref="#FLL">FLL</persName>
      </item>
      <item>Y-a-t ’il des <term ref="#mots">mots</term> « <term ref="#generiques">génériques</term> ? » <persName ref="#gkreisel">- G. Kreisel</persName> 
      </item>
      <item/>
      <item/>
      <item/>
      <item/>
      <item/>
    </list>
     <p><label type="rubrique">ACTIONS</label></p>
     <list type="ordered">
      <item>
        <orgName ref="#lescerveauxreunis">Les Cerveaux réunis</orgName> 
      </item>
      <item>
        <term ref="#esclave">Esclave</term> pour <persName ref="#JD">J. Duchateau</persName> 
      </item>
      <item>
        <ref>L’enregistrement de Verviers</ref> est-il un <term ref="#mythe">mythe</term> ?</item>
      <item>
        <term ref="#dieu">Dieu</term> est-il pop ?</item>
      <item>Visite de S.A </item>
      <item/>
      <item/>
      <item>
        <term ref="#grilledeslibertes">Grille des libertés</term> 
      </item>
      <item>Prochain invité d’honneur </item>
      <item>Prochaine réunion </item>
    </list>
     
      <pb xml:id="p18" n="18"/>
    
     <p rend="incipit">OuLiPo</p>
     <p rend="incipit">Réunion du Gueule 1 Gueules 93 014</p>
     <p rend="incipit">(vulg : Vendredi 1er février 1965)</p>
     <p rend="incipit">Ordre du jour proposé</p>
     <p>INVITE D’HONNEUR : <persName ref="#professeurgkreisel">Professeur G. Kreisel</persName> (Illogique mathématique)</p>
     <p>ABSENCE EXCUSEES : <persName ref="#be">Be</persName> (<persName ref="#ns">ns</persName> + <persName ref="#rge">rge</persName>) <persName ref="#AB">Blavier</persName>, <persName ref="#AMS">Schmidt</persName>, <persName ref="#NA">Arnaud</persName> 
    </p>
     <p>Et naturellement : Président : <persName ref="#CB">Claude Berge</persName>
    </p>
     <p><label type="rubrique">ERUDITIONS</label></p>
     <list type="ordered">
      <item>
        <term ref="#sonnet">Sonnet</term> de <persName ref="#victorhugo">Victor Hugo</persName> – <persName ref="#RQ">R. Queneau</persName>
      </item>
    </list>
     <p><label type="rubrique">CREATIONS</label></p>
     <list type="ordered">
      <item>
        <term ref="#discrete">Discrète</term> 
        <unclear>ouverte</unclear> au <persName ref="#professeurkreisel">professeur Kreisel</persName> – <persName ref="#FLL">FLL</persName>
      </item>
      <item>Y-a-t ’il des <term ref="#mots">mots</term> « <term ref="#generiques">génériques</term> ? » <persName ref="#gkreisel">- G. Kreisel</persName> 
      </item>
      <item/>
    </list>
     <p><label type="rubrique">ACTIONS</label></p>
     <list type="ordered">
      <item>Les <orgName ref="#cerveauxreunis">Cerveaux réunis</orgName> – <persName ref="#FLL">FLL</persName>. (pour réunion élément de réponse à <persName ref="#JB">JB</persName>)</item>
      <item>
        <term ref="#esclave">Esclave</term> pour <persName ref="#JD">J. Duchateau</persName> 
      </item>
      <item>
        <ref>L’enregistrement de Verviers</ref> est-il un mythe ?</item>
      <item>Dieu est-il pop ? </item>
      <item>Visite de S.A </item>
      <item>
        <term ref="#grilledeslibertes">Grille des libertés</term> 
      </item>
      <item>Prochain invité d’honneur </item>
      <item>Prochaine réunion : <name type="manif" ref="#oulibasque">Oulibasque</name>. Lundi 8 mars 1965</item>
    </list>
   </body>
  </text>
</TEI>
