<?xml version="1.0" encoding="utf-8"?>
<TEI xmlns="http://www.tei-c.org/ns/1.0" xml:id="t10010235-1981-01-oj">  <teiHeader>   <fileDesc>     <titleStmt>      <title>Transcription du scan 10010235 pp. 26 à 26 (OJ) : version TEI</title><respStmt><resp>transcription</resp><name>Natalie Berkman</name></respStmt>           </titleStmt>          <publicationStmt>      <p>Edition numérique distribué par le projet ANR DifDePo</p>     </publicationStmt>     <sourceDesc>      <bibl><idno type="ark">12148/btv1b100102356</idno><idno type="ead">d0e5485</idno><idno>t10010235-1981-01-oj</idno><title>Ordre de jour de <ref target="difdepo:t10010235-1981-01">la réunion Oulipo</ref> du <date when="1981-01-30"/></title></bibl>     </sourceDesc>   </fileDesc>      <revisionDesc>     <listChange><change when="2016-05-26T21:46:07Z">Oulipo specific tags added</change>      <change>        <date>2016-05-26T21:42:03Z</date>        <name>Natalie Berkman</name>      </change>     </listChange>   </revisionDesc>  </teiHeader>  <text type="OJ">   <body><pb xml:id="p26" n="26"/>                                                            <p rend="incipit">Oulipo. 30 I 81</p>     <p rend="incipit">Chez Fournel</p>     <p rend="incipit">JR JG CB LE JB</p>     <p><label type="rubrique">Créations</label></p>     <list type="unordered">      <item>        <persName ref="#JR">JR</persName>         <title ref="#ioetleloup17">Io et le loup 17</title>         <term ref="#haikai">haïkaï</term> en <term ref="#ouliporismes">ouliporismes</term>      </item>      <item>        <persName ref="#PF">PF</persName>       </item>      <item>        <term ref="#minidramatiqueradiophonique">Mini dramatique radiophonique</term>      </item>      <item>4e de couverture</item>      <item>        <persName ref="#HM">HM</persName> Divergence</item>      <item>        <persName ref="#CB">CB</persName>         <term ref="#poemesinfinis">Poèmes infinis</term>      </item>      <item>        <persName ref="#MB">MB</persName> par élèves</item>      <item>        <persName ref="#jrmaarri">JR Maarri</persName>      </item>      <item>        <persName ref="#PF">PF</persName>         <term ref="#plagiatparanticipation">plagiat par anticipation</term>      </item>      <item>        <persName ref="#jgpeguy">JG Péguy</persName>      </item>      <item>        <persName ref="#LE">LE</persName>      </item>    </list>     <p><label type="rubrique">Action</label></p>     <list type="unordered">      <item>        <persName ref="#JQ">JQ</persName> inviter <persName ref="#GP">GP</persName> comme invité d’honneur</item>      <item>        <persName ref="#PF">PF</persName> 4e de couverture</item>      <item>        <persName ref="#PF">PF</persName>       </item>      <item>        <name ref="#rameilnantes" type="manif">Rameil-Nantes</name>      </item>      <item>        <name ref="#stagedepaques" type="manif">Stage de Pâques</name>      </item>      <item>        <title ref="#bo">BO</title> vol 2</item>      <item>        <persName ref="#LE">LE</persName>         <title ref="#bo">BO</title>      </item>      <item>        <persName ref="#LE">LE</persName> invité d’honneur</item>      <item>        <persName ref="#CB">CB</persName> Présentation avec <persName ref="#MB">MB</persName>      </item>    </list>     <p><label type="rubrique">Finances</label></p>     <list type="unordered">      <item>        <persName ref="#PF">PF</persName> vol. 2</item>      <item>        <persName ref="#MB">MB</persName>      </item>    </list>     <p><label type="rubrique">L’invité d’honneur</label></p>     <p><label type="rubrique">      <persName ref="#LE">LE</persName>    </label></p>     <p><label type="rubrique">Menus</label></p>     <list type="unordered">      <item>        <persName ref="#JB">JB</persName> 2 menus</item>      <item>JQ <orgName ref="#gallimard">Gallimard</orgName>      </item>      <item>        <persName ref="#PF">PF</persName>         <orgName ref="#slatkine">Slatkine</orgName>      </item>      <item>        <persName ref="#JR">JR</persName> Hommage à <persName ref="#sebastienbottin">Sébastien Bottin</persName>      </item>    </list>   </body>  </text></TEI>
