<?xml version="1.0" encoding="utf-8"?>
<?xml-model href="../difdepo.rnc" type="application/relax-ng-compact-syntax"?>
<TEI xmlns="http://www.tei-c.org/ns/1.0" xml:id="t10010235-1981-01-cr">
  <teiHeader>
   <fileDesc>
     <titleStmt>
      <title>Transcription du scan 10010235 pp. 10 à 11 (CR) : version TEI</title><respStmt><resp>transcription</resp><name>Natalie Berkman</name></respStmt>
      
     </titleStmt>
     
     <publicationStmt>
      <p>Edition numérique distribué par le projet ANR DifDePo</p>
     </publicationStmt>
     <sourceDesc>
      <bibl><idno>t10010235-1981-01-cr</idno><meeting xml:id="t10010235-1981-01"><date when="1981-01-30"/><placeName ref="#chezpaulfournel">chez Paul Fournel</placeName><list type="present"><item><persName ref="#JR"/></item><item><persName ref="#JG"/></item><item><persName ref="#CB"/></item><item><persName ref="#LE"/></item><item><persName ref="#JB"/></item><item><persName ref="#PF"/></item></list></meeting></bibl>
     </sourceDesc>
   </fileDesc>
   
   <revisionDesc>
     <listChange><change when="2016-05-26T21:46:06Z">Oulipo specific tags added</change>
      <change>
        <date>2016-05-26T21:41:54Z</date>
        <name>Natalie Berkman</name>
      </change>
     </listChange>
   </revisionDesc>
  </teiHeader>
  <text type="CR">
   <body><pb xml:id="p10" n="10"/>
     
     
     
     
     
     
     
     
     
     
     
     <p rend="incipit">30 janvier</p>
     <p>– Sur proposition <persName ref="#JQ">JQ</persName>, lettre à <persName ref="#GP">GP</persName> pour lui proposer d’être prochainement notre invité d’honneur.</p>
     <p><label type="rubrique">Menus propos</label></p>
     <p><label type="rubrique">– <persName ref="#JQ">JQ</persName> remet son menu propos à la fin.</label></p>
     <p><label type="rubrique">– <persName ref="#PF">PF</persName> informe l’assemblée, qu’à partir du 2/2 il sera chez <orgName ref="#slatkinefrance">Slatkine France</orgName> 7 quai Malaquais (H. Champion) 634 07 29.</label></p>
     <p><label type="rubrique">– <persName ref="#JR">JR</persName> présente son hommage à <persName ref="#sebastienbottin">Sébastien Bottin</persName>.</label></p>
     <p><label type="rubrique">Erudition</label></p>
     <p><label type="rubrique">– <persName ref="#JR">JR</persName> présente <persName ref="#maarri">Maarri</persName> arabe précurseur de l’oulipo au 11e siècle par son livre dont le titre est : <title ref="#obligationdunonobligatoire">obligation du non obligatoire</title>
    </label></p>
     <p><label type="rubrique">– <persName ref="#PF">PF</persName> est sur la piste d’un <term ref="#plagiaireparanticipation">plagiaire par anticipation</term> (<unclear>through</unclear> 
      <persName ref="#valentinbru">Valentin Brû</persName>) un livre pour enfant qui serait oulipien.</label></p>
     <p>
      <persName ref="#JB">Jacques Bens</persName> arrive que l’on attendait point. (12h30).</p>
     <p><label type="rubrique">On revient aux menus propos.</label></p>
     <p><label type="rubrique">– <persName ref="#JB">JB</persName> a enregistré pour la <orgName ref="#suisseromande">Suisse Romande</orgName> et a parlé sur les troubadours.</label></p>
     <p><label type="rubrique">– <persName ref="#JB">JB</persName> est allé à <orgName ref="#toulousefr3">Toulouse FR3</orgName> et a parlé de l’oulipo.</label></p>
     <p><label type="rubrique">– <persName ref="#jqqueneau">JQ Queneau</persName> avait envoyé autrefois le livre de <persName ref="#polti">Polti</persName> : <title ref="#les36situationsdramatiques">Les 36 situations dramatiques</title>. <persName ref="#JQ">JQ</persName> lit <persName ref="#peguy">Péguy</persName> qui fait un tableau qui <unclear>dichotomise</unclear> les « opérations » public ou privé… (Pléiade <persName ref="#peguy">Péguy</persName> 
      <title ref="#prose">Prose</title>, 980).</label></p>
     <p><label type="rubrique">Action</label></p>
     <p><label type="rubrique">– <persName ref="#PF">PF</persName> 1 <name type="manif" ref="#rameilnantes">Rameil Nantes</name>. Conférence dans le pays lu gros plan. a) 7 février b) 21 février un ou 2 complices de <persName ref="#NA">Noël Arnaud</persName>.</label></p>
     <p><label type="rubrique">– <persName ref="#PF">PF</persName> 2 <name type="manif" ref="#stagedepaques">Stage de Pâques.</name> Qui va ? 4 jours 3 oulipiens stagiaires payants. Sous.</label></p>
     <p><label type="rubrique">Création</label></p>
     <p><label type="rubrique">– <persName ref="#JR">JR</persName> présente ses <term ref="#haikus">haïkus</term> en <term ref="#ouliporismes">ouliporismes</term>.</label></p>
     <p><label type="rubrique">– <persName ref="#PF">PF</persName> présente une mini <term ref="#dramatiqueradiophonique">dramatique radiophonique</term>. Magnétophone à 8 pistes. Chaque bande représente une piste. Plusieurs possibilités narratives. (<persName ref="#LE">LE</persName> réalise les 1014 sur un magnétophone à 16 pistes).</label></p>
     <p><label type="rubrique">Discussion technique entre <persName ref="#HM">HM</persName> et <persName ref="#PF">PF.</persName>
    </label></p>
     <p><label type="rubrique">– <persName ref="#HM">HM</persName> une « <term ref="#contreintersection">contre intersection</term> ». Un texte T1 est l’<term ref="#intersection">intersection</term> de T2 et T’2 à écrire. Rien d’autre n’est commun (de significatif).</label></p>
     
      <pb xml:id="p11" n="11"/>
    
     <p><label type="rubrique">
      <persName ref="#PF">PF</persName> La quatrième de couverture de <title ref="#oulipo2">Oulipo 2</title>.</label></p>
     <p><label type="rubrique">Ce n’est pas à la création. <persName ref="#CB">CB</persName> 
      <term ref="#poemesinfinis">Poèmes infinis</term> : <persName ref="#CB">CB</persName> enverra l’article de <unclear>Moïse Heghune</unclear>
      <persName/> à <persName ref="#PB">PB</persName> et <persName ref="#JR">JR.</persName>
    </label></p>
     <p><label type="rubrique">
      <persName ref="#MB">MB</persName> Création par élèves : <persName ref="#bernardmagne">Bernard Magné</persName> élève à <name type="manif" ref="#villeneuve">Villeneuve</name> a fait 27 incipits, combinaison du début de <title ref="#bouvardetpecuchet">Bouvard et Pécuchet</title>, la <title ref="#chartreusedeparme">Chartreuse de Parme</title> et <title ref="#leducationsentimentale">L’Education sentimentale</title>. Exemplaire <term ref="#traductiondiasemique">traduction diasémique</term> des <title ref="#chats">chats</title>.</label></p>
     <p><label type="rubrique">
      <persName ref="#PB">PB</persName> propose que les mots qui bougent changent de sens.</label></p>
     <p><label type="rubrique">Actions</label></p>
     <p><label type="rubrique">
      <persName ref="#PF">PF</persName> pas de textes pour la <title ref="#bo">BO</title>. On attend le texte de <persName ref="#CB">CB</persName> et celui de <persName ref="#FLL">FLL</persName>. <persName ref="#FLL">FLL</persName> est retardé de 3 mois.</label></p>
     <p><label type="rubrique">
      <persName ref="#LE">LE</persName> propose l’invitation de <persName ref="#robertsabatier">Robert Sabatier</persName>.</label></p>
     <p><label type="rubrique">
      <persName ref="#PF">PF</persName> verse un chèque de 6750 pour <title ref="#oulipo2">Oulipo 2.</title>
    </label></p>
     <p><label type="rubrique">Rédaction collective de la 4ème de couverture de L’<title ref="#oulipo2">Oulipo 2</title>
    </label></p>
   </body>
  </text>
</TEI>
