<?xml version="1.0" encoding="utf-8"?>
<?xml-model href="../difdepo.rnc" type="application/relax-ng-compact-syntax"?>
<TEI xmlns="http://www.tei-c.org/ns/1.0" xml:id="t100010256-1982-12-cv">
	<teiHeader>
		<fileDesc>
			<titleStmt>
				<title>Transcription du scan 100010256 pp. 1 à 1(CR) : version TEI</title>
				<respStmt>
					<resp>transcription et balisage</resp>
					<name>Chiara Mainardi</name>
				</respStmt>
			</titleStmt>
			
			<publicationStmt>
				<p>Edition numérique distribué par le projet ANR DifDePo</p>
			</publicationStmt>
			<sourceDesc>
				<bibl>
					<idno type="ark">12148/btv1b10010256g</idno><idno type="ead">d0e6043</idno><idno>t100010256-1982-12-cv</idno>
					<title>Convocation à <ref target="difdepo:t100010256-1982-12">une réunion Oulipo</ref>,
						envoyée le <date when="1982-12-01"/> par <persName role="expéditeur" ref="#PF">Paul Fournel</persName></title>
				</bibl>
			</sourceDesc>
		</fileDesc>
		
		<revisionDesc>
			<listChange>
				<change when="2017-01-28">Validation</change>
				<change>
					<date>2017-01-28</date>
					<name>Hélène Campaignolle</name>
				</change>
			</listChange>
		</revisionDesc>
	</teiHeader>
	<text type="CV">
		<body>
			<pb xml:id="p1" n="1"/>
			<p rend="incipit">Oulipo</p>
			<p rend="incipit">1er Décembre 1982</p>
			<p>Brigadiens,</p>
			<p>La prochaine réunion de l’ouvroir aura lieu le <date>vendredi 17 Décembre</date> à 11h chez le Président-fondateur
				<persName ref="#FLL">FLL</persName> au 23 route de la reine à <placeName ref="#boulogne">Boulogne</placeName> (605 90 13)</p>
			<p>Retournez la découpe ci-dessous pour faciliter la tâche culinaire... Merci.</p>
			<p>Au 17.</p>
			<p>un sécretaire: <persName ref="#paul">Paul</persName>
			</p>
		</body>
	</text>
</TEI>
