<?xml version="1.0" encoding="utf-8"?>
<?xml-model href="../difdepo.rnc" type="application/relax-ng-compact-syntax"?>
<TEI xmlns="http://www.tei-c.org/ns/1.0" xml:id="t10010051-1965-01-cr">
  <teiHeader>
   <fileDesc>
     <titleStmt>
      <title>Transcription du scan 10010051 pp. 7 à 9 (CR) : version TEI</title><respStmt><resp>transcription</resp><name>Invité</name></respStmt>
      
     </titleStmt>
     
     <publicationStmt>
      <p>Edition numérique distribué par le projet ANR DifDePo</p>
     </publicationStmt>
     <sourceDesc>
      <bibl><idno type="ark">12148/btv1b10010051g</idno><idno type="ead">d0e1136</idno><idno>t10010051-1965-01-cr</idno><meeting xml:id="t10010051-1965-01"><date when="1965-01-08"/><list type="present"><item><persName ref="#NA"/></item><item><persName ref="#PB"/></item><item><persName ref="#JQ"/></item><item><persName ref="#FLL"/></item><item><persName ref="#JD"/></item><item><persName role="invité" ref="#profmargat">Prof. Margat</persName></item><item><persName role="président" ref="#JL"/></item></list></meeting></bibl>
     </sourceDesc>
   </fileDesc>
   
   <revisionDesc>
     <listChange><change when="2016-05-26T21:46:01Z">Oulipo specific tags added</change>
      <change>
        <date>2016-05-26T21:41:20Z</date>
        <name>Invité</name>
      </change>
     </listChange>
   </revisionDesc>
  </teiHeader>
  <text type="CR">
   <body><pb xml:id="p7" n="7"/>
     
     
     
     
     
     
     
     
     
     
     
     <p rend="incipit">OUVROIR DE</p>
     <p rend="incipit">LITTERATURE</p>
     <p rend="incipit">POTENTIELLE</p>
     <p rend="incipit">CIRCULAIRE No. 57</p>
     <p rend="incipit">COMPTE-RENDU DE LA REUNION DU 8 JANVIER, 1965</p>
     <p rend="incipit">PRESENTS : <persName ref="#profmargat">Prof. Margat</persName> (invité), <persName ref="#NA">N. Arnaud</persName>, <persName ref="#PB">P. Braffort</persName>, <persName ref="#JQ">J. Queval</persName>, <persName ref="#FLL">F. Le Lionnais</persName>, <persName ref="#JD">J. Duchateau</persName>
    </p>
     <p rend="incipit">PRESIDENT : <persName ref="#JL">J. LESCURE</persName>
    </p>
     <p><label type="rubrique">
      <persName ref="#PB">BRAFFORT</persName> présente le <persName ref="#profmargat">Prof. Margat</persName> : Géologue (grand), des travaux sur la <term ref="#phrasesacramentelle">phrase sacramentelle</term>, des dessins dans <title ref="#bizarre">Bizarre</title>, <title ref="#lajoconde">la Joconde</title> (Film de <persName ref="#hgruel">H. Gruel</persName>)</label></p>
     <p><label type="rubrique">
      <persName ref="#JL">LESCURE</persName> : En lisant d’une page sur l’autre, c’est-à-dire horizontalement un recueil de poèmes de… trouvé chez <persName ref="#RQ">R. Queneau</persName>, j’ai constaté une nette amélioration par rapport à la lecture « normale »</label></p>
     <p><label type="rubrique">(<persName ref="#JL">J. Lescure</persName> lit le poème et ne le donne pas au <persName ref="#secretaire">secrétaire</persName>).</label></p>
     <p><label type="rubrique">
      <persName ref="#JL">LESCURE</persName> : C’est la fatalité séquentielle.</label></p>
     <p><label type="rubrique">
      <persName ref="#PB">BRAFFORT</persName> : ça supprime l’aspect <persName ref="#aragon">Aragon</persName>.</label></p>
     <p><label type="rubrique">
      <persName ref="#FLL">LE LIONNAIS</persName> : C’est toujours ça de gagné</label></p>
     <p>
      <persName ref="#JD">Duchateau</persName> fait part d’un travail sur <persName ref="#roussel">Roussel</persName>. L’analyse d’un fragment du chapitre 15 des <title ref="#impressionsdafrique">impressions d’Afrique</title> permet de mettre en évidence :</p>
     <list type="ordered">
      <item>le souci de répéter certains (très peu) mots clefs pour la scène. </item>
      <item>Le désir de mettre en évidence ces <term ref="#repetitions">répétitions</term> en évitant d’autres <term ref="#repetitions">répétitions</term> par un jeu de <term ref="#periphrases">périphrases</term>.</item>
    </list>
     
      <pb xml:id="p8" n="8"/>
    
     <list type="ordered">
      <item>Le caractère plus qu’évident de ces <term ref="#periphrases">périphrases</term> a pour effet de « remonter » la <term ref="#redondance">redondance</term> par ailleurs assez faible, du fait du petit nombre de mots répétés.</item>
    </list>
     <p>NB : Il est rappelé que nous devons nous méfier de la linguistique, notre but étant, non pas une analyse de ce genre, mais la découverte (et la création) de <term ref="#contraintes">contraintes</term> susceptibles de donner des <term ref="#regles">règles</term> voire des structures utilisables.</p>
     <p>
      <persName ref="#NA">N. Arnaud</persName> et <persName ref="#JL">J. Lescure</persName> nous entretiennent des <term ref="#grilles">grilles</term>.</p>
     <p>
      <persName ref="#JL">LESCURE</persName> : Si vous prenez une mauvaise gouache et que vous la découpiez en 40, il y en aura 20 qui seront meilleures que l’original.</p>
     <p>
      <persName ref="#NA">ARNAUD</persName> : Moi je voulais parler plutôt de <term ref="#cache">cache</term>. Des <term ref="#caches">caches</term> qui seraient appliqués sur un texte. <persName ref="#char">Char</persName> et <persName ref="#rimbaud">Rimbaud</persName> en ont utilisés souvent.</p>
     <p>
      <persName ref="#PB">BRAFFORT</persName> : La <term ref="#microstructure">microstructure</term> supérieure à la <term ref="#monostructure">monostructure</term>.</p>
     <p>
      <persName ref="#JL">LESCURE</persName> : La <term ref="#grille">grille</term> doit être arbitraire.</p>
     <p>
      <persName ref="#JQ">J . Queval</persName> parle de cet auteur… qui prétendait que <persName ref="#rimbaud">Rimbaud</persName> avait plagié le <title ref="#voyage">voyage</title> de <persName ref="#cook">Cook</persName>. Le même personnage aurait aussi expliqué <persName ref="#mallarme">Mallarmé</persName> de cette manière.</p>
     <p>Il est question de différents travaux, non remis au secrétariat.</p>
     <p>
      <persName ref="#PB">BRAFFORT</persName> : Un travail sur un poème de <persName ref="#RQ">Queneau</persName>.</p>
     
      <pb xml:id="p9" n="9"/>
    
     <p>
      <persName ref="#FLL">LE LIONNAIS</persName> : Un travail à <persName ref="#CB">Berge</persName> à partir des carrés latins. <persName ref="#CB">Berge</persName> doit nous fournir des éclaircissements à ce sujet.</p>
     <p>
      <persName ref="#FLL">LE LIONNAIS</persName> : Parle des <term ref="#puzzlescombinatoires">puzzles, combinatoires</term> : Le personnage peut être modifié (femme = taureau) et cela doit raccorder.</p>
     <p>
      <persName ref="#FLL">F. Le Lionnais</persName> se faisant le porte-parole de <persName ref="#RQ">R. Queneau</persName> nous entretient de <persName ref="#alexandredumasiate">Alexandre Dumasiate</persName>.</p>
     <p>
      <persName ref="#JQ">QUEVAL</persName> et <persName ref="#PB">BRAFFORT</persName> : <persName ref="#mao">Mao</persName>, est-ce un asiate ?</p>
     <p>
      <persName ref="#JL">LESCURE</persName> : La vache.</p>
     <p>
      <persName ref="#FLL">LE LIONNAIS</persName> : <persName ref="#aramis">Aramis</persName> fait des vers d’une seule syllabe.</p>
     <p>Il est encore question des cerveaux réunis, du <ref>texte circulaire pour la Halle aux Vins</ref>, conseillé de méditer sur le thème <term ref="#inspiration">inspiration</term> et <term ref="#genie">génie</term>.</p>
     <p>PS : Il est rappelé que les travaux « exposés » doivent être remis au secrétariat avec mode d’emploi.</p>
     <p>Prochaine réunion : le 1er Février, <name type="manif" ref="#basque">Basque</name>.</p>
     <p>Le <persName ref="#sp">S.P</persName>
    </p>
     <p>
      <persName ref="#JD">J.D</persName>
    </p>
   </body>
  </text>
</TEI>
