<?xml version="1.0" encoding="utf-8"?>
<?xml-model href="../difdepo.rnc" type="application/relax-ng-compact-syntax"?>
<TEI xmlns="http://www.tei-c.org/ns/1.0" xml:id="t10010237-1981-03-cr">
  <teiHeader>
   <fileDesc>
     <titleStmt>
      <title>Transcription du scan 10010237 pp. 12 à 14 (CR) : version TEI</title><respStmt><resp>transcription</resp><name>Natalie Berkman</name></respStmt>
      
     </titleStmt>
     
     <publicationStmt>
      <p>Edition numérique distribué par le projet ANR DifDePo</p>
     </publicationStmt>
     <sourceDesc>
      <bibl><idno type="ark">12148/btv1b100102373</idno><idno type="ead">d0e5545</idno><idno>t10010237-1981-03-cr</idno><meeting xml:id="t10010237-1981-03"><date when="1981-03-27"/><placeName ref="#chezpaulfournel">chez Paul Fournel</placeName><list type="present"><item><persName ref="#LE"/></item><item><persName ref="#JB"/></item><item><persName ref="#PF"/></item><item><persName ref="#JR"/></item><item><persName ref="#MB"/></item><item><persName ref="#IC"/></item><item><persName ref="#PB"/></item><item><persName ref="#JD"/></item></list></meeting></bibl>
     </sourceDesc>
   </fileDesc>
   
   <revisionDesc>
     <listChange><change when="2016-05-26T21:46:08Z">Oulipo specific tags added</change>
      <change>
        <date>2016-05-26T21:42:08Z</date>
        <name>Natalie Berkman</name>
      </change>
     </listChange>
   </revisionDesc>
  </teiHeader>
  <text type="CR">
   <body><pb xml:id="p12" n="12"/>
     
     
     
     
     
     
     
     
     
     
     
     <p rend="incipit">Oulipo du 27-3-81</p>
     <p rend="incipit">Présents : <persName ref="#lejbpfjrmbic">LE JB PF JR MB IC</persName> (<persName ref="#pbjd">PB, JD</persName>)</p>
     <p><label type="rubrique">
      <persName ref="#PF">PF</persName> Proposition <name type="manif" ref="#bourges">Bourges</name> –Oui pour l’exposition –Perplexité pour les autres propositions.</label></p>
     <p><label type="rubrique">
      <persName ref="#PF">PF</persName> –Publication chez <orgName ref="#slatkine">Slatkine</orgName> du livre de <persName ref="#simonnet">Simonnet</persName>, <title ref="#queneaudechiffre">Queneau déchiffré</title> : 800 ex. Prix pour les <orgName ref="#amisdevalentinbru">Amis de Valentin Brû</orgName> : 60F –Eventuelle republication d’œuvres complètes de <persName ref="#julientorma">Julien Torma.</persName>
    </label></p>
     <p><label type="rubrique">Arrivée de <persName ref="#IC">Calvino</persName> (qui passe ce soir à <name type="manif" ref="#apostrophes">Apostrophes</name> et qui est un peu <unclear>miqurel</unclear>).</label></p>
     <p><label type="rubrique">
      <persName ref="#MB">MB</persName> : <persName ref="#gdumezil">G. Dumézil</persName> est oligo oulipien.</label></p>
     <p><label type="rubrique">
      <persName ref="#JB">JB</persName>. Table-ronde pour <name type="manif" ref="#actionpoetique">Action Poétique</name> en Avril (à dominante pédagogique)</label></p>
     <p><label type="rubrique">
      <persName ref="#LE">LE</persName>. Rapporte un propos défavorable à l’Oulipo entendu à <orgName ref="#franceculture">France-Culture</orgName>. Le problème des auteurs qui mettent leurs tripes dans leurs livres.</label></p>
     <p><label type="rubrique">
      <persName ref="#PF">PF</persName>. Je ne suis pas tripier !</label></p>
     <p><label type="rubrique">
      <persName ref="#IC">IC</persName>. « Il n’y a rien de noble dans l’acte d’écrire » « L’auteur sans succès est pire que l’auteur refusé ».</label></p>
     <p><label type="rubrique">
      <persName ref="#PF">PF</persName>. Correction des placards à partir du 3 ou 4 avril : une sous-commission si s’en occupe. <persName ref="#MB">MB</persName> n’en sera pas.</label></p>
     <p><label type="rubrique">
      <persName ref="#PF">PF</persName>. Avenir de l’Oulipo-déjeuner : <persName ref="#martine">Martine</persName> enceinte. Prévoir autre lieu de réunion (restau ?).</label></p>
     <p><label type="rubrique">
      <persName ref="#JB">JB</persName> : créer l’<term ref="#ousexpo">Ousexpo</term> (homosexualité = <term ref="#liposexie">liposexie</term>).</label></p>
     <p><label type="rubrique">
      <persName ref="#PF">PF</persName> : <term ref="#hypermorale">hypermorale</term> : la 2e semaine de Dieu (pour la Maîtrise de <orgName ref="#radiofrance">Radio France</orgName>).</label></p>
     <p><label type="rubrique">
      <persName ref="#LE">LE</persName> : l’audition de <term ref="#palindromes">palindromes</term> à <orgName ref="#beaubourg">Beaubourg</orgName> a donné des idées à <persName ref="#LE">LE.</persName>
    </label></p>
     <p><label type="rubrique">
      <persName ref="#MB">MB</persName>+<persName ref="#JB">JB</persName> Quelques suggestions pour nuancer le <term ref="#palindromephonetique">palindrome phonétique.</term>
    </label></p>
     <p><label type="rubrique">
      <pb xml:id="p13" n="13"/>
    </label></p>
     <p>Arrivée de <persName ref="#JD">J. Duchateau</persName> et de <persName ref="#PB">PB</persName> 
    </p>
     <p>
      <persName ref="#MB">MB</persName>. Lecture d’une création de <persName ref="#JL">J. Lescure</persName> (faite à partir de <title ref="#moraleelementaire">Morale Elémentaire</title>)</p>
     <p>Inventaire + restructuration sélective L’assemblée demande que <persName ref="#JL">JL</persName> en fasse 7 autres pour une <title ref="#bo">BO</title>
    </p>
     <p>
      <persName ref="#MB">MB</persName> Lecture de 3 textes de <persName ref="#JQ">Queval</persName> répondant à la contrainte du <term ref="#poemeinfini">poème infini</term>.</p>
     <p>
      <persName ref="#IC">IC</persName>. Expose certains secrets méthodiques de son livre. <term ref="#carresemantiquedegreimas">Carré sémantique de Greimas</term>. Chaque situation peut être décrite ainsi : le lecteur lit le livre qui est là</p>
     <p>– L’<term ref="#hyperlecteur">hyperlecteur</term> est opposé au livre tel qu’il est (L+ : <term ref="#hyperlecteur">hyperlecteur</term>) le non lecteur (L-)</p>
     <p>– Le <term ref="#faussaire">faussaire</term> écrit le faux livre (S- : faussaire non écrivain) l vrai livre S vrai écrivain l- : faux livre</p>
     <p>Chaque chapitre, chaque relation relève d’un schéma de ce genre.</p>
     <p>– Le choix des styles : la lectrice énonce un désir de roman. Les titres sont liés car ils forment une phrase. Chaque roman naît du désir de la lectrice et d’un titre.</p>
     <p>– Il y a chaque fois un nom qui se répète d’un chapitre à l’autre</p>
     
      <pb xml:id="p14" n="14"/>
    
     <p>
      <persName ref="#PB">P. Braffort</persName> : présentation du système d’invention des poèmes écrits à partir des <term ref="#descriptionsdetableau">descriptions de tableau</term> 
    </p>
     <p>
      <title ref="#legendes">Légendes</title>
    </p>
     <p>Nouvelle adresse de <persName ref="#JR">JR</persName> : 51 rue des Francs-Bourgeois 4e</p>
     <p>
      <persName ref="#PF">PF</persName>. Propose la publication en <title ref="#bo">BO</title> de <title ref="#ioetleloup">Io et le Loup</title> de <persName ref="#JR">J. Roubaud</persName>
    </p>
     <p>
      <persName ref="#IC">IC</persName> propose de donner à la <title ref="#bo">BO</title> l’explication de la méthode de fabrication</p>
     <p>
      <persName ref="#PB">PB</persName> compte-rendu de la <name type="manif" ref="#seanceoulipodu23marsabeaubourg">séance Oulipo du 23 mars à Beaubourg</name>
    </p>
     <p>
      <persName ref="#LE">LE</persName> : système de la <term ref="#contrainteprovisoire">contrainte provisoire</term> : construire le texte sur une contrainte, puis le traduire en langage normal</p>
     <p>
      <persName ref="#IC">IC</persName> : le mot italien qui n’a pas de rime fegato</p>
     <p>Prochaine réunion : Vendredi 24 avril</p>
   </body>
  </text>
</TEI>
