<?xml version="1.0" encoding="utf-8"?>
<?xml-model href="../difdepo.rnc" type="application/relax-ng-compact-syntax"?>
<TEI xmlns="http://www.tei-c.org/ns/1.0" xml:id="t10010018-1962-04-cr">
  <teiHeader>
   <fileDesc>
     <titleStmt>
      <title>Transcription du scan 10010018 pp. 1 à 4 (CR) : version TEI</title><respStmt><resp>transcription</resp><name>Invité</name></respStmt>
      
     </titleStmt>
     
     <publicationStmt>
      <p>Edition numérique distribué par le projet ANR DifDePo</p>
     </publicationStmt>
     <sourceDesc>
      <bibl><idno type="ark">12148/btv1b10010018z</idno><idno type="ead">d0e408</idno><idno>t10010018-1962-04-cr</idno><meeting xml:id="t10010018-1962-04"><date when="1962-04-12"/><list type="present"><item><persName ref="#RQ"/></item><item><persName ref="#FLL"/></item><item><persName ref="#JL"/></item><item><persName ref="#NA"/></item><item><persName ref="#CB"/></item><item><persName ref="#JD"/></item><item><persName ref="#JQ"/></item><item><persName ref="#JB"/></item><item><persName role="président" ref="#JL"/></item></list></meeting></bibl>
     </sourceDesc>
   </fileDesc>
   
   <revisionDesc>
     <listChange><change when="2016-04-21T21:29:04Z">Oulipo specific tags added</change>
      <change>
        <date>2016-04-21T20:53:27Z</date>
        <name>Invité</name>
      </change>
     </listChange>
   </revisionDesc>
  </teiHeader>
  <text type="CR">
   <body><pb xml:id="p1" n="1"/>
     
     
     
     
     
     
     
     
     
     
     
     <p rend="incipit">
      <orgName ref="#ouvroirde">
        OUVROIR DE
      </orgName> 
    </p>
     <p rend="incipit">
      <orgName ref="#litterature">
        LITTERATURE
      </orgName> 
    </p>
     <p rend="incipit">
      <orgName ref="#potentielle">
        POTENTIELLE
      </orgName> 
    </p>
     <p rend="incipit">Circulaire n°20</p>
     <p rend="incipit">COMPTE RENDU DE LA REUNION DU 12 AVRIL 1962</p>
     <p rend="incipit">PRESENTS : <persName ref="#RQ">QUENEAU</persName>- <persName ref="#FLL">LE LIONNAIS</persName> – <persName ref="#JL">LESCURE</persName> – <persName ref="#NA">ARNAUD</persName> – <persName ref="#CB">BERGE</persName> – <persName ref="#JD">DUCHATEAU</persName>- <persName ref="#JQ">QUEVAL</persName> – <persName ref="#JB">BENS</persName>.</p>
     <p rend="incipit">EXCUSES : <persName ref="#AMS">SCHMIDT</persName> – <persName ref="#L">LATIS</persName>
    </p>
     <p rend="incipit">PRESIDENT : <persName ref="#JL">Jean LESCURE</persName>.</p>
     <p>
      <persName ref="#RQ">QUENEAU</persName> : A propos de ces émissions qui ont été réalisées par <persName ref="#charbonnier">Charbonnier</persName> sur mon compte, j’aimerais vous poser une question.</p>
     <p>TOUS (ravis) : Ha.</p>
     <p>
      <persName ref="#RQ">QUENEAU</persName> : Nous devons refaire les deux dernières (dernières-futures, non dernières-récentes) émissions de cette série. Or elles sont consacrées à la <term ref="#litteraturepotentielle">Littérature Potentielle</term>. Je vais donc être interrogé sur la <term ref="#litteraturepotentielle">Littérature Potentielle</term>. Qu’est-ce-que je vais dire ?</p>
     <p>
      <persName ref="#NA">ARNAUD</persName> : <persName ref="#L">Latis</persName> a écouté la dernière (dernière récente) émission. <persName ref="#charbonnier">Charbonnier</persName> a dit que le traitement <term ref="#s7">S+7</term> de la Bible donne des résultats qui font penser à des textes surréalistes. Vous avez répondu : « Oui. En effet. » <persName ref="#L">Latis</persName> me faisait remarquer qu’il aurait fallu ajouter : « Mais ce n’est pas du tout pareil ! »</p>
     <p>
      <persName ref="#FLL">LE LIONNAIS</persName> : La réponse est d’ailleurs très simple. La <term ref="#lipo">LiPo</term> se propose de définir des <term ref="#structures">structures</term>. A l’intérieur de ces structures, une personnalité surréaliste, ou classique, ou romantique, ou tout ce que l’on veut peut s’exprimer et donner ainsi des textes surréalistes, classiques, romantiques, etc. Mais la <term ref="#lipo">LiPo</term> elle-même n’est ni ceci, ni cela. Dans le cas de la Bible, il est exact qu’un certain <term ref="#automatisme">automatisme</term> venu de la méthode employée peut ressembler à l’expression « <term ref="#automatique">automatique</term> » des surréalistes. Mais ce n’est qu’une convergence de surface. En fait, ce n’est pas du même « <term ref="#automatisme">automatisme</term> » qu’il s’agit.</p>
     <p>
      <persName ref="#RQ">QUENEAU</persName> : La différence entre les deux <term ref="#automatismes">automatismes</term> vient de ce que l’<term ref="#automatisme">automatisme</term> surréaliste est celui de l’inconscient. Mais, dans le domaine conscient, les<term/> structures peuvent engendrer des <term ref="#automatismes">automatismes</term> : l’<term ref="#alexandrin">alexandrin</term>, c’est une structure <term ref="#automatique">automatique</term> (il y a toujours douze <term ref="#pieds">pieds</term>). Le <term ref="#sonnet">sonnet</term> aussi, etc…</p>
     <p>
      <persName ref="#JB">BENS</persName> : Toute <term ref="#structure">structure</term> crée un <term ref="#automatisme">automatisme</term>.</p>
     <p>
      <persName ref="#CB">BERGE</persName> : Au fond, la <term ref="#lipo">LiPo</term> crée simplement de nouveaux <term ref="#automatismes">automatismes</term> !</p>
     <p>
      <persName ref="#FLL">LE LIONNAIS</persName> : Il ne faudrait pas insister sur le mot « <term ref="#automatisme">automatisme</term> ». En fait, c’est surtout le mot « <term ref="#structure">structure</term> » qui nous importe.</p>
     <p>
      <persName ref="#JQ">QUEVAL</persName> : Je suis de l’avis de <persName ref="#FLL">Le Lionnais</persName> : il faut nous méfier du mot « <term ref="#automatisme">automatisme</term> » qui est compris de mille façons différentes.</p>
     <p>
      <persName ref="#JB">BENS</persName> : C’est d’autant plus facile que l’<term ref="#automatisme">automatisme</term> naît de <term ref="#structures">structures</term>.</p>
     <p>
      <persName ref="#CB">BERGE</persName> : La <term ref="#structure">structure</term> de l’<term ref="#alexandrin">alexandrin</term> est tout de même élémentaire.</p>
     
      <pb xml:id="p2" n="2"/>
    
     <p>TOUS : C’est évident.</p>
     <p>
      <persName ref="#RQ">QUENEAU</persName> : <persName ref="#charbonnier">Charbonnier</persName> semble avoir compris que « <term ref="#potentiel">Potentiel</term> » implique que l’on travaille sur des textes préexistants. Que puis-je lui répondre ?</p>
     <p>
      <persName ref="#JL">LESCURE</persName> : Les <term ref="#permutations">permutations</term> peuvent porter sur des textes nouveaux, en particulier des textes écrits en vue des <term ref="#permutations">permutations</term>.</p>
     <p>
      <persName ref="#JB">BENS</persName> : Le travail sur des textes pré-existants vient de notre « jeunesse. »</p>
     <p>
      <persName ref="#JL">LESCURE</persName> : Il a une valeur démonstrative : les textes ont un autre contenu que celui que l’on croit. Mais on peut écrire un texte destiné à être manipulé- et dont, par exemple, on ne livrera pas l’original.</p>
     <p>
      <persName ref="#FLL">LE LIONNAIS</persName> : Nous avons déjà des textes originaux : <title ref="#centmillemilliardsdepoemespoemes">cent mille milliards de poèmes, poèmes</title> de ponctuations, etc… C’est même ces textes qui furent à l’origine de l’OuLiPo.</p>
     <p>Un temps.</p>
     <p>
      <persName ref="#FLL">LE LIONNAIS</persName> : Je crois tout de même que nous devons veiller au sens de certains mots. Ainsi, tout à l’heure, du mot « <term ref="#automatisme">automatisme</term> ». Le mot « <term ref="#potentiel">potentiel</term> » c’est pareil. J’ai bavardé avec <persName ref="#charbonnier">Charbonnier</persName>. Il a une idée particulière du mot « <term ref="#potentiel">potentiel</term> », et il voudrait que nous lui donnions le sens qu’il lui accorde lui-même. Pour lui, c’est une question d’avenir. Toute inspiration non épuisée serait <term ref="#potentielle">potentielle</term>. Il a peut-être raison. Mais ce n’est pas ce que nous entendons par là.</p>
     <p>
      <persName ref="#JL">LESCURE</persName> : Comme le dit le Satrape <persName ref="#FLL">Le Lionnais</persName>…</p>
     <p>TOUS : Satrape potentiel !</p>
     <p>(<persName ref="#JL">Lescure</persName> reste coi et se tait, souffle coupé)</p>
     <p>
      <persName ref="#NA">ARNAUD</persName> : Il faudrait enfin parler des <term ref="#machines">machines</term>. Il est difficile d’en parler. Mais comment ne pas en parler.</p>
     <p>(Le dataire rit obscènement. On lui demande des explications. Il les refuse. On l’obliger de noter ce rire. Il le fait. Il peut bien préciser, cependant, aujourd’hui, qu’il n’est guère de séance où <persName ref="#NA">Noël Arnaud</persName>, à temps ou à contretemps, ne s’avise publiquement qu’ « il faudrait parler des <term ref="#machines">machines</term> ». Au fond, il n’y a peut-être pas de quoi rire.)</p>
     <p>
      <persName ref="#JL">Lescure</persName> lit un extrait d’un livre de <persName ref="#starobynski">Starobynski</persName> 
      <persName ref="#starobinski">Starobinski</persName>sur les traitements de la mélancolie. Il s’agit d’une citation, faite par <persName ref="#starobynski">Starobynski</persName> lui-même, concernant le traitement de la mélancolie au moyen d’un clavier de chats.</p>
     <p>
      <persName ref="#CB">BERGE</persName> : J’ai trouvé dessin et schéma de cette machine dans un numéro de <title ref="#lanature">La Nature</title> paru aux environs de 1880. On l’appelle un orgue à chats.</p>
     <p>
      <persName ref="#JQ">QUEVAL</persName> : Il existe une école psychologique moderne qui essaie de reprendre les problèmes psychologiques par le biais de la philologie. Nous venons de parler d’<term ref="#automatisme">automatisme</term> et de <term ref="#potentialite">potentialité</term>. Il est évident qu’il y a d’autres</p>
     
      <pb xml:id="p3" n="3"/>
    
     <p>mots dont le sens reste discutable. Nous pourrions peut-être essayer de définir un ensemble de mots –ceux que nous sommes conduits à utiliser le plus fréquemment ici- afin d’être parfaitement d’accord dans les discussions à venir.</p>
     <p>TOUS : C’est bien difficile. Etc... (Rumeurs découragées.)</p>
     <p>
      <persName ref="#CB">BERGE</persName> : En fait, tout tourne autour de l’idée du <term ref="#hasard">hasard</term>. Dans l’ensemble, les gens acceptent le <term ref="#hasard">hasard</term>. Aujourd’hui même, il y en a beaucoup qui le recherche systématiquement. Nous aurons fait un grand pas vers nos définitions si nous admettons, par exemple, ce qui est à mon avis, que nous sommes essentiellement <term ref="#antihasard">anti-hasard.</term>
    </p>
     <p>
      <persName ref="#RQ">QUENEAU</persName> : Nous ne sommes peut-être pas tellement « anti ». Je préférais dire que nous manifestons une certaine méfiance à l’égard du <term ref="#hasard">hasard</term>.</p>
     <p>
      <persName ref="#CB">BERGE</persName> : N’aimeriez-vous pas : « Nous lançons un défi au <term ref="#hasard">hasard</term> » ? (Approbations générales).</p>
     <p>
      <persName ref="#JQ">QUEVAL</persName> : La notion de <term ref="#hasard">hasard</term> est délicate. Il ne faudrait pas substituer l’<term ref="#automatisme">automatisme</term> psychique des surréalistes un <term ref="#automatisme">automatisme</term> mécanique où le <term ref="#hasard">hasard</term> aurait autant de part.</p>
     <p>
      <persName ref="#RQ">QUENEAU</persName> : Les textes vraiment <term ref="#surrealistes">surréalistes</term> s’inscrivaient dans des <term ref="#structures">structures</term> extrêmement précises : c’était du <persName ref="#lautreamont">Lautréamont</persName> ou du <persName ref="#breton">Breton</persName> ! C’était des textes <term ref="#isomorphiques">isomorphiques</term> !!</p>
     <p>
      <persName ref="#JQ">QUEVAL</persName> : <persName ref="#breton">Breton</persName> croyait être entouré d’un troupeau d’éléphants ; il s’est trouvé soudain entouré d’un troupeau de Bretons !</p>
     <p>
      <persName ref="#FLL">LE LIONNAIS</persName> : Par structure, nous entendons ce que nous pouvons exprimer, ou définir, d’une façon parfaite. Les <term ref="#styles">styles</term> des écrivains mettent en jeu des <term ref="#structures">structures</term> diverses et complexes que nous ne pouvons guère exprimer simplement.</p>
     <p>
      <persName ref="#RQ">QUENEAU</persName> : <persName ref="#themerson">Themerson</persName> a traduit des poèmes en employant chaque mot par son équivalent strict (définition tirée du <orgName ref="#larousse">Larousse</orgName>, etc…). C’est ce que font les <term ref="#machines">machines</term> à traduire.</p>
     <p>
      <persName ref="#JQ">QUEVAL</persName> : Il y a, chez <persName ref="#lawrence">Lawrence</persName>, un poème qui commence, littéralement, par : «O bâtis, ô bâtis ton vaisseau de mort… »</p>
     <p>
      <persName ref="#NA">ARNAUD</persName> : D’ailleurs, <persName ref="#themerson">Themerson</persName> entreprend des traductions littérales d’une langue à l’autre. Il obtient ainsi des résultats très curieux.</p>
     <p>
      <persName ref="#FLL">LE LIONNAIS</persName> : Je voudrais revenir une seconde à <persName ref="#charbonnier">Charbonnier</persName> pour indiquer une nouvelle preuve que la <term ref="#lipo">LiPo</term> ne se limite pas aux textes préexistants : ce sont les poèmes <term ref="#anterimes">antérimés</term>.</p>
     <p>
      <persName ref="#JL">Lescure</persName> donne lecture d’exercices de langage composés par <persName ref="#mgeorgesbarbarin">M. Georges Barbarin</persName>. On en conserve deux, exemplaires.</p>
     
      <pb xml:id="p4" n="4"/>
    
     <p>RAOUL EST RECALE AU BACCALAUREAT</p>
     <p>LUC INCULQUE SA CULTURE A L’INCULTE</p>
     <p>On décide d’imprimer la seconde de ces phrases sur le papier à en-tête de l’OuLiPo (quand l’OuLiPo en aura) ;</p>
     <p>Chacun s’engage à introduire la première de ces phrases dans sa prochaine œuvre personnelle, <term ref="#potentielle">potentielle</term> ou non, quelle qu’en soit la nature :</p>
     <p>Roman, poème, pièce de théâtre, thèse, ou cours d’Université.</p>
     <p>Il est alors parlé des statuts.</p>
     <p>
      <persName ref="#FLL">Le Lionnais</persName> propose la création des membres fondateurs. (C’est nous.) Les membres actifs à venir ne seront plus fondateurs.</p>
     <p>Il propose également d’appeler associés les correspondants non étrangers.</p>
     <p>On demande de ne pas préciser où se tiennent les réunions, puisqu’elles peuvent avoir lieu n’importe où : ainsi, nous sommes déjà allés à Boulogne !</p>
     <p>
      <persName ref="#FLL">Le Lionnais</persName> ajoute, à propos de la proposition de <term ref="#demission">démission</term> de <persName ref="#L">Latis</persName> que ces demandes doivent être examinées avec beaucoup de rigueur :</p>
     <p>
      <persName ref="#FLL">LE LIONNAIS</persName> : Je crois que l’on ne doit pas écarter le principe de telles <term ref="#demissions">démissions</term>, mais on ne doit pas les accepter facilement.</p>
     <p>
      <persName ref="#JL">LESCURE</persName> : La <term ref="#demission">démission</term> ne sera acquise que par un vote unanime.</p>
     <p>
      <persName ref="#JB">BENS</persName> : Pourrait-on considérer les actifs démissionnaires comme honoraires, par exemple ? Ceci afin de les différencier (même si leurs fonctions sont identiques) des correspondants et associés ?</p>
     <p>
      <persName ref="#RQ">QUENEAU</persName> : On pourrait les appeler potentiels. Au sens « <persName ref="#charbonnier">Charbonnier</persName> » du terme. Ou « potentiellement carbonifères ».</p>
     <p>
      <persName ref="#FLL">LE LIONNAIS</persName> : Je propose aussi la création du gâtariat et l’organisation d’une petite cérémonie pour l’accession à cette nouvelle (et ultime) dignité.</p>
     <p>
      <persName ref="#JQ">QUEVAL</persName> : Et les car »mal »ifères ?</p>
     <p>
      <persName ref="#RQ">QUENEAU</persName> : Barbarin, es-tu là ?</p>
     <p>(Des coups sont frappés à la porte. Stupeur générale. Mais ce n’est que l’addition.)</p>
     <p>LE PROCHAIN DEJEUNER AURA LIEU AU MEME ENDROIT LE LUNDI 7 MARS 1962 ;</p>
     <p>
      <persName ref="#georgesemmanuelclancier">Georges-Emmanuel Clancier</persName> y est invité, par faveur spéciale, et par la voix autorisée de <persName ref="#JL">Jean Lescure</persName>.</p>
     <p>Au programme :</p>
     <list type="unordered">
      <item>Discussion des statuts</item>
      <item>Comment se procurer de l’argent. </item>
    </list>
     <p>LE S.P.</p>
     <p>Note : Ci-joint, <ref>en annexes</ref>, deux <ref>poèmes</ref> 
      <term ref="#anterimes">antérimés</term> de <persName ref="#JB">J. Bens</persName>, lus à la réunion du 16 mars, et qui n’avaient pu être joints à la précédente circulaire.</p>
   </body>
  </text>
</TEI>
