<?xml version="1.0" encoding="UTF-8"?><?xml-model href="../difdepo.rnc" type="application/relax-ng-compact-syntax"?><TEI xmlns="http://www.tei-c.org/ns/1.0" xml:id="t10010239-1981-05-cr">
  <teiHeader>
   <fileDesc>
     <titleStmt>
      <title>Transcription du scan 10010239 pp. 1 à 2 (CR) : version TEI</title><respStmt><resp>transcription</resp><name>Natalie Berkman</name></respStmt>
      
     </titleStmt>
     
     <publicationStmt>
      <p>Edition numérique distribué par le projet ANR DifDePo</p>
     </publicationStmt>
     <sourceDesc>
      <bibl><idno>t10010239-1981-05-cr</idno><meeting xml:id="t10010239-1981-05"><date when="1981-05-22"/><placeName>chez Marcel Bénabou</placeName><list type="present"><item><persName ref="#JQ"/></item><item><persName ref="#PF"/></item><item><persName ref="#JB"/></item><item><persName ref="#HM"/></item><item><persName ref="#MB"/></item><item><persName ref="#GP"/></item><item><persName ref="#MM"/></item><item><persName role="invité">Roger Shattuck</persName></item><item><persName role="président" ref="#JR"/></item></list></meeting></bibl>
     </sourceDesc>
   </fileDesc>
   
   <revisionDesc>
     <listChange><change when="2016-04-21T21:29:16Z">Oulipo specific tags added</change>
      <change>
        <date>2016-04-21T20:55:03Z</date>
        <name>Natalie Berkman</name>
      </change>
     </listChange>
   </revisionDesc>
  </teiHeader>
  <text type="CR">
   <body><pb xml:id="p1" n="1"/>
     
     
     
     
     
     
     
     
     
     
     
     <p rend="incipit">22 mai 81</p>
     <p rend="incipit">chez <persName>MB</persName>
    </p>
     <p rend="incipit">Président : <persName>JR</persName>
    </p>
     <p rend="incipit">Etat de santé du président <persName>FLL</persName>
    </p>
     <p rend="incipit">Invité d’honneur surprise : <persName>Roger Shattuck</persName>
    </p>
     <p><label type="rubrique">Créations :</label></p>
     <p><label type="rubrique">
      <persName>HM</persName> : <title>La parole chiffrée</title>
    </label></p>
     <p><label type="rubrique">
      <persName>GP</persName> : <title>Cantatrice sauve</title> 
    </label></p>
     <p><label type="rubrique">
      <title>BO</title> 16</label></p>
     <p><label type="rubrique">
      <persName>JQ</persName> : <term>vers monosyllabiques</term>/<term>permutations syllabiques</term>
    </label></p>
     <p><label type="rubrique">Action</label></p>
     <p><label type="rubrique">
      <persName>JB</persName> : <name type="manif">Pentecôte à Bourges</name>
    </label></p>
     <p><label type="rubrique">
      <persName>GB</persName>-<persName>JB</persName>-<persName>PB</persName>
    </label></p>
     <p><label type="rubrique">
      <persName>JB</persName> : <name type="manif">Villeneuve-lès-Avignon</name> 13 au 18 juillet 81</label></p>
     <p><label type="rubrique">
      <persName>JB</persName>-<persName>JR</persName>-<persName>GP</persName>-<persName>MB</persName>-<persName>NA</persName>
    </label></p>
     <p><label type="rubrique">
      <persName>JB</persName> : <name>Cerisy</name> Août 83</label></p>
     <p><label type="rubrique">Rapport avec <persName>Edith Heurgon</persName>
    </label></p>
     <p><label type="rubrique">
      <persName>NA</persName> sera le délégué de l’oulipo auprès de l’organisation</label></p>
     <p><label type="rubrique">Pas de directeur</label></p>
     <p><label type="rubrique">
      <persName>NA</persName> négociera avec elle les problèmes financiers</label></p>
     <p><label type="rubrique">
      <persName>JB</persName> : Interim prévenir <persName>Delvy</persName> de <persName>PF</persName>+<persName>JB</persName>
    </label></p>
     <p><label type="rubrique">Comment choisir les exemples des stagiaires Demande 1 <unclear>ss com</unclear>
    </label></p>
     <p><label type="rubrique">
      <persName>JR</persName> : Attendre <persName>PB</persName>
    </label></p>
     <p><label type="rubrique">
      <persName>JB</persName> : Téléphonera à <persName>PB</persName>
    </label></p>
     <p><label type="rubrique">
      <persName>GP</persName> : <name type="manif">Preprimtec</name>
    </label></p>
     <p><label type="rubrique">Invités à aller au Plessis-Robinson (à suivre)</label></p>
     <p><label type="rubrique">
      <persName>HM</persName> : 1 texte signé « oulipo » dans un ouvrage scolaire de la fille de <persName>Marie Choix</persName>
    </label></p>
     <p><label type="rubrique">
      <orgName>Classiques Hachette</orgName> 
       <title>A voix haute, à voix basse</title> (<ref target="http://gallica.bnf.fr/ark:/12148/btv1b100102390/f4.image">voir papier joint</ref>)
     </label>
     </p>
     <p><label type="rubrique">
      <persName>Roger Shattuck</persName> : <name type="manif">Festival de poésie au Centre américain</name> -&gt; 20 juin</label></p>
     <p><label type="rubrique">
      <persName>HM</persName> : Nous devrions faire un atelier au <orgName>Centre américain</orgName>
    </label></p>
     <p><label type="rubrique">
      <title>BO</title>
    </label></p>
     <p><label type="rubrique">
      <persName>PF</persName> : Les épreuves du 15 sont corrigées</label></p>
     <p><label type="rubrique">
      <persName>PF</persName> : Le texte du 16 est là</label></p>
     <p><label type="rubrique">
      <persName>PF</persName> : Publication par <orgName>Slatkine</orgName> des 15 premiers en novembre</label></p>
     <p><label type="rubrique">Invité : <title>Article du New York Times</title> (Archives)</label></p>
     <p><label type="rubrique">– &gt;L’oulipo devrait travailler avec la BD</label></p>
     
      <pb xml:id="p2" n="2"/>
    
     <p>
      <persName>GP</persName> : Travail avec <persName>Carelman</persName> (dessin/texte)</p>
     <p><label type="rubrique">Menus propos</label></p>
     <p><label type="rubrique">
      <persName>JR</persName> travaille sur un <term>losange magique</term>
    </label></p>
     <p><label type="rubrique">
      <persName>MB</persName> : L’<orgName>exposition pour Bourges</orgName> a lieu dès la semaine prochaine.</label></p>
     <p><label type="rubrique">Prochaine réunion</label></p>
     <p><label type="rubrique">Vendredi 26 juin 81</label></p>
     <p><label type="rubrique">Chez <persName>PF</persName>
    </label></p>
     <p><label type="rubrique">Invité d’honneur</label></p>
     <p><label type="rubrique">
      <persName>Robert Sabatier</persName>
    </label></p>
   </body>
  </text>
</TEI>