<?xml version="1.0" encoding="UTF-8"?><?xml-model href="../difdepo.rnc" type="application/relax-ng-compact-syntax"?><TEI xmlns="http://www.tei-c.org/ns/1.0" xml:id="t10010270-1984-04-cr">
  <teiHeader>
   <fileDesc>
     <titleStmt>
      <title>Transcription du scan 10010270 pp. 11 à 12 (CR) : version TEI</title><respStmt><resp>transcription</resp><name>Susie Cronin</name></respStmt>
      
     </titleStmt>
     
     <publicationStmt>
      <p>Edition numérique distribué par le projet ANR DifDePo</p>
     </publicationStmt>
     <sourceDesc>
      <bibl><idno>t10010270-1984-04-cr</idno><meeting xml:id="t10010270-1984-04"><date when="1984-04-27"/><placeName>chez MarieAdèle</placeName><list type="present"><item><persName ref="#JR"/></item><item><persName ref="#JJ"/></item><item><persName ref="#HM"/></item><item><persName ref="#PB"/></item><item><persName ref="#FC"/></item><item><persName ref="#PF"/></item><item><persName ref="#MB"/></item></list></meeting></bibl>
     </sourceDesc>
   </fileDesc>
   
   <revisionDesc>
     <listChange><change when="2016-04-21T21:29:22Z">Oulipo specific tags added</change>
      <change>
        <date>2016-04-21T20:56:02Z</date>
        <name>Susie Cronin</name>
      </change>
     </listChange>
   </revisionDesc>
  </teiHeader>
  <text type="CR">
   <body><pb xml:id="p11" n="11"/>
     
     
     
     
     
     
     
     
     
     
     
     <p rend="incipit">Oulipo du 27-4-84</p>
     <p rend="incipit">Présent : <persName>JR</persName>, <persName>JJ</persName>, <persName>HM</persName>, <persName>PB</persName>, <persName>FC</persName>, <persName>PF</persName>, <persName>MB</persName>
    </p>
     <p rend="incipit">Excusés : <persName>NA</persName>, <persName>JB</persName>
    </p>
     <p><label type="rubrique">Création</label></p>
     <p>
      <persName>MB</persName> 
    </p>
     <list type="unordered">
      <item>
        <term>mots croisés</term> à définitions littérales exclusivement : <unclear>entête du pont = po</unclear>
      </item>
      <item>
        <term>inclusion</term> : il y a du désir dans la dérision Le vide se niche au cœur de l’évidence</item>
    </list>
     <p>
      <persName>HM</persName> : déplacement de <term>ponctuation</term> (archives)</p>
     <p><label type="rubrique">Action</label></p>
     <p>
      <term>PF</term> : <name type="manif">Stage Oulipo</name> du 9 au 13 juillet – <name type="manif">stage Alamo</name> 9-22</p>
     <p>4 membres dont <persName>JR</persName>, <persName>PB</persName>, <persName>NA</persName>, <persName>JJ</persName>
    </p>
     <p>Négocier tout cela avec <persName>Jouanard</persName> : <persName>PB</persName> est chargé de la négociation.</p>
     <p>Distribution du numéro 25 de la <title>B.O.</title> Loc. Introuvables</p>
     <p>
      <persName>PF</persName> : le numéro 27 : <persName>Luc Etienne</persName>, <title>L’art du Palindrome phonétique</title> 
    </p>
     <p>Prochains numéros</p>
     <p>26 <persName>JR</persName> Hommage à <persName>Queval</persName> 
    </p>
     <p>28 <persName>JQ</persName> 
    </p>
     <p>29 Hommage à <persName>FLL</persName> 
    </p>
     <p>
      <persName>HM</persName> : Publications en anglais de l’<orgName>Oulipo</orgName> : <persName>Warren Motte</persName>
    </p>
     <list type="unordered">
      <item>
        <unclear>Cacarnet Press</unclear> va publier l’œuvre complète de <persName>HM</persName> 
      </item>
    </list>
     <p><label type="rubrique">Stages</label></p>
     <p>
      <persName>PB</persName> : <name type="manif">Stage à Liège</name> en octobre = à voir</p>
     <p><label type="rubrique">Erudition</label></p>
     <p>
      <persName>F Caradec</persName> 
      <term>Alexandrin</term> 
    </p>
     <p>
      <persName>PB</persName> : <orgName>Alamo</orgName> : nouvelles</p>
     
      <pb xml:id="p12" n="12"/>
    
     <p>Hommage à <persName>FLL</persName> 
    </p>
     <p>
      <persName>FC</persName> structure : un ensemble des projets</p>
     <p>Le troisième secteur</p>
     <p>Discussion sur le livre de <persName>FLL</persName> : <title>une certaine disparate</title> 
    </p>
     <p>
      <persName>PF</persName> le donne en lecture à <persName>MB</persName>, <persName>JR</persName>
    </p>
     <p>Prochaine réunion : mardi 29/5 <persName>PB</persName>
    </p>
   </body>
  </text>
</TEI>