<?xml version="1.0" encoding="UTF-8"?><?xml-model href="../difdepo.rnc" type="application/relax-ng-compact-syntax"?><TEI xmlns="http://www.tei-c.org/ns/1.0" xml:id="t10010052-1965-02-cr">
  <teiHeader>
   <fileDesc>
     <titleStmt>
      <title>Transcription du scan 10010052 pp. 1 à 3 (CR) : version TEI</title><respStmt><resp>transcription</resp><name>Invité</name></respStmt>
      
     </titleStmt>
     
     <publicationStmt>
      <p>Edition numérique distribué par le projet ANR DifDePo</p>
     </publicationStmt>
     <sourceDesc>
      <bibl><idno>t10010052-1965-02-cr</idno><meeting xml:id="t10010052-1965-02"><date when="1965-02-01"/><list type="present"><item><persName ref="#JQ"/></item><item><persName ref="#JL"/></item><item><persName ref="#PB"/></item><item><persName ref="#RQ"/></item><item><persName ref="#JD"/></item><item><persName ref="#L"/></item><item><persName ref="#FLL"/></item><item><persName role="invité">G. Kreisel</persName></item><item><persName role="président" ref="#CB"/></item></list></meeting></bibl>
     </sourceDesc>
   </fileDesc>
   
   <revisionDesc>
     <listChange><change when="2016-04-21T21:29:08Z">Oulipo specific tags added</change>
      <change>
        <date>2016-04-21T20:53:58Z</date>
        <name>Invité</name>
      </change>
     </listChange>
   </revisionDesc>
  </teiHeader>
  <text type="CR">
   <body><pb xml:id="p1" n="1"/>
     
     
     
     
     
     
     
     
     
     
     
     <p rend="incipit">OUVROIR DE</p>
     <p rend="incipit">LITTERATURE</p>
     <p rend="incipit">POTENTIELLE</p>
     <p rend="incipit">Circulaire No. 58</p>
     <p rend="incipit">COMPTE RENDU DE LA REUNION DU 1er FEVRIER 1965</p>
     <p rend="incipit">PRESENTS : <persName>G. Kreisel</persName> (invité), <persName>J. Queval</persName>, <persName>J. Lescure</persName>, <persName>P. Braffort</persName>, <persName>R. Queneau</persName>, <persName>J. Duchateau</persName>, <persName>Latis</persName>, <persName>F. Le Lionnais</persName> 
    </p>
     <p rend="incipit">PRESIDENT : <persName>C. Berge</persName> 
    </p>
     <p>
      <persName>QUENEAU</persName> : <persName>Hugo</persName> a <term>plagié par anticipation</term> 
      <persName>Queval</persName>. Le seul <term>sonnet</term> de <persName>Hugo</persName> n’est pas de <persName>Queval</persName>, <persName>Hugo</persName> en a écrit un.</p>
     <p>
      <persName>QUEVAL</persName> : Je suis déçu.</p>
     <p>
      <persName>LATIS</persName> : <title>Selected Works of A. Jarry</title> par <persName>R. Shattuck</persName> et <persName>S.W. Taylor</persName>. (circule.)</p>
     <p>
      <persName>KREISEL</persName> (Logicien-mathématicien présenté par <persName>R. Queneau</persName> et <persName>F. Le Lionnais</persName>) : Avez- vous songé aux <term>mots génériques</term>.</p>
     <p>– Bruit blanc -</p>
     <p>
      <persName>KREISEL</persName> : Certains <term>ensembles</term> peuvent être définis grâce à une information partielle. D’autres pas. Avec Dieu, par exemple, ce n’est pas possible : n’importe quelle « propriété » de Dieu ne peut contenir toutes les caractéristiques de Dieu.</p>
     <p>
      <persName>QUENEAU</persName> : La distinction entre l’<term>analytique</term> et le <term>synthétique</term> ?</p>
     <p>
      <persName>KREISEL</persName> : Non, c’est une position intermédiaire.</p>
     <p>
      <persName>QUENEAU</persName> (aurait dit) : Avec Angleterre ça marche : Thé, ou <persName>Churchill</persName> et on a tout le reste.</p>
     
      <pb xml:id="p2" n="2"/>
    
     <p>
      <persName>BRAFFORT</persName> : Dans une certaine littérature – la populaire, la policière par exemple – une quantité minime d’information suffit pour définir le héros dans sa totalité.</p>
     <p>
      <persName>QUEVAL</persName> : D’un côté il y aurait la littérature populaire, de l’autre la « classique » où l’on essaye d’échapper aux différents schémas.</p>
     <p>
      <persName>BRAFFORT</persName> : Tout l’effort de l’Oulipo ne vise-t-il pas à démontrer le contraire.</p>
     <p>(A ce moment il est question <term>d’entrecôte générique</term>. <persName>F. Le Lionnais</persName> veut fonder l’<orgName>Oumapo</orgName>, afin d’examiner le sens de <term>générique</term>).</p>
     <p>
      <persName>KREISEL</persName> : Dans cette question des <term>schémas</term> il me semble que deux aspects peuvent être considérés : 1) Positif : des schémas existent. 2) Négatif : Démontrer théoriquement qu’ils n’existent pas. L’Oulipo s’est-il intéressé à cette question ?</p>
     <p>
      <persName>BRAFFORT</persName> (courageusement) : Primo : notre notion est assez empirique, secondo : nous nous préoccupons (aussi) d’esthétique, tertio : nous nous heurtons au problème des <term>ensembles</term> finis et infinis.</p>
     <p>
      <persName>KREISEL</persName> : Si l’Oulipo soutient le « positif », c’est aux autres à soutenir le négatif.</p>
     <p>(Suit un long exposé de <persName>Kreisel</persName>. <persName>Berge</persName> et <persName>Le Lionnais</persName> apprécient, commentent et décident « qu’il faudra revoir ça en dehors de cette table ». <persName>Lescure</persName> : « Pourquoi ? ». Quelqu’un rit. )</p>
     <p>
      <persName>LA SERVEUSE</persName> : Qui veut des tartes ?</p>
     <p>
      <persName>LE LIONNAIS</persName> : <persName>Bens</persName>, <persName>Bens</persName> est un amer en ce qui concerne les <orgName>cerveaux réunis</orgName>.</p>
     <p>
      <persName>BERGE</persName> : J’émets des doutes.</p>
     <p>
      <persName>LE LIONNAIS</persName> : Moi aussi.</p>
     <p>
      <persName>LESCURE</persName> : Pas d’idées sans contrat, donc il faut d’abord trouver des contrats.</p>
     
      <pb xml:id="p3" n="3"/>
    
     <p>
      <persName>BERGE</persName> : Et Mouton ?</p>
     <p>
      <persName>QUEVAL</persName> : Le front du mouton tiendra.</p>
     <p>
      <persName>BRAFFORT</persName> : J’aurais dû être député socialiste….( ?)</p>
     <p>
      <persName>QUENEAU</persName> : ça avance. Je me sens visé, moi, j’ai eu des ennuis avec un pinceau de pot de colle.</p>
     <p>
      <persName>BERGE</persName> : Et le scotch ?</p>
     <p>
      <persName>QUENEAU</persName> : J’y ai pensé mais il était abimé. Bref ça avance. Malade. Travail.</p>
     <p>Le S.P</p>
     <p>
      <persName>J.D</persName> 
    </p>
     <p>NB : Il est conseillé de lire, par <persName>R. Queneau</persName> et <persName>F. Le Lionnais</persName> « <title>La théorie des groupes d’Alexandrof</title> » chez <orgName>Dunod</orgName>.</p>
   </body>
  </text>
</TEI>