<?xml version="1.0" encoding="UTF-8"?><?xml-model href="../difdepo.rnc" type="application/relax-ng-compact-syntax"?><TEI xmlns="http://www.tei-c.org/ns/1.0" xml:id="t10010273-1984-08-cr">
  <teiHeader>
   <fileDesc>
     <titleStmt>
      <title>Transcription du scan 10010273 pp. 14 à 15 (CR) : version TEI</title><respStmt><resp>transcription</resp><name>Susie Cronin</name></respStmt>
      
     </titleStmt>
     
     <publicationStmt>
      <p>Edition numérique distribué par le projet ANR DifDePo</p>
     </publicationStmt>
     <sourceDesc>
      <bibl><idno>t10010273-1984-08-cr</idno><meeting xml:id="t10010273-1984-08"><date when="1984-08-21"/><placeName>Chez PF</placeName><list type="present"><item><persName ref="#PF"/></item><item><persName ref="#JB"/></item><item><persName ref="#CB"/></item><item><persName ref="#PB"/></item><item><persName ref="#FC"/></item><item><persName ref="#JJ"/></item><item><persName ref="#JL"/></item><item><persName ref="#HM"/></item><item><persName ref="#JR"/></item><item><persName role="président" ref="#HM"/></item><item><persName role="secrétaire" ref="#JJ"/></item></list></meeting></bibl>
     </sourceDesc>
   </fileDesc>
   
   <revisionDesc>
     <listChange><change when="2016-04-21T21:29:25Z">Oulipo specific tags added</change>
      <change>
        <date>2016-04-21T20:56:24Z</date>
        <name>Susie Cronin</name>
      </change>
     </listChange>
   </revisionDesc>
  </teiHeader>
  <text type="CR">
   <body><pb xml:id="p14" n="14"/>
     
     
     
     
     
     
     
     
     
     
     
     <p rend="incipit">Oulipo, réunion du mardi 21 août 1984, de 19h à 23h</p>
     <p rend="incipit">Présents : <persName>Paul Fournel</persName> qui reçoit, <persName>Jacques Bens</persName>, <persName>Claude Berge</persName>, <persName>Paul Braffort</persName>, <persName>François Caradec</persName>, <persName>Jacques Jouet</persName> (secrétaire), <persName>Jean Lescure</persName>, <persName>Harry Mathews</persName> (président de séance), <persName>Jacques Roubaud</persName>.</p>
     <p rend="incipit">Excuses de <persName>Noël Arnaud</persName>, <persName>Marcel Bénabou</persName>, <persName>Luc Etienne</persName>, <persName>Michèle Métail</persName> et <persName>Jean Queval</persName> souffrant.</p>
     <p><label type="rubrique">Créations</label></p>
     <list type="unordered">
      <item>
        <persName>Jacques Jouet</persName> lit « <title>L’éclipse</title> » (récits en <term>S + 7</term>). On en fera une B.O. en joignant « <term>S+7</term> par lui-même » et une explication de la <term>méthode</term> ici mise en œuvre. Il se dit à la ronde qu’il faut continuer à creuser les <term>contraintes</term> anciennes.</item>
      <item>
        <persName>Harry Mathews</persName> lit « <title>Le juste retour</title>, » texte selon une <term>contrainte</term> dite « <term>stylistique carrée</term> » (procédant des <term>Carrés lescuriens</term>), épuisement des <term>permutations</term> des quatre éléments suivants : <term>rime</term>, <term>métaphore</term>, <term>image</term>, <term>événement</term>. Superbe.</item>
    </list>
     <p><label type="rubrique">Érudition</label></p>
     <list type="unordered">
      <item>
        <persName>Jacques Roubaud</persName> a trouvé mention de <orgName>Rhétoriqueurs néerlandais</orgName>. Il n’est qu’au tout début de son enquête.</item>
      <item>
        <persName>Jean Lescure</persName> mentionne un <term>plagiaire par anticipation</term> : <persName>Jean Mitry</persName> qui a écrit, vers 1924, des poèmes nettement oulipiens.</item>
      <item>
        <persName>Paul Fournel</persName> cherche à savoir qui est <persName>Lord Charles</persName> (<term>homophoniste</term> dont les œuvres viennent de paraître aux éd. <orgName>La Découverte</orgName>). Un climat de suspicion généralisée s’instaure.</item>
    </list>
     <p><label type="rubrique">Actions</label></p>
     <list type="unordered">
      <item>
        <persName>Paul Braffort</persName> s’est coupé les cheveux lui-même, « tous les jours un petit peu ».</item>
      <item>« <title>L’art du palindrome phonétique</title> » de <persName>Luc Etienne</persName> est sorti dans la <title>B.O</title>., mais <persName>Paul Fournel</persName> a laissé les exemplaires dans son bureau.</item>
    </list>
     <p>« <title>Un train traverse la nuit</title> » de <persName>Jacques Roubaud</persName> va partir (en fabrication).</p>
     <p>Suivront « <title>Le chant du cryptobole</title> » de <persName>Paul Braffort</persName> et « <title>L’éclipse</title> » de <persName>Jacques Jouet</persName>. Perplexité sur les deux <persName>Queval</persName> en attente.</p>
     <p>L’hommage à <persName>FLL</persName> porterait le numéro 32 pour un certain nombre d’excellentes raisons et pourrait être titré « <title>23 route de la Reine</title> » à seule fin que <persName>Paul Braffort</persName> puisse engranger 23 dans sa collection de chiffres dans les titres.</p>
     <p>Il est demandé à <persName>Jean Lescure</persName> (dont le retour est salué) et à <persName>François Caradec</persName> de songer un peu à une future <title>B.O</title>. Ils s’y mettent…</p>
     <list type="unordered">
      <item>
        <persName>Noël Arnaud</persName> et <persName>Paul Fournel</persName> demandent que le <name type="manif">congrès/Andé</name> soit repoussé d’une semaine : 13/14 oct. au lieu du 6/7. Voir avec <persName>Marcel Bénabou</persName> pour <name type="manif">Andé</name>.</item>
      <item>Bilan du <name type="manif">stage de Villeneuve</name> par <persName>Jacques Bens</persName>. Peu de stagiaires (le Circa fut un peu carent, question publicité du stage), mais très beau travail avec ces happy few.</item>
    </list>
     <p>
      <persName>Paul Braffort</persName> rapporte quelques difficultés avec des stagiaires mal orientés du <name type="manif">stage Alamo</name>, mais très beau travail aussi avec les biens orientés.</p>
     <p>
      <pb xml:id="p15" n="15"/>
      <persName>François Caradec</persName> note une petite phrase sur son calepin. Un bon quart d’heure durant, il n’est pas parlé le moins du monde des relations <orgName>OuLiMo-Alapo</orgName>.</p>
     <list type="unordered">
      <item>
        <persName>Paul Braffort</persName> annonce les actions prévues d’<orgName>Alamo</orgName> : « <name type="manif">Les immatériaux</name> », à Beaubourg ; un travail de longue durée à Niort ; des poèmes voyageant en moins de temps qu’il faudra pour les dire entre Mexico, Liège, Paris et New Delhi (il me semble qu’il y a une cinquième ville que je n’ai pas eu le temps de noter, peut-être est-ce Penne-du-Tarn.)</item>
      <item>
        <persName>Claude Berge</persName> nous distribue le « schéma du <term>poème</term> en <term>alexandrins</term> satisfaisant à la <term>contrainte</term> des gnômes et qui ne fait appel que deux fois à la <term>diérèse</term> et qui est minimal avec cette <term>propriété</term> ». Une seule chose est reprochée à <persName>Claude Berge</persName> : son schéma méritait de s’inscrire à l’ordre du jour dans la rubrique création. Poètes ! au travail !</item>
      <item>
        <persName>Paul Fournel</persName> lit un courrier de relance à la ville de Boulogne concernant l’appartement <persName>Le Lionnais</persName>. Aucune réponse encore.</item>
      <item>
        <persName>Paul Fournel</persName> nous lit quelques bonnes feuilles d’une « <title>Grammaire turbulente du français contemporain</title> » de <persName>Fasola</persName> &amp; <persName>Lyant</persName> qui sort chez <orgName>Ramsay</orgName>. On rit beaucoup.</item>
      <item>Petite guerre entre <persName>Jacques Bens</persName> et <persName>Jacques Roubaud</persName> pour décider laquelle, de <persName>Rosemonde Gérard</persName> et <persName>Marceline Desbordes-Valmore</persName>, était la plus belle. Les autres oulipiens qui n’ont connu ni l’une ni l’autre n’ont pas d’avis. Aucune majorité ne se dégage. Ouf. La guerre de Troie est reportée à une date ultérieure.</item>
      <item>
        <persName>Paul Fournel</persName> annonce la parution d’un roman de <persName>Jacques Roubaud</persName>, chez <orgName>Ramsay</orgName>. Son titre est « <title>Canada dry</title> » et deviendra peut-être « <title>La belle Hortense</title> ».</item>
    </list>
     <p>Chacun donne 36 francs à <persName>Paul Fournel</persName> pour le repas et se félicite d’une réunion d’août aussi féconde.</p>
     <p>Prochaine réunion : Vendredi 21 septembre, à midi, chez <persName>Paul Braffort</persName>.</p>
   </body>
  </text>
</TEI>