<?xml version="1.0" encoding="UTF-8"?><?xml-model href="../difdepo.rnc" type="application/relax-ng-compact-syntax"?><TEI xmlns="http://www.tei-c.org/ns/1.0" xml:id="t10010239-1981-05-oj">
  <teiHeader>
   <fileDesc>
     <titleStmt>
      <title>Transcription du scan 10010239 pp. 3 à 3 (OJ) : version TEI</title><respStmt><resp>transcription</resp><name>Natalie Berkman</name></respStmt>
      
     </titleStmt>
     
     <publicationStmt>
      <p>Edition numérique distribué par le projet ANR DifDePo</p>
     </publicationStmt>
     <sourceDesc>
      <bibl><idno>t10010239-1981-05-oj</idno><title>Ordre de jour de <ref target="difdepo:t10010239-1981-05">la réunion Oulipo</ref> du <date when="1981-05-22"/></title></bibl>
     </sourceDesc>
   </fileDesc>
   
   <revisionDesc>
     <listChange><change when="2016-04-21T21:29:16Z">Oulipo specific tags added</change>
      <change>
        <date>2016-04-21T20:55:08Z</date>
        <name>Natalie Berkman</name>
      </change>
     </listChange>
   </revisionDesc>
  </teiHeader>
  <text type="OJ">
   <body><pb xml:id="p3" n="3"/>
     
     
     
     
     
     
     
     
     
     
     
     <p rend="incipit">22/5/81</p>
     <p rend="incipit">
      <persName>JQ</persName>+<persName>PF</persName>+<persName>JB</persName>+<persName>HM</persName>+<persName>MB</persName>+<persName>GP</persName>+<persName>JR</persName>
    </p>
     <p rend="incipit">+ invité <persName>Roger Shattuck</persName> + <persName>MM</persName>
    </p>
     <p rend="incipit">Excusés : <persName>LE</persName>+<persName>NA</persName>+<persName>PB</persName>+<persName>JD</persName>+<persName>FLL</persName>
    </p>
     <p rend="incipit">Inexcusables : <persName>JL</persName>
    </p>
     <p>Ordre du jour</p>
     <p><label type="rubrique">Création</label></p>
     <list type="unordered">
      <item>3 <persName>JQ</persName> 
        <term>prosodie</term>
      </item>
    </list>
     <list type="unordered">
      <item>1 <persName>HM</persName> 
        <ref target="http://gallica.bnf.fr/ark:/12148/btv1b100102390/f4.image"><title>La parole chiffrée</title></ref>
      </item>
    </list>
     <list type="unordered">
      <item>2 <persName>GP</persName> 
        <title>La cantatrice sauve</title>
      </item>
    </list>
     <p><label type="rubrique">Action</label></p>
     <list type="unordered">
      <item>
        <persName>JB</persName> 
        <name type="manif">Bourges</name> – <name type="manif">Villeneuve</name> – <name type="manif">Cerisy</name> – Documents AP</item>
    </list>
     <list type="unordered">
      <item>
        <persName>GP</persName> 
        <name type="manif">Preprimtech</name>
      </item>
    </list>
     <list type="unordered">
      <item>
        <persName>HM</persName> Droits</item>
    </list>
     <list type="unordered">
      <item>
        <persName>Roger S.</persName> 
        <name type="manif">Festival de poésie American Center</name> (une <term>sonate</term>)</item>
    </list>
     <list type="unordered">
      <item>
        <persName>MB</persName> Bourges</item>
    </list>
     <list type="unordered">
      <item>
        <persName>PF</persName> Oulipo</item>
    </list>
     <p>BO</p>
     <list type="unordered">
      <item>
        <persName>PF</persName> 15, 16, global</item>
    </list>
     <list type="unordered">
      <item>
        <persName>GP</persName> Beo(thien) 16</item>
    </list>
     <p><label type="rubrique">Erudition</label></p>
     <p><label type="rubrique">
      <persName>RS</persName> Article <orgName>New York Times</orgName>
    </label></p>
     <p><label type="rubrique">Menus propos</label></p>
     <p><label type="rubrique">
      <persName>JB</persName> 
      <unclear>superstr</unclear> en triangle <persName>HM</persName> Bourges</label></p>
     <p><label type="rubrique">
      <persName>GP</persName> 
      <term>Contraintes</term>
    </label></p>
     <p>Invités d’honneur</p>
     <p>Prochaine réunion</p>
   </body>
  </text>
</TEI>