<?xml version="1.0" encoding="UTF-8"?><?xml-model href="../difdepo.rnc" type="application/relax-ng-compact-syntax"?><TEI xmlns="http://www.tei-c.org/ns/1.0" xml:id="t10010238-1981-04-cv">
  <teiHeader>
   <fileDesc>
     <titleStmt>
      <title>Transcription du scan 10010236 pp. 1 à 1 (CV) : version TEI</title><respStmt><resp>transcription</resp><name>Natalie Berkman</name></respStmt>
      
     </titleStmt>
     
     <publicationStmt>
      <p>Edition numérique distribué par le projet ANR DifDePo</p>
     </publicationStmt>
     <sourceDesc>
      <bibl><idno>t10010238-1981-04-cv</idno><title>Convocation à <ref target="difdepo:t10010238-1981-04">une réunion Oulipo</ref>, envoyée le <date when="1981-04-17"/> par <persName role="expéditeur">JB GP JR</persName> Destinataire : <persName role="destinataire">xx</persName></title></bibl>
     </sourceDesc>
   </fileDesc>
   
   <revisionDesc>
     <listChange><change when="2016-04-21T21:29:15Z">Oulipo specific tags added</change>
      <change>
        <date>2016-04-21T20:54:52Z</date>
        <name>Natalie Berkman</name>
      </change>
     </listChange>
   </revisionDesc>
  </teiHeader>
  <text type="CV">
   <body><pb xml:id="p1" n="1"/>
     
     
     
     
     
     
     
     
     
     
     
     <p rend="incipit">Vendredi 17 avril 1981</p>
     <p>Chers brigadiers,</p>
     <p>Cette convocation se présente sous une forme inhabituelle, à cause du misérable accident de bicyclette survenu à notre ami <persName>Paul Fournel</persName>, lequel n’avait pas suffisamment médité le chapitre XLI du <title>Vol d’Icare</title>.</p>
     <p>La prochaine réunion de l’OuLiPo, se tiendra le vendredi 24 avril, à partir d’onze heures, chez <persName>Isabelle</persName> et <persName>Marcel Benabou</persName> (48 rue du capitaine Marchal, Paris-20).</p>
     <p>Prière de téléphoner, au 361.40.39 et au plus tard la veille, pour retenir son couvert.</p>
     <p>Amitiés à tous.</p>
     <p>Par procuration :</p>
     <p>
      <persName>JB GP JR</persName>
    </p>
   </body>
  </text>
</TEI>