<?xml version="1.0" encoding="UTF-8"?><?xml-model href="../difdepo.rnc" type="application/relax-ng-compact-syntax"?><TEI xmlns="http://www.tei-c.org/ns/1.0" xml:id="t10010051-1965-01-cr">
  <teiHeader>
   <fileDesc>
     <titleStmt>
      <title>Transcription du scan 10010051 pp. 7 à 9 (CR) : version TEI</title><respStmt><resp>transcription</resp><name>Invité</name></respStmt>
      
     </titleStmt>
     
     <publicationStmt>
      <p>Edition numérique distribué par le projet ANR DifDePo</p>
     </publicationStmt>
     <sourceDesc>
      <bibl><idno>t10010051-1965-01-cr</idno><meeting xml:id="t10010051-1965-01"><date when="1965-01-08"/><list type="present"><item><persName ref="#NA"/></item><item><persName ref="#PB"/></item><item><persName ref="#JQ"/></item><item><persName ref="#FLL"/></item><item><persName ref="#JD"/></item><item><persName role="invité">Prof. Margat</persName></item><item><persName role="président" ref="#JL"/></item></list></meeting></bibl>
     </sourceDesc>
   </fileDesc>
   
   <revisionDesc>
     <listChange><change when="2016-04-21T21:29:07Z">Oulipo specific tags added</change>
      <change>
        <date>2016-04-21T20:53:49Z</date>
        <name>Invité</name>
      </change>
     </listChange>
   </revisionDesc>
  </teiHeader>
  <text type="CR">
   <body><pb xml:id="p7" n="7"/>
     
     
     
     
     
     
     
     
     
     
     
     <p rend="incipit">OUVROIR DE</p>
     <p rend="incipit">LITTERATURE</p>
     <p rend="incipit">POTENTIELLE</p>
     <p rend="incipit">CIRCULAIRE No. 57</p>
     <p rend="incipit">COMPTE-RENDU DE LA REUNION DU 8 JANVIER, 1965</p>
     <p rend="incipit">PRESENTS : <persName>Prof. Margat</persName> (invité), <persName>N. Arnaud</persName>, <persName>P. Braffort</persName>, <persName>J. Queval</persName>, <persName>F. Le Lionnais</persName>, <persName>J. Duchateau</persName>
    </p>
     <p rend="incipit">PRESIDENT : <persName>J. LESCURE</persName>
    </p>
     <p><label type="rubrique">
      <persName>BRAFFORT</persName> présente le <persName>Prof. Margat</persName> : Géologue (grand), des travaux sur la <term>phrase sacramentelle</term>, des dessins dans <title>Bizarre</title>, <title>la Joconde</title> (Film de <persName>H. Gruel</persName>)</label></p>
     <p><label type="rubrique">
      <persName>LESCURE</persName> : En lisant d’une page sur l’autre, c’est-à-dire horizontalement un recueil de poèmes de… trouvé chez <persName>R. Queneau</persName>, j’ai constaté une nette amélioration par rapport à la lecture « normale »</label></p>
     <p><label type="rubrique">(<persName>J. Lescure</persName> lit le poème et ne le donne pas au <persName>secrétaire</persName>).</label></p>
     <p><label type="rubrique">
      <persName>LESCURE</persName> : C’est la fatalité séquentielle.</label></p>
     <p><label type="rubrique">
      <persName>BRAFFORT</persName> : ça supprime l’aspect <persName>Aragon</persName>.</label></p>
     <p><label type="rubrique">
      <persName>LE LIONNAIS</persName> : C’est toujours ça de gagné</label></p>
     <p>
      <persName>Duchateau</persName> fait part d’un travail sur <persName>Roussel</persName>. L’analyse d’un fragment du chapitre 15 des <title>impressions d’Afrique</title> permet de mettre en évidence :</p>
     <list type="ordered">
      <item>le souci de répéter certains (très peu) mots clefs pour la scène. </item>
      <item>Le désir de mettre en évidence ces <term>répétitions</term> en évitant d’autres <term>répétitions</term> par un jeu de <term>périphrases</term>.</item>
    </list>
     
      <pb xml:id="p8" n="8"/>
    
     <list type="ordered">
      <item>Le caractère plus qu’évident de ces <term>périphrases</term> a pour effet de « remonter » la <term>redondance</term> par ailleurs assez faible, du fait du petit nombre de mots répétés.</item>
    </list>
     <p>NB : Il est rappelé que nous devons nous méfier de la linguistique, notre but étant, non pas une analyse de ce genre, mais la découverte (et la création) de <term>contraintes</term> susceptibles de donner des <term>règles</term> voire des structures utilisables.</p>
     <p>
      <persName>N. Arnaud</persName> et <persName>J. Lescure</persName> nous entretiennent des <term>grilles</term>.</p>
     <p>
      <persName>LESCURE</persName> : Si vous prenez une mauvaise gouache et que vous la découpiez en 40, il y en aura 20 qui seront meilleures que l’original.</p>
     <p>
      <persName>ARNAUD</persName> : Moi je voulais parler plutôt de <term>cache</term>. Des <term>caches</term> qui seraient appliqués sur un texte. <persName>Char</persName> et <persName>Rimbaud</persName> en ont utilisés souvent.</p>
     <p>
      <persName>BRAFFORT</persName> : La <term>microstructure</term> supérieure à la <term>monostructure</term>.</p>
     <p>
      <persName>LESCURE</persName> : La <term>grille</term> doit être arbitraire.</p>
     <p>
      <persName>J . Queval</persName> parle de cet auteur… qui prétendait que <persName>Rimbaud</persName> avait plagié le <title>voyage</title> de <persName>Cook</persName>. Le même personnage aurait aussi expliqué <persName>Mallarmé</persName> de cette manière.</p>
     <p>Il est question de différents travaux, non remis au secrétariat.</p>
     <p>
      <persName>BRAFFORT</persName> : Un travail sur un poème de <persName>Queneau</persName>.</p>
     
      <pb xml:id="p9" n="9"/>
    
     <p>
      <persName>LE LIONNAIS</persName> : Un travail à <persName>Berge</persName> à partir des carrés latins. <persName>Berge</persName> doit nous fournir des éclaircissements à ce sujet.</p>
     <p>
      <persName>LE LIONNAIS</persName> : Parle des <term>puzzles, combinatoires</term> : Le personnage peut être modifié (femme = taureau) et cela doit raccorder.</p>
     <p>
      <persName>F. Le Lionnais</persName> se faisant le porte-parole de <persName>R. Queneau</persName> nous entretient de <persName>Alexandre Dumasiate</persName>.</p>
     <p>
      <persName>QUEVAL</persName> et <persName>BRAFFORT</persName> : <persName>Mao</persName>, est-ce un asiate ?</p>
     <p>
      <persName>LESCURE</persName> : La vache.</p>
     <p>
      <persName>LE LIONNAIS</persName> : <persName>Aramis</persName> fait des vers d’une seule syllabe.</p>
     <p>Il est encore question des cerveaux réunis, du <ref>texte circulaire pour la Halle aux Vins</ref>, conseillé de méditer sur le thème <term>inspiration</term> et <term>génie</term>.</p>
     <p>PS : Il est rappelé que les travaux « exposés » doivent être remis au secrétariat avec mode d’emploi.</p>
     <p>Prochaine réunion : le 1er Février, <name type="manif">Basque</name>.</p>
     <p>Le <persName>S.P</persName>
    </p>
     <p>
      <persName>J.D</persName>
    </p>
   </body>
  </text>
</TEI>