<?xml version="1.0" encoding="UTF-8"?><?xml-model href="../difdepo.rnc" type="application/relax-ng-compact-syntax"?><TEI xmlns="http://www.tei-c.org/ns/1.0" xml:id="t10010023-1962-09-cr">
  <teiHeader>
   <fileDesc>
     <titleStmt>
      <title>Transcription du scan 10010023 pp. 2 à 4 (CR) : version TEI</title><respStmt><resp>transcription</resp><name>Invité</name></respStmt>
      
     </titleStmt>
     
     <publicationStmt>
      <p>Edition numérique distribué par le projet ANR DifDePo</p>
     </publicationStmt>
     <sourceDesc>
      <bibl><idno>t10010023-1962-09-cr</idno><meeting xml:id="t10010023-1962-09"><date when="1962-09-11"/><placeName>Restaurant du Vieux Paris</placeName><list type="present"><item><persName ref="#NA"/></item><item><persName ref="#JB"/></item><item><persName ref="#JD"/></item><item><persName ref="#FLL"/></item><item><persName ref="#RQ"/></item><item><persName role="président" ref="#JL"/></item></list></meeting></bibl>
     </sourceDesc>
   </fileDesc>
   
   <revisionDesc>
     <listChange><change when="2016-04-21T21:29:06Z">Oulipo specific tags added</change>
      <change>
        <date>2016-04-21T20:53:40Z</date>
        <name>Invité</name>
      </change>
     </listChange>
   </revisionDesc>
  </teiHeader>
  <text type="CR">
   <body><pb xml:id="p2" n="2"/>
     
     
     
     
     
     
     
     
     
     
     
     <p rend="incipit">
      <orgName>
        OUVROIR DE
      </orgName> 
    </p>
     <p rend="incipit">
      <orgName>
        LITTERATURE
      </orgName> 
    </p>
     <p rend="incipit">
      <orgName>
        POTENTIELLE
      </orgName> 
    </p>
     <p rend="incipit">Circulaire n°25</p>
     <p rend="incipit">Réunion du mardi 11 septembre 1962</p>
     <p rend="incipit">PRESENTS : <persName>Arnaud</persName>, <persName>Bens</persName>, <persName>Duchateau</persName>, <persName>Le Lionnais</persName>, <persName>Lescure</persName>, <persName>Queneau</persName>
    </p>
     <p rend="incipit">EXCUSES : Les autres.</p>
     <p rend="incipit">PRESIDENT : <persName>Lescure</persName>
    </p>
     <p>La direction du « Vieux Paris » nous ayant installé à la terrasse, ce qui doit nuire à nos débats, le S.P. s’enfle d’une juste colère. Sur son instigation, il est décidé que, fuyant désormais les traiteurs inhospitaliers, nous déjeunerons les uns chez les autres.</p>
     <p>
      <persName>R QUENEAU</persName> : nous ferons la tournée des bobodes.</p>
     <p>
      <persName>F. LE LIONNAIS</persName> : Je soumets à votre approbation la liste, réduite à deux noms, d’un certain nombre de personnalités que nous pourrions inviter à l’un de nos prochains déjeuners. Il s’agit de <persName>G.E. Clancier</persName> et de <persName>Jean Ferry</persName>.</p>
     <p>Cette liste est adoptée avec enthousiasme. On remarque que l’invitation de <persName>Clancier</persName>, quoique jamais suivie d’effet, n’a jamais, non plus, été contestée.</p>
     <p>
      <persName>Le Lionnais</persName> signale encore qu’il n’a pas de nouvelles de <persName>M. Florkin</persName>. Il communique à l’assemblée la copie d’une lettre de <persName>Blavier</persName> à <persName>Florkin</persName>. Cette lettre, approuvée, est versée aux archives.</p>
     <p>X… : Il doit le p’tit Florkin-kin.</p>
     <p>
      <persName>Arnaud</persName> communique une <title>OuLiPo-Java</title> composée en notre honneur par <persName>François Dufrêne</persName>. Cette composition est versée aux archives. On en trouvera le <ref>texte en Annexe</ref> de la présente.</p>
     <p>Il est question des <term>Rhinogrades</term>. <persName>F. Le Lionnais</persName>, avec la plus parfaite mauvaise foi, se déclare « confondu par l’ignorance biologique du dataire ». Il insiste, non sans vulgarité, pour que cette confusion (on ne saurait mieux dire) soit inscrite au procès-verbal.</p>
     <p>
      <persName>Duchateau</persName> fait un <ref>exposé</ref> très remarqué sur le <term>roman combinatoire</term>. On trouvera, <ref>en Annexe</ref>, l’essentiel de sa communication. La discussion s’ouvre.</p>
     <p>
      <persName>J. BENS</persName> : A mon sens, la difficulté réside en ceci (que démontre suf-</p>
     
      <pb xml:id="p3" n="3"/>
    
     <p>fisamment la tentative de <persName>Saporta</persName>) : sans lien de cause à effet, il n’y a pas de romanesque possible.</p>
     <p>
      <persName>F. LE LIONNAIS</persName> : <persName>Bens</persName> est étroitement conditionné par la culture classique. Ces structures sont-elles inévitables ? (Sinon, il faut évidemment faire autre chose que <persName>Saporta</persName>, qui a seulement démontré qu’une solution de négligence n’est pas possible.) On pourrait, par exemple, admettre qu’il existe un ordre différent de l’ordre temporel. Peut-être pas n’importe lequel, d’ailleurs. Mais je ne sais pas lequel. Si nous prenons <title>100.000 milliards de poèmes</title>, nous constatons que chaque poème est bon. Dans le livre de <persName>Saporta</persName>, toutes les <term>combinaisons</term> ne sont pas bonnes. Peut-on proposer quelques bonnes solutions et écarter les mauvaises ?</p>
     <p>
      <persName>J. LESCURE</persName> : On limiterait le choix de l’auteur ?</p>
     <p>
      <persName>R. QUENEAU</persName> : L’auteur a toujours un choix, dans n’importe quelle littérature.</p>
     <p>
      <persName>F. LE LIONNAIS</persName> : Son choix sera limité à l’intérieur d’un certain <term>système</term>.</p>
     <p>
      <persName>J. BENS</persName> : Il n’y a pas de comparaison possible.</p>
     <p>(On notera l’exemplaire obscurité de chacune de ces répliques. Obscurité qui n’est que la rançon de leur elliptique profondeur.)</p>
     <p>
      <persName>R. QUENEAU</persName> : Historiquement…</p>
     <p>Voix : Ah !</p>
     <p>
      <persName>R. QUENEAU</persName> :… Historiquement, il existe deux ouvrages forts intéressants de <persName>Georges Polti</persName> : <title>Les 36 situations dramatiques</title> et <title>l’Art d’inventer les personnages</title>. Le premier contient une thèse : le nombre total des situations dramatiques est limité à 36. Toutes les situations « nouvelles » que l’on peut inventer se ramènent à une des précédentes. Dans le second ouvrage, <persName>Polti</persName> propose des <term>combinaisons</term> (de caractères, de situations, etc.) permettant de définir 7.000 (ou 70.000 ?) types. Un autre auteur a proposé une autre <term>combinatoire</term> : c’est <persName>Léon Bopp</persName>. Sa méthode était également limitative, mais d’une manière beaucoup plus naïve. D’ailleurs, les romans que l’on a écrits après lui n’entrent pas dans les cadres qu’il avait prévus…</p>
     <p>
      <persName>F. LE LIONNAIS</persName> : <persName>Souriau</persName> a également étudié la question, dans un ouvrage publié par la « <title>Bibliothèque de Philosophie Scientifique</title> » de <orgName>Flammarion</orgName>.</p>
     <p>
      <persName>J. BENS</persName> : Dans le roman policier, on connaît les célèbres règles de <persName>Van Dine</persName>. Mais il ne s’agit alors que de règles interdisant certaines facilités. Cela n’a rien à voir avec la <term>combinatoire</term>.</p>
     <p>
      <persName>F. LE LIONNAIS</persName> : Je vous proposerai, lors d’une prochaine réunion, une nouvelle solution pour les problèmes de local clos. Je rumine également, d’ailleurs, un cas où l’assassin est le lecteur.</p>
     
      <pb xml:id="p4" n="4"/>
    
     <p>
      <persName>F. LE LIONNAIS</persName> : Je voudrais faire, à propos du <term>lettrisme</term> et de l’OuLiPo, deux communications indépendantes mais liées :</p>
     <list type="ordered">
      <item>Je rappelle que l’OuLiPo a pour but de découvrir des <term>structures</term> nouvelles et de donner, pour chaque structure, des exemples en petite quantité. Il ne faut donc pas s’étonner que nos travaux n’aillent pas plus vite ;</item>
      <item>Le <term>lettrisme</term> m’apparaît, en un sens, comme une tentative de recherche de structures. Comme il existe, nous n’avons rien à faire dans ce domaine. Pourquoi n’inventerions-nous pas <persName>Dufrêne</persName> ? Nous pouvons apporter quelque chose au <term>lettrisme</term>. Par exemple : inventer une nouvelle lettre de l’alphabet.</item>
    </list>
     <p>On ajoute donc <persName>François Dufrêne</persName> à la liste précédente des personnalités à inviter prochainement.</p>
     <p>On ne manque pas, naturellement, d’échanger des vœux de Bonne Année Pataphysique.</p>
     <p>On remarque qu’une nouvelle Ere, l’Ere Oulipienne, pourrait être créée. Le premier jour de l’année en serait le 24 novembre, anniversaire de la fondation de l’OuLiPo. (On néglige dans ce calcul, mais sans les oublier, les entretiens préalables à la fondation solennelle.)</p>
     <p>
      <persName>Raymond Queneau</persName> et <persName>François Le Lionnais</persName> échangent alors les fruits mathématiques de leurs veilles. L’impuissance du S.P. à suivre cette estimable discussion l’empêche d’en faire part ici. Non sans regret.</p>
     <p>Une femme peintre, installée à deux pas de nous, sous couleur de fixer les traits austères de Saint-Etienne-du-Mont, nous tire le portrait. Ainsi, la dernière réunion publique de l’OuLiPo s’inscrira dans une oléagineuse, et peut-être (qui sait ?) drouotique, postérité.</p>
     <p>La prochaine réunion…</p>
     <p>
      <persName>R. QUENEAU</persName> : On va faire la tournée des OuLiPopotes !</p>
     <p>… la prochaine réunion, donc, se tiendra le vendredi 26 octobre chez <persName>Jacques Duchateau</persName>.</p>
     <p>(On sait que, par la suite de modifications ultérieures, cette réunion s’est tenue, le 31 octobre, chez <persName>Claude Berge</persName>.)</p>
     <p>Le S.P.</p>
   </body>
  </text>
</TEI>