<?xml version="1.0" encoding="UTF-8"?><?xml-model href="../difdepo.rnc" type="application/relax-ng-compact-syntax"?><TEI xmlns="http://www.tei-c.org/ns/1.0" xml:id="t10010247-1982-02-cr">
  <teiHeader>
   <fileDesc>
     <titleStmt>
      <title>Transcription du scan 10010247 pp. 36 à 36 (CR) : version TEI</title><respStmt><resp>transcription</resp><name>ONE</name></respStmt>
      
     </titleStmt>
     
     <publicationStmt>
      <p>Edition numérique distribué par le projet ANR DifDePo</p>
     </publicationStmt>
     <sourceDesc>
      <bibl><idno>t10010247-1982-02-cr</idno><meeting xml:id="t10010247-1982-02"><date when="1982-02-19"/><placeName>chez MB</placeName><list type="present"><item><persName ref="#MM"/></item><item><persName ref="#CB"/></item><item><persName ref="#JQ"/></item><item><persName ref="#JR"/></item><item><persName ref="#PF"/></item><item><persName role="invité">Jacques Jouet</persName></item><item><persName role="président" ref="#JB"/></item></list></meeting></bibl>
     </sourceDesc>
   </fileDesc>
   
   <revisionDesc>
     <listChange><change when="2016-04-21T21:29:19Z">Oulipo specific tags added</change>
      <change>
        <date>2016-04-21T20:55:31Z</date>
        <name>ONE</name>
      </change>
     </listChange>
   </revisionDesc>
  </teiHeader>
  <text type="CR">
   <body><pb xml:id="p36" n="36"/>
     
     
     
     
     
     
     
     
     
     
     
     <p rend="incipit">Réunion du 19 II 82 chez MB</p>
     <list type="unordered">
      <item>Présents : <persName>JB</persName>-<persName>MM</persName>-<persName>CB</persName>-<persName>JQ</persName>-<persName>JR</persName>-<persName>PF</persName>-<persName>MB</persName>.</item>
      <item>Excusés : <persName>FLL</persName>. <persName>JL</persName>. <persName>GP</persName>.</item>
      <item>Absents : <persName>NA</persName>
      </item>
      <item>Invité : <persName>Jacques Jouet</persName>
      </item>
      <item>Président de séance : <persName>JB</persName>
      </item>
    </list>
     <p>Traditionnelle <term>arrivée palindromique</term> de <persName>LE</persName> pour la rue de la Dhuys.</p>
     <p>Présentation de l’invité par <persName>PF</persName>.</p>
     <p>
      <persName>PF</persName> : Préparation du <name type="manif">stage d’Amiens</name> (coup de téléphone attendu de <persName>Beton</persName>)</p>
     <p>
      <persName>PF</persName> : <title>BO</title> Vente du 1<hi>er</hi> tirage oulipo <title>BO</title> terminée.</p>
     <p><label type="rubrique">Création</label></p>
     <list type="unordered">
      <item>
        <persName>JQ</persName> : <title>Le conte du mouton</title> changé en <persName>Perec</persName>. <title>BO</title> n°20 ou 21</item>
      <item>
        <persName>JR</persName> : Est en train d’écrire des <term>poèmes infinis</term>. -&gt; <name type="manif">exposé à Amiens</name>.</item>
      <item>
        <persName>MB</persName> : Petit supplément aux dictionnaires des locutions françaises. –<title>BO</title>. N°21 ou 22</item>
      <item>Téléphone au Président -&gt;téléphone d’Amiens.</item>
      <item>
        <persName>Bens</persName> : Il n’y a pas de sommelier, il n’y a que de sottes gens.</item>
      <item>
        <persName>JJ</persName> :</item>
    </list>
     <p><label type="rubrique">Action :</label></p>
     <list type="unordered">
      <item>
        <persName>JR</persName> : Envoyer projets de travaux pour ordinateur pour <orgName>Alamo</orgName>. exposé de <persName>JB</persName> sur la <orgName>SGDL</orgName>
      </item>
      <item>
        <persName>JJ</persName> lit <title>Zoo ME monosyllabique</title>.</item>
    </list>
     <p><label type="rubrique">Arrivée de <persName>PB</persName>+<persName>JD</persName> Départ de <persName>LE</persName>
    </label></p>
     <list type="unordered">
      <item>
        <persName>JJ</persName> : Lit quelques textes dont requin sorti du bestiaire et pot-sec d’après <persName>Wozniak</persName>
      </item>
    </list>
   </body>
  </text>
</TEI>