<?xml version="1.0" encoding="UTF-8"?><?xml-model href="../difdepo.rnc" type="application/relax-ng-compact-syntax"?><TEI xmlns="http://www.tei-c.org/ns/1.0" xml:id="t10010276-1984-11-cr">
  <teiHeader>
   <fileDesc>
     <titleStmt>
      <title>Transcription du scan 10010276 pp. 3 à 4 (CR) : version TEI</title><respStmt><resp>transcription</resp><name>Susie Cronin</name></respStmt>
      
     </titleStmt>
     
     <publicationStmt>
      <p>Edition numérique distribué par le projet ANR DifDePo</p>
     </publicationStmt>
     <sourceDesc>
      <bibl><idno>t10010276-1984-11-cr</idno><meeting xml:id="t10010276-1984-11"><date when="1984-11-22"/><placeName>Chez Paul Braffort</placeName><list type="present"><item><persName ref="#MB"/></item><item><persName ref="#CB"/></item><item><persName ref="#HM"/></item><item><persName ref="#NA"/></item><item><persName ref="#JB"/></item><item><persName ref="#JD"/></item><item><persName ref="#PF"/></item><item><persName ref="#MM"/></item><item><persName ref="#JR"/></item><item><persName role="président" ref="#FC"/></item><item><persName role="secrétaire" ref="#JJ"/></item></list></meeting></bibl>
     </sourceDesc>
   </fileDesc>
   
   <revisionDesc>
     <listChange><change when="2016-04-21T21:29:28Z">Oulipo specific tags added</change>
      <change>
        <date>2016-04-21T20:56:52Z</date>
        <name>Susie Cronin</name>
      </change>
     </listChange>
   </revisionDesc>
  </teiHeader>
  <text type="CR">
   <body><pb xml:id="p3" n="3"/>
     
     
     
     
     
     
     
     
     
     
     
     <p rend="incipit">OuLiPo – Réunion du jeudi 22 novembre 1984 à midi</p>
     <p rend="incipit">Présents : <persName>Paul Braffort</persName> qui reçoit, <persName>Marcel Bénabou</persName>, <persName>Claude Berge</persName>, <persName>François Caradec</persName> qui préside la séance, <persName>Jacques Jouet</persName>, secrétaire de séance <persName>Harry Mathews</persName>.</p>
     <p rend="incipit">Excuses de <persName>Noël Arnaud</persName>, <persName>Jacques Bens</persName>, <persName>Jacques Duchateau</persName>, <persName>Paul Fournel</persName>, <persName>Michèle Métail</persName> et <persName>Jacques Roubaud</persName>.</p>
     <p>
      <persName>Paul Braffort</persName> donne, d’abord, de très mauvaises nouvelles de la santé de <persName>Luc Etienne</persName>.</p>
     <p><label type="rubrique">Créations : </label></p>
     <list type="unordered">
      <item>
        <persName>Jacques Jouet</persName> lit « Un peu d’histoire littéraire à la lumière de la <term>Méthode S+7</term> », quelques considérations sur les classiques qui donneront peut-être un bon coup de vieux aux manuels en vigueur. <persName>Caradec</persName> en déduit : Au commencement était le dictionnaire.</item>
      <item>
        <persName>François Caradec</persName> a mis au point et rédigé les références utiles à l’écriture de l’<term>acrostiche</term> de <title>Chrysomallo</title> (cf. la réunion de février 84). Il propose que tous les oulipiens s’y mettent et qu’on fasse une <title>B.O</title>. des résultats. <persName>Marcel Bénabou</persName> transmettra à chacun la photocopie des références.</item>
      <item>
        <persName>François Caradec</persName>, encore, lit « <title>L’apocope du coiffeur</title> », un texte tout plein de révélations sur ce qui arrive aux mots qui vont au coiffeur, comment ils en reviennent, ce qu’est une phrase peignée, etc… L’assemblée est d’avis qu’il y a là matière à <title>B.O.</title> 
        <persName>Paul Braffort</persName> propose des félicitations solennelles, mais le président de séance refuse de les mettre aux voix.</item>
    </list>
     <p><label type="rubrique">Erudition :</label></p>
     <list type="unordered">
      <item>
        <persName>Harry Mathews</persName> (est-ce vraiment de l’érudition ?) nous entretient de l’<term>invisible theater</term> qui est en train de réaliser le roman d’une ville en se fondant sur la mémoire locale et en utilisant des ordinateurs. L’un des membres du groupe cherche, en outre, à formaliser une méthode d’écriture à deux, à partir des règles du duel.</item>
      <item>
        <persName>Marcel Bénabou</persName> nous allèche avec un texte de <persName>Voiture</persName> qu’il apportera la prochaine fois : « <title>Réponse des consonnes qui n’ont pas l’honneur d’être dans le nom de Neuf-Saint-Germain.</title> »</item>
    </list>
     <p>Comme <persName>Marcel Bénabou</persName> veut partir tôt, il bouleverse totalement l’ordre du jour.</p>
     <list type="unordered">
      <item>
        <persName>Valérie Guidoux</persName> a fini son mémoire. <persName>Paul Braffort</persName> va le lire.</item>
      <item>Dans <title>Langages de Mai 84</title>, un article sur les <term>proverbes</term> détournés qui n’ignore pas <persName>Mathews</persName> mais ignore <persName>Bénabou</persName>.</item>
      <item>Lecture d’une lettre de <persName>Noël Arnaud</persName> regrettant que le <name type="manif">congrès d’Andé</name> n’ait réuni que 7 personnes et craignent que ses décisions ne soient en fait minoritaires. Tout cela, et divers autres problèmes soulevés par <persName>Noël</persName> seront traités plus en détail, en sa présence, lors de la réunion de décembre. Nous accueillerons alors <persName>Pierre Rosenstiehl</persName>.</item>
    </list>
     <p>Lapsus de <persName>MB</persName> : il dit <persName>FLL</persName> au lieu de <persName>NA</persName> ! Du coup, il s’en va.</p>
     <p><label type="rubrique">Erudition (bis)</label></p>
     <p>: <persName>François Caradec</persName> fournit quatre fois de suite :</p>
     <list type="unordered">
      <item>
        <persName>Jules Lefèvre-Deumier</persName>. Dans son roman <title>Les Martyrs d’Arezzo</title>,</item>
    </list>
     
      <pb xml:id="p4" n="4"/>
    
     <p>un personnage écrit un poème selon une structure inspirée par le jeu des tarots.</p>
     <list type="unordered">
      <item>
        <title>Cahiers J. Paulhan no.3</title>. Mention d’un nouveau <term>signe de ponctuation</term> : une parenthèse qui s’ouvre et ne se ferme pas.</item>
      <item>Un <term>acrostiche alphabétique</term> de <persName>Picabia</persName>.</item>
      <item>Un texte de <persName>Willy</persName> dont tous les mots commencent par un p.</item>
    </list>
     <p><label type="rubrique">Actions :</label></p>
     <list type="unordered">
      <item>
        <persName>Paul Braffort</persName> et <persName>Harry Mathews</persName> mentionnent « <title>Petite fabrique de Littérature</title> » fraîchement sorti chez <orgName>Magnard</orgName>, par <persName>Duchêne</persName> et <persName>Leguay</persName>. Catalogue de jeux et contraintes littéraires.</item>
      <item>Le numéro de <title>Trousse-Livres</title> « <title>Abécédaires</title> » est sorti (coordonné par <persName>Michèle Métail</persName>, articles de <persName>Noël Arnaud</persName>, <persName>Paul Braffort</persName>…j’en oublie peut-être).</item>
      <item>
        <persName>Paul Braffort</persName> mentionne « <title>Le jeu de Babel</title> » de <persName>Flahaut</persName> (<orgName>PUF</orgName>).</item>
      <item>
        <persName>Paul Braffort</persName> a trouvé « <title>Echantillons</title> » de <persName>R.G. de la Serna</persName>.</item>
      <item>
        <name type="manif">Stage Oulipo à Limoges</name> 1-3 mars 85. <persName>Benabou</persName>, <persName>Mathews</persName>, <persName>Jouet</persName>, les trois sous réserve.</item>
      <item>
        <persName>Jacques Jouet</persName> mentionne le mur peint « <title>la bibliothèque impossible</title> » qu’il a conçue avec <persName>Bertin</persName> (plasticien) et qui est en cours de réalisation.</item>
      <item>
        <persName>Paul Braffort</persName> montre quelques trésors de sa bibliothèque dont les titres comprennent un chiffre.</item>
      <item>Qui donc lance, pour finir, l’idée de réaliser les horoscopes des personnages de romans célèbres, et de rectifier en conséquence les œuvres ? <persName>Caradec</persName>, si sa mémoire est bonne.</item>
    </list>
     <p>Prochaine réunion, le vendredi 14 décembre, à 11h30. Chez <persName>J. Jouet</persName>. </p>
   </body>
  </text>
</TEI>