<?xml version="1.0" encoding="UTF-8"?><?xml-model href="../difdepo.rnc" type="application/relax-ng-compact-syntax"?><TEI xmlns="http://www.tei-c.org/ns/1.0" xml:id="t10010022-1962-08-cr">
  <teiHeader>
   <fileDesc>
     <titleStmt>
      <title>Transcription du scan 10010022 pp. 1 à 2 (CR) : version TEI</title><respStmt><resp>transcription</resp><name>Invité</name></respStmt>
      
     </titleStmt>
     
     <publicationStmt>
      <p>Edition numérique distribué par le projet ANR DifDePo</p>
     </publicationStmt>
     <sourceDesc>
      <bibl><idno>t10010022-1962-08-cr</idno><meeting xml:id="t10010022-1962-08"><date when="1962-08-24"/><placeName>Salle à manger de la Régence</placeName><list type="present"><item><persName ref="#CB"/></item><item><persName ref="#JD"/></item><item><persName ref="#JL"/></item><item><persName ref="#RQ"/></item><item><persName role="président" ref="#FLL"/></item><item><persName role="secrétaire" ref="#JD"/></item></list></meeting></bibl>
     </sourceDesc>
   </fileDesc>
   
   <revisionDesc>
     <listChange><change when="2016-04-21T21:29:05Z">Oulipo specific tags added</change>
      <change>
        <date>2016-04-21T20:53:35Z</date>
        <name>Invité</name>
      </change>
     </listChange>
   </revisionDesc>
  </teiHeader>
  <text type="CR">
   <body><pb xml:id="p1" n="1"/>
     
     
     
     
     
     
     
     
     
     
     
     <p rend="incipit">
      <orgName>
        OUVROIR DE
      </orgName> 
    </p>
     <p rend="incipit">
      <orgName>
        LITTERATURE
      </orgName> 
    </p>
     <p rend="incipit">
      <orgName>
        POTENTIELLE
      </orgName> 
    </p>
     <p rend="incipit">Circulaire n°24</p>
     <p rend="incipit">Réunion du 24 août 1962</p>
     <p rend="incipit">(dans la salle à manger de la Régence)</p>
     <p rend="incipit">PRESENTS : <persName>BENS</persName>, <persName>DUCHATEAU</persName>, <persName>LE LIONNAIS</persName>, <persName>LESCURE</persName>, <persName>QUENEAU</persName>.</p>
     <p rend="incipit">Excusés : Les autres.</p>
     <p rend="incipit">PRESIDENT : <persName>LE LIONNAIS</persName>.</p>
     <p>La pluie nous ayant chassé des jardins, nous nous retirons à l’abri.</p>
     <p>
      <persName>Queneau</persName> présente des documents sur les écrits <term>lipogrammatiques</term>, des remarques de <persName>M. Balestra</persName> sur les <title>cent mille milliards de poèmes</title>, ainsi qu’un <term>poème isovocalique</term> sur « <title>le vierge, le vivace</title>, etc… »</p>
     <p>(<ref>Voir annexes</ref>)</p>
     <p>
      <persName>LE LIONNAIS</persName> : On peut faire des <term>isomorphismes</term> et transformer des poèmes préexistants d’un bout à l’autre.</p>
     <p>
      <persName>BENS</persName> : J’admire, parce que j’ai essayé les <term>isovocalismes</term> et j’ai pu constater que c’est très difficile. Il y a des verbes insolubles.</p>
     <p>
      <persName>QUENEAU</persName> : Mais je crois que notre bon <persName>Mallarmé</persName> est parfaitement <term>potentiel</term>.</p>
     <p>
      <persName>Le Lionnais</persName> présente alors un <ref>poème</ref> 
      <term>holorime</term> « à répétition ».</p>
     <p>(<ref>Voir annexes</ref>)</p>
     <p>
      <persName>Le Lionnais</persName> propose alors de composer un poème <term>tangent</term> à trois poèmes <term>tangents</term> deux à deux. Cela se rapproche du problème d’<persName>Apollonius</persName> (trois sphères plus une). Les conventions à utiliser sont les suivantes :</p>
     <list type="unordered">
      <item>Inscrire un poème non dans un rectangle mais dans un cercle</item>
      <item>On appellera « <term>bords</term> » du poème : le premier et le dernier mot de chaque <term>vers</term>, ainsi que le premier et le dernier <term>vers</term>
      </item>
      <item>Il y a <term>tangence</term> quand les bords des deux poèmes ont un mot commun</item>
    </list>
     <p>On discute pour arriver à comprendre. On y parvient. On souhaite de nouveaux contacts avec <persName>M. Quemada</persName>.</p>
     <p>
      <persName>LE LIONNAIS</persName> : Il nous faudrait un <term>inventaire</term> des « <term>bords</term> » de la littérature française.</p>
     <p>
      <persName>BENS</persName> : Comment fera-t-on avec le théâtre en <term>vers</term> ? La <term>tirade</term> est-elle un poème ?</p>
     
      <pb xml:id="p2" n="2"/>
    
     <p>
      <persName>LE LIONNAIS</persName> : Cela dépend : oui si elle fait un tout. Exemples : <title>le songe d’Athalie</title>, <title>les Stances de Rodrigue</title>.</p>
     <p>
      <persName>QUENEAU</persName> : Pour que le problème soit intéressant, il faudrait faire en sorte que le 4ème poème (celui qui est à composer) soit <title>La Jeune Parque</title>.</p>
     <p>
      <persName>BENS</persName> : On pourrait essayer avec trois <term>vers</term>, plus un.</p>
     <p>
      <persName>LE LIONNAIS</persName> : Ce n’est pas sérieux.</p>
     <p>
      <persName>BENS</persName> : C’est un exercice.</p>
     <p>
      <persName>LE LIONNAIS</persName> : Un exercice à dissimuler !</p>
     <p>
      <persName>LE LIONNAIS</persName> : J’envisage des poèmes <term>anaglyphiques</term>, à lire avec des lunettes rouges et vertes. Et même des poèmes à quatre dimensions.</p>
     <p>
      <persName>QUENEAU</persName> (la bouche pleine) : Ch’est quand même <term>métrique</term>, et non <term>topologique</term>. Il faut écrire des <term>vers</term> de la même dimension, sinon ils ne seront pas <term>tangents</term>.</p>
     <p>
      <persName>LE LIONNAIS</persName> : Il y a une <term>métrique</term> des <term>bords</term>. L’intérieur est sans importance.</p>
     <p>
      <persName>BENS</persName> (entre ses dents) : Hypocrite.</p>
     <p>
      <persName>LE LIONNAIS</persName> : J’ai l’intention, d’ailleurs, de proposer l’étude des <unclear>séquences/sécances</unclear>, et notamment des cordes dans les figures.</p>
     <p>
      <persName>BENS</persName> : Il nous épuisera.</p>
     <p>
      <persName>LESCURE</persName> (pensif) : Il y a tout de même quelque chose à faire dans le poème évidé.</p>
     <p>
      <persName>QUENEAU</persName> : C’est l’œuf de Colomb : on met sa mouillette, il ne reste que le bord.</p>
     <p>(Intermède : deux répliques de « <persName>Landru</persName> »)</p>
     <p>On reparle de <persName>M. Florkin</persName> et de Liège. Il y eut des échanges de correspondance. On attend.</p>
     <p>Considérations nombreuses sur le jeu d’échecs.</p>
     <p>Prochaine réunion le 14 septembre 1962.</p>
     <p>
      <persName>J.B.</persName> 
    </p>
   </body>
  </text>
</TEI>