<?xml version="1.0" encoding="UTF-8"?><?xml-model href="../difdepo.rnc" type="application/relax-ng-compact-syntax"?><TEI xmlns="http://www.tei-c.org/ns/1.0" xml:id="t10010271-1984-05-cv">
  <teiHeader>
   <fileDesc>
     <titleStmt>
      <title>Transcription du scan 10010271 pp. 1 à 1 (CV) : version TEI</title><respStmt><resp>transcription</resp><name>Susie Cronin</name></respStmt>
      
     </titleStmt>
     
     <publicationStmt>
      <p>Edition numérique distribué par le projet ANR DifDePo</p>
     </publicationStmt>
     <sourceDesc>
      <bibl><idno>t10010271-1984-05-cv</idno><title>Convocation à <ref target="difdepo:t10010271-1984-05">une réunion Oulipo</ref>, envoyée le <date when="1984-05-10"/> par <persName role="expéditeur">PF</persName> Destinataire : <persName role="destinataire">XX</persName></title></bibl>
     </sourceDesc>
   </fileDesc>
   
   <revisionDesc>
     <listChange><change when="2016-04-21T21:29:24Z">Oulipo specific tags added</change>
      <change>
        <date>2016-04-21T20:56:11Z</date>
        <name>Susie Cronin</name>
      </change>
     </listChange>
   </revisionDesc>
  </teiHeader>
  <text type="CV">
   <body><pb xml:id="p1" n="1"/>
     
     
     
     
     
     
     
     
     
     
     
     <p rend="incipit">Oulipo</p>
     <p rend="incipit">Le 10 mai 84</p>
     <p rend="incipit">Chers oulipiens,</p>
     <p>Le mardi 29 mai 1984 à 11h30, l’ouvroir se réunira chez <persName>Paul Braffort</persName> 7 rue Charles V dans le 4<hi>e</hi> (278.12.92). <persName>Jacques Duchateau</persName> s’est excusé pour les réunions de mai et juin pour cause de festivals (vaches-cochons-corvées) mais à part lui, nous devons être nombreux pour fêter le printemps. Prévenez donc <persName>Braffort</persName> de votre venue et que personne ne boycotte les jeux oulipiques.</p>
     <p>Amitiés,</p>
     <p>
      <persName>Paul</persName>
    </p>
     <p>Un secrétaire </p>
   </body>
  </text>
</TEI>