<?xml version="1.0" encoding="UTF-8"?><?xml-model href="../difdepo.rnc" type="application/relax-ng-compact-syntax"?><TEI xmlns="http://www.tei-c.org/ns/1.0" xml:id="t10010278-1985-01-oj">
  <teiHeader>
   <fileDesc>
     <titleStmt>
      <title>Transcription du scan 10010278 pp. 7 à 7 (OJ) : version TEI</title><respStmt><resp>transcription</resp><name>Susie Cronin</name></respStmt>
      
     </titleStmt>
     
     <publicationStmt>
      <p>Edition numérique distribué par le projet ANR DifDePo</p>
     </publicationStmt>
     <sourceDesc>
      <bibl><idno>t10010278-1985-01-oj</idno><title>Ordre de jour de <ref target="difdepo:t10010278-1985-01">la réunion Oulipo</ref> du <date when="1985-01-18"/></title></bibl>
     </sourceDesc>
   </fileDesc>
   
   <revisionDesc>
     <listChange><change when="2016-04-21T21:29:29Z">Oulipo specific tags added</change>
      <change>
        <date>2016-04-21T20:56:56Z</date>
        <name>Susie Cronin</name>
      </change>
     </listChange>
   </revisionDesc>
  </teiHeader>
  <text type="OJ">
   <body><pb xml:id="p7" n="7"/>
     
     
     
     
     
     
     
     
     
     
     
     <p rend="incipit">président <persName>MB</persName> 
    </p>
     <p rend="incipit">Oulipo Chez <persName>PF</persName> 
    </p>
     <p rend="incipit">18-1-85</p>
     <p rend="incipit">
      <persName>JR</persName>, <persName>FC</persName>, <persName>HM</persName>, <persName>MB</persName>, <persName>JJ</persName>, <persName>PF</persName>, <persName>JB</persName> + <persName>PR</persName> 
    </p>
     <p rend="incipit">Excuses : <persName>NA</persName>, <persName>JL</persName>, <persName>MM</persName>, <persName>JQ</persName> 
    </p>
     <p><label type="rubrique">Création</label></p>
     <p>
      <persName>FC</persName> : Excusés <unclear>termes</unclear>
    </p>
     <p>
      <persName>HM</persName> : Projet à soumettre (<unclear>poliach</unclear> . séance)</p>
     <p>
      <persName>JJ</persName> : <term>Diérèse</term> de portion variable</p>
     <p>
      <persName>MB</persName> : suggestions de <term>création</term> !</p>
     <p>
      <persName>PB</persName> : <term>littérature chimique</term>
    </p>
     <p><label type="rubrique">Action</label></p>
     <p><label type="rubrique">Réaction = <persName>FC</persName> 2 réactions</label></p>
     <p>JB <unclear>Yeues</unclear>
    </p>
     <p>
      <persName>PF</persName> 
      <name type="manif">Limoges Mo</name>
    </p>
     <p>
      <persName>MB</persName> 
      <name type="manif">Davos</name> 
    </p>
     <p>
      <persName>JJ</persName> Créaction</p>
     <p><label type="rubrique">Erudition</label></p>
     <p>
      <persName>FC</persName> On <unclear>conte</unclear> à la façon de <persName>Fouquet</persName>
    </p>
     <p>
      <persName>Erudition</persName> 
      <unclear>nominale</unclear>
    </p>
     <p>
      <persName>PF</persName> 
      <term>S+7</term> 
    </p>
     <p>
      <persName>JJ</persName> 
      <term>Alexandrins énumératifs</term>
    </p>
     <p>
      <persName>MB</persName> : <unclear>Cryso Mallo</unclear>
    </p>
     <p>
      <persName>PF</persName> : <title>dictionnaire des mots retrouvés</title>
    </p>
     <p><label type="rubrique">Menus propos : opérations diverses</label></p>
     <p>
      <title>BO</title> : 2 <title>BO</title> à distribuer</p>
     <p>
      <persName>CB</persName> 
      <title>BO</title>
    </p>
   </body>
  </text>
</TEI>