<?xml version="1.0" encoding="UTF-8"?><?xml-model href="../difdepo.rnc" type="application/relax-ng-compact-syntax"?><TEI xmlns="http://www.tei-c.org/ns/1.0" xml:id="t10010012-1961-10-cr">
  <teiHeader>
   <fileDesc>
     <titleStmt>
      <title>Transcription du scan 10010012 pp. 1 à 4 (CR) : version TEI</title><respStmt><resp>transcription</resp><name>Chris</name></respStmt>
      
     </titleStmt>
     
     <publicationStmt>
      <p>Edition numérique distribué par le projet ANR DifDePo</p>
     </publicationStmt>
     <sourceDesc>
      <bibl><idno>t10010012-1961-10-cr</idno><meeting xml:id="t10010012-1961-10"><date when="1961-10-17"/><placeName>restaurant Laborderie</placeName><list type="present"><item><persName ref="#NA"/></item><item><persName ref="#CB"/></item><item><persName ref="#JD"/></item><item><persName ref="#FLL"/></item><item><persName ref="#JL"/></item><item><persName ref="#RQ"/></item><item><persName ref="#JQ"/></item><item><persName ref="#AMS"/></item><item><persName role="invité">Abraham Moles</persName></item><item><persName role="président" ref="#L"/></item></list></meeting></bibl>
     </sourceDesc>
   </fileDesc>
   
   <revisionDesc>
     <listChange><change when="2016-04-21T21:29:01Z">Oulipo specific tags added</change>
      <change>
        <date>2016-04-21T20:52:59Z</date>
        <name>Chris</name>
      </change>
     </listChange>
   </revisionDesc>
  </teiHeader>
  <text type="CR">
   <body><pb xml:id="p1" n="1"/>
     
     
     
     
     
     
     
     
     
     
     
     <p rend="incipit">OUVROIR DE</p>
     <p rend="incipit">LITTERATURE</p>
     <p rend="incipit">POTENTIELLE</p>
     <p rend="incipit">Circulaire n°14</p>
     <p rend="incipit">COMPTE-RENDU DE LA REUNION DU 17 OCTOBRE 1961</p>
     <p rend="incipit">Présents : <persName>Arnaud, Berge</persName>, <persName>Duchateau</persName>, <persName>Latis</persName>, <persName>Le Lionnais</persName>, <persName>Lescure</persName>, <persName>Queneau</persName>, <persName>Queval</persName>, <persName>Schmidt</persName>.</p>
     <p rend="incipit">Invité d’honneur : <persName>Abraham Moles</persName>
    </p>
     <p rend="incipit">Président : <persName>Latis</persName>
    </p>
     <p>Démonstration de magnétophone par <persName>Lescure</persName> et <persName>Duchateau</persName>. <persName>Moles</persName> s’en mêle : résultat nul. <persName>Lescure</persName> doit enregistrer sans bande ; le résultat, le voici :</p>
     <p>On discute des <ref>derniers C.R</ref>.</p>
     <p>
      <persName>Latis</persName> déplore qu’ils lui attribuent une mauvaise définition de la <term>philosophie</term> ;</p>
     <p>
      <persName>Queneau</persName> ………. une mauvaise citation de <persName>Rabelais</persName> ;</p>
     <p>
      <persName>Le Lionnais</persName> …… une mauvaise <term>définition</term> de <persName>Mandelbrot</persName> (laquelle s’appliquait à <persName>Apostel</persName>).</p>
     <p>Cependant que tout le monde met les pieds dans le plat et le <persName>dataire</persName> sur la sellette, <persName>Noël Arnaud</persName> déplore que ledit <persName>dataire</persName> soit mis à la question pendant son absence. <persName>A. M. Schmidt</persName> déclare estimer tout particulièrement les <ref>compte-rendus</ref> du <persName>dataire</persName>. <persName>Lescure</persName> court au secours de ce dernier. Il fait remarquer :</p>
     <list type="ordered">
      <item>qu’aucune décision OuLiPienne n’a été prise intimant formellement au <persName>dataire</persName> de faire des compte-rendus exacts de nos réunions ;</item>
      <item>que les <ref>C.R. erronés</ref> semblent avantageux, en ce qu’ils sont émouvants, provocateurs et révélateurs ;</item>
      <item>qu’il ne peut exister de <term>sciences inexactes</term> sans inexactitudes ;</item>
      <item>que…</item>
    </list>
     <p>Le <persName>Président</persName> lui retire la parole qu’il lui avait à peine prêtée. <persName>Queneau</persName> trouve qu’après tout, depuis <persName>Platon</persName> et <persName>Xénophon</persName>, on n’a jamais rien fait de mieux que ces <ref>compte-rendus</ref> (ce qui suppose que nous sommes des <persName>Socrate</persName>). <persName>Noël Arnaud</persName> reconnaît avoir entériné (sic : mais il n’a pas employé ce mot ; il a seulement essayé de le faire ; en vain) le dernier C.R. de <persName>Bens</persName>.</p>
     <p>Finalement, après avoir envisagé différents perfectionnements des C.R., on décide d’envoyer une carte-postale affectueuse et reconnaissante au <persName>dataire Bens</persName>—ce qu’on ne fait pas.</p>
     
      <pb xml:id="p2" n="2"/>
    
     <p>
      <persName>Lescure</persName> propose que chaque OuLiPien (et surtout les membres correspondants) renvoie au <persName>dataire</persName> la définition de la <term>philosophie</term> remise en état—tant pour l’édification et la mortification dudit <persName>dataire</persName>—que pour la réjouissance de tous.</p>
     <p>Incidemment, le <persName>secrétaire général</persName> de <persName>Sa Magnificence</persName>, <persName>Latis</persName>, a exposé la <term>méthode Piscator</term> laquelle s’applique à l’<term>art théâtral</term> ; si une scène ne colle pas, on décale les répliques d’un interlocuteur.</p>
     <p>
      <persName>Abraham Moles</persName> donne quelques indications sur la rédaction des C.R. au <orgName>M Y A M</orgName> et conclut : « tout système de <term>littérature</term> est essentiellement projectif » (ce que note rapidement le <persName>régent J. Lescure</persName>).</p>
     <p>Le <persName>Satrape Queneau</persName> :</p>
     <list type="ordered">
      <item>donne communication d’un poème d’<persName>Emile Bergerat</persName> (dont les <term>rimes</term> n’ont pas de <term>rimes</term>), lequel poème sera publié en temps et lieu voulus ;</item>
      <item>donne quelques indications sur un ouvrage de <persName>Delepierre</persName> sur les <term>centons</term>, ouvrage dépourvu d’intérêt à notre point de vue ;</item>
      <item>informe l’OuLiPo de son influence <term>potentielle</term> sur la consommation du bromure dans les maisons de brochage (du bromage dans les maisons de brochure).</item>
    </list>
     <p>
      <persName>Berge</persName> fait une communication sur le <term>langage des baleines</term> qui compteraient jusqu’à 9. On ne sait qui demande si elles connaissent l’alphabet morse. On néglige cette remarque.</p>
     <p>
      <persName>Latis</persName> pose la question des <term>Sonnets</term> de <persName>Shakespeare</persName> à l’envers. S’ensuivent quelques <term>quiproquos</term>, forcément.</p>
     <p>
      <persName>Queneau</persName> : Jamais <persName>Thomas</persName> ne m’en a montré la <term>traduction</term>
    </p>
     <p>
      <persName>Le Lionnais</persName> : Voilà une nouvelle affaire <persName>Dreyfus</persName> qui commence.</p>
     <p>
      <persName>Queneau</persName> : Quoi qu’il en soit, la <term>potentialité</term> en est minimale.</p>
     <p>
      <persName>Latis</persName> : Vous n’êtes pas du même avis que <persName>Thomas</persName>.</p>
     <p>
      <persName>Queneau</persName> : Si donc.</p>
     <p>
      <persName>Latis</persName> : En effet</p>
     <p>
      <persName>Queneau</persName> : C’est bonnet blanc et blanc bonnet (ça faisait cinq minutes qu’il cherchait ça).</p>
     <p>On met en suspens les <term>sonnets</term>. <persName>Lescure</persName> signale que <persName>Thomas</persName> déjeune à moins de 500 cm. Mouvements divers. Il a disparu.</p>
     
      <pb xml:id="p3" n="3"/>
    
     <p>
      <persName>Latis</persName> : Je vais maintenant vous embêter et parler du <title>dossier</title>.</p>
     <p>
      <persName>Queneau</persName> : La <term>conclusion</term> est supprimée.</p>
     <p>
      <persName>Latis</persName> (fronçant les sourcils) : Qui a dit ça ?</p>
     <p>
      <persName>Queneau</persName> : Moi.</p>
     <p>(Clameur)</p>
     <p>
      <persName>Latis</persName> a partie gagnée.</p>
     <p>
      <persName>Lescure</persName> : Je m’en vais.</p>
     <p>
      <persName>Latis</persName> : Dites-moi donc à quel dictionnaire vous vous référez. Hatier … ce n’est pas suffisant.</p>
     <p>
      <persName>Queneau</persName> : Hâtiez-vous lentement.</p>
     <p>
      <persName>Lescure</persName> s’enfuit.</p>
     <p>
      <persName>Abraham Moles</persName> fait une communication sur le <orgName>M Y A M</orgName> cependant que circule un <term>texte</term> de lui qui fait saliver l’assistance. Il en sera pris copie. Des contacts sont prévus (en plus de ceux avec le <orgName>M Y A M</orgName>) :</p>
     <list type="ordered">
      <item>avec le <orgName>groupe Bens</orgName> ;</item>
      <item>avec <persName>Guiraud</persName> ;</item>
      <item>avec le <orgName>groupe de Besançon</orgName>.</item>
    </list>
     <p>
      <persName>Queneau</persName> doit transmettre à <persName>A. M. Schmidt</persName> les travaux des <persName>correspondants sarrois</persName> pour appréciation.</p>
     <p>
      <persName>Schmidt</persName> pose la question : l’OuLiPo demeure-t-il clandestin ? Discussion confuse. Cependant que <persName>Queneau</persName> (d’une façon purement <term>affective</term>) le souhaiterait toujours crépusculaire, il faut bien reconnaître que la publication du prochain <title>Dossier</title> mettra l’Ouvroir en pleine lumière.</p>
     <p>On se sépare en se donnant rendez-vous le :</p>
     <p>Mardi 14 novembre 1961</p>
     <p>Même restaurant</p>
     <p>(On est prévenu que le restaurant ne fait pas la “limonade”).</p>
     <p>Le 14 novembre étant le jour de la sainte <persName>Philomène</persName>, s’ensuivent quelques propos d’ordre <term>hagiographique</term> entre le <persName>secrétaire</persName> de <persName>Sa Magnificence</persName> et le <persName>Grand Conservateur de l’O.G.G.</persName>
    </p>
     
      <pb xml:id="p4" n="4"/>
    
     <p>
      <persName>Jean Queval</persName> est intervenu à plusieurs reprises au cours de ces débats, mais l’agilité d’esprit du <persName>régent Lescure</persName> étant bien inférieure à celle du <persName>dataire</persName> Bens (à l’inverse de son goût pour le tournedos béarnaise), il a été incapable d’en prendre note. Il a été également incapable d’interpréter quelques silences (peut-être significatifs) de <persName>Duchateau</persName>.</p>
     <p>par intérim</p>
     <p>
      <persName>J.Q</persName>.<persName>R.L</persName>.</p>
   </body>
  </text>
</TEI>