<?xml version="1.0" encoding="UTF-8"?><?xml-model href="../difdepo.rnc" type="application/relax-ng-compact-syntax"?><TEI xmlns="http://www.tei-c.org/ns/1.0" xml:id="t10010248-1982-03-cr">
  <teiHeader>
   <fileDesc>
     <titleStmt>
      <title>Transcription du scan 10010248 pp. 10 à 13 (CR) : version TEI</title><respStmt><resp>transcription</resp><name>ONE</name></respStmt>
      
     </titleStmt>
     
     <publicationStmt>
      <p>Edition numérique distribué par le projet ANR DifDePo</p>
     </publicationStmt>
     <sourceDesc>
      <bibl><idno>t10010248-1982-03-cr</idno><meeting xml:id="t10010248-1982-03"><date when="1982-03-12"/><placeName>chez Isabelle et MB</placeName><list type="present"><item><persName ref="#FLL"/></item><item><persName ref="#JB"/></item><item><persName ref="#MM"/></item><item><persName ref="#JR"/></item><item><persName ref="#PB"/></item><item><persName ref="#LE"/></item><item><persName role="président" ref="#HM"/></item></list></meeting></bibl>
     </sourceDesc>
   </fileDesc>
   
   <revisionDesc>
     <listChange><change when="2016-04-21T21:29:20Z">Oulipo specific tags added</change>
      <change>
        <date>2016-04-21T20:55:39Z</date>
        <name>ONE</name>
      </change>
     </listChange>
   </revisionDesc>
  </teiHeader>
  <text type="CR">
   <body><pb xml:id="p10" n="10"/>
     
     
     
     
     
     
     
     
     
     
     
     <p rend="incipit">Réunion du 12 mars 82 chez <persName>MB</persName>
    </p>
     <list type="unordered">
      <item>Présents : <persName>FLL</persName>. <persName>MB</persName>. <persName>JB</persName>. <persName>HM</persName>. <persName>MM</persName>. <persName>JR</persName>. <persName>PB</persName>. <persName>LE</persName>
      </item>
      <item>Excusés : <persName>JD</persName>. <persName>CB</persName>. <persName>JL</persName>. <persName>JQ</persName>. <persName>NA</persName>. <persName>IC</persName>.</item>
      <item>Absents :</item>
      <item>Président <persName>HM</persName>.</item>
    </list>
     <p>Déclaration liminaire du président s’excusant a priori de sa surdité.</p>
     <p>
      <persName>PEREC</persName>.</p>
     <p>
      <persName>HM</persName> : L’avenir des écrits de <persName>Perec</persName>. <persName>HM</persName> a vu <orgName>POL</orgName> qui lui a parlé de ce problème. <orgName>POL</orgName> veut faire une édition des <title>œuvres complètes</title> (rachat des droits à <persName>Nadeau</persName> + textes inédits). <orgName>POL</orgName> en a parlé à la cousine de <persName>Georges</persName> (<persName>Lili</persName>) : elle est d’accord pour que ce soit <persName>JR</persName> et <persName>HM</persName> aidés de <persName>MB</persName> et de tous qui s’occupent de l’établissement littéraire du texte.</p>
     <p>Il faut publier les textes de jeunesse et tous les inédits.</p>
     <p>
      <persName>JB</persName> : Il faudra veiller à ne pas faire la même chose que pour <persName>Boris Vian</persName>
    </p>
     <p>
      <persName>HM</persName> : <orgName>POL</orgName> voudrait d’abord faire un recueil de tous ses textes dispersés</p>
     <p>
      <persName>MB</persName> : <persName>Georges</persName> tenait beaucoup à ce que ses vœux soient recueillis.</p>
     <p>
      <persName>FLL</persName> : Les échos dans les médias : une chose m’a frappé dans l’émission de <unclear>Vrigny</unclear> et dans l’article du <title>Monde</title> c’est que les oulipiens ont bien parlé de <persName>Georges</persName>.</p>
     <p>
      <persName>JB</persName> : Nous serions coupables s’il en allait différemment.</p>
     <p>
      <persName>PF</persName> : Nous avons tous reçu de nombreux appels au nom de l’oulipo.</p>
     <list type="unordered">
      <item>Lectures d’articles de presse (<title>Nouvelles littéraires</title>)</item>
      <item>Projet pour <name type="manif">exposition à Saint-Cloud</name>.</item>
      <item>Projet <name type="manif">lecture à Aix ou Beaubourg</name>.</item>
      <item>Projet <name type="manif">spectacle-lecture à Villeneuve</name>.</item>
    </list>
     <p>
      <persName>MB</persName> : Invite des membres de l’oulipo à aller à la manifestation de <name type="manif">Penser-classer à Beaubourg</name>.</p>
     <p>
      <persName>PF</persName> est mandaté pour téléphoner à <persName>Jouanard</persName> et <persName>Zerki</persName> pour le projet <name type="manif">spectacle Perec à Villeneuve lès Avignon</name>.</p>
     
      <pb xml:id="p11" n="11"/>
    
     <p>
      <persName>PB</persName> : <persName>Marie Jouanard</persName> veut changer la date de la 3<hi>e</hi> à la la 4<hi>e</hi> semaine de juillet</p>
     <p>
      <persName>PB</persName> a demandé que la date soit maintenue.</p>
     <p>Donc date du 19 au 24 juillet.</p>
     <p>
      <persName>JB</persName> : Pour le Pano une <name type="manif">émission spéciale sur Georges</name> le 7 avril.</p>
     <p>Travail d’archives. « <title>Georges Perec, mode d’emploi</title> ».</p>
     <p>Laissons la parole à <persName>Georges</persName> au maximum.</p>
     <p>Une émission a été enregistrée « <title>les 50 choses que vous voudriez faire avant de mourir</title> »</p>
     <p>La diffusion sera diffusée pour prolonger « L’effort Perec ». <orgName>France culture</orgName>.</p>
     <p>– <persName>HM</persName> : Nous devons faire un hommage à <persName>GP</persName> dans la <title>BO</title>
    </p>
     <p>
      <persName>PF</persName> : Collationnera les textes pour <title>BO</title>
    </p>
     <p>Il faut trouver une cohérence éditoriale. Proposition « d’idées du livre » à la prochaine séance.</p>
     <p>– <persName>HM</persName>+<persName>PF</persName> : organisation de la <name type="manif">lecture</name> de l’après-midi au <name type="manif">Millefeuille</name>.</p>
     <p><label type="rubrique">Création</label></p>
     <list type="unordered">
      <item>
        <persName>FLL</persName> : Un rêve nettement oulipien.</item>
    </list>
     <p><label type="rubrique">Il expliquait une structure à <persName>Roubaud</persName>. Un poème de trois morceaux en vers (6-7-8 vers)</label></p>
     <p><label type="rubrique">Chaque morceau avec une structure différente au plan des rimes.</label></p>
     <p><label type="rubrique">
      <term>Antirimes</term>/<term>mezzanine</term>/<term>postrime</term>
    </label></p>
     <p><label type="rubrique">Inventer deux morceaux en vers x et y.</label></p>
     <p><label type="rubrique">x : <term>antérime</term>+<term>mezzanine</term>
    </label></p>
     <p><label type="rubrique">y : <term>mezzanine</term>+<term>rime</term>
    </label></p>
     <list type="unordered">
      <item>
        <persName>FLL</persName> : <persName>Philippot</persName> : Les autres ouXpo se portent bien.</item>
    </list>
     <p><label type="rubrique">
      <persName>Philippot</persName> a fait une musique sur le <term>poème booléen</term> de <persName>FLL</persName>.</label></p>
     <p><label type="rubrique">Erudition</label></p>
     <list type="unordered">
      <item>
        <persName>JR</persName> : Lectures de <persName>R. Preissnitz</persName> à Paris, poète autrichien qui a fait des choses oulipiennes sans connaitre l’oulipo.</item>
      <item>
        <persName>LE</persName> : Annonce un recueil de nouvelles de <persName>Jacques Fulgence</persName> au Seuil « <title>Les Yeux de l’amour</title> »</item>
      <item>
        <persName>MM</persName> : Petite musique chinoise. Forme poétique chinoise Lion Tchi (pratiquée par Lipo) découverte passionnante ! mérite développement</item>
    </list>
     
      <pb xml:id="p12" n="12"/>
    
     <p><label type="rubrique">Action</label></p>
     <p><label type="rubrique">
      <persName>PB</persName> : Bilan du <name type="manif">stage d’Amiens</name>.</label></p>
     <p><label type="rubrique">
      <persName>PF</persName> : Proposition d’organisation des stages</label></p>
     <list type="ordered">
      <item>Petit historique + petite explication théorique</item>
      <item>Exercices/proposition de structures</item>
      <item>Journée libre d’exercices sur une contrainte choisie de façon à ce que chaque stagiaire fasse son texte.</item>
    </list>
     <p>Prochaines dates : 23 avril chez <persName>PF</persName>
    </p>
     <p>28 mai chez <persName>PF</persName>
    </p>
     
      <pb xml:id="p13" n="13"/>
    
     <p>12-3-82</p>
     <p>
      <name type="manif">Lecture GP au Millefeuilles</name> (Programme)</p>
     <list type="unordered">
      <item>
        <persName>PB</persName> : <title>Texte en A</title>
      </item>
      <item>
        <persName>PF</persName> : <title>Je me souviens</title>
      </item>
      <item>
        <persName>MB</persName> : <title>La Disparition</title>
      </item>
      <item>
        <persName>JR</persName> : Fin de <title>La Vie mode d’emploi</title>
      </item>
      <item>
        <persName>MM</persName> : Fin d’<title>Un homme qui dort</title>
      </item>
      <item>
        <persName>HM</persName> : <title>Ellis Island</title>
      </item>
    </list>
   </body>
  </text>
</TEI>