<?xml version="1.0" encoding="UTF-8"?><?xml-model href="../difdepo.rnc" type="application/relax-ng-compact-syntax"?><TEI xmlns="http://www.tei-c.org/ns/1.0" xml:id="t10010275-1984-10-cv">
  <teiHeader>
   <fileDesc>
     <titleStmt>
      <title>Transcription du scan 10010275 pp. 1 à 1 (CV) : version TEI</title><respStmt><resp>transcription</resp><name>Susie Cronin</name></respStmt>
      
     </titleStmt>
     
     <publicationStmt>
      <p>Edition numérique distribué par le projet ANR DifDePo</p>
     </publicationStmt>
     <sourceDesc>
      <bibl><idno>t10010275-1984-10-cv</idno><title>Convocation à <ref target="difdepo:t10010275-1984-10">une réunion Oulipo</ref>, envoyée le <date when="1984-10-02"/> par <persName role="expéditeur">PF</persName> Destinataire : <persName role="destinataire">XX</persName></title></bibl>
     </sourceDesc>
   </fileDesc>
   
   <revisionDesc>
     <listChange><change when="2016-04-21T21:29:27Z">Oulipo specific tags added</change>
      <change>
        <date>2016-04-21T20:56:43Z</date>
        <name>Susie Cronin</name>
      </change>
     </listChange>
   </revisionDesc>
  </teiHeader>
  <text type="CV">
   <body><pb xml:id="p1" n="1"/>
     
     
     
     
     
     
     
     
     
     
     
     <p rend="incipit">Oulipo</p>
     <p rend="incipit">Le 2 octobre 84</p>
     <p rend="incipit">Oulipiens,</p>
     <p>N’oubliez pas le <name type="manif">congrès annuel de l’Ouvroir</name>. Il aura lieu sur l’eau au Moulin d’Andé le 13 et 14 octobre prochains.</p>
     <p>En principe l’arrivée est prévue le 12 au soir mais pour des raisons de réservation de chambres, il est plus sûr de téléphoner à <persName>Marcel Bénabou</persName> sur 361.40.39 avant de prendre décision.</p>
     <p>Merci à tous et au congrès,</p>
     <p>
      <persName>Paul</persName> 
    </p>
     <p>PS. Résonant avec une tradition sublime vous trouvez ci-joint un compte-rendu de la réunion du 21 septembre 84. Il est l’œuvre de <persName>Jacques Jouet</persName>. </p>
   </body>
  </text>
</TEI>