<?xml version="1.0" encoding="UTF-8"?><?xml-model href="../difdepo.rnc" type="application/relax-ng-compact-syntax"?><TEI xmlns="http://www.tei-c.org/ns/1.0" xml:id="t10010015-1962-01-cr">
  <teiHeader>
   <fileDesc>
     <titleStmt>
      <title>Transcription du scan 10010015 pp. 1 à 3 (CR) : version TEI</title><respStmt><resp>transcription</resp><name>Chris</name></respStmt>
      
     </titleStmt>
     
     <publicationStmt>
      <p>Edition numérique distribué par le projet ANR DifDePo</p>
     </publicationStmt>
     <sourceDesc>
      <bibl><idno>t10010015-1962-01-cr</idno><meeting xml:id="t10010015-1962-01"><date when="1962-01-19"/><list type="present"><item><persName ref="#JD"/></item><item><persName ref="#FLL"/></item><item><persName ref="#JL"/></item><item><persName ref="#RQ"/></item><item><persName ref="#AMS"/></item><item><persName ref="#JB"/></item><item><persName ref="#CB"/></item><item><persName role="invité">M. QUEMADA</persName></item><item><persName role="président" ref="#NA"/></item></list></meeting></bibl>
     </sourceDesc>
   </fileDesc>
   
   <revisionDesc>
     <listChange><change when="2016-04-21T21:29:03Z">Oulipo specific tags added</change>
      <change>
        <date>2016-04-21T20:53:13Z</date>
        <name>Chris</name>
      </change>
     </listChange>
   </revisionDesc>
  </teiHeader>
  <text type="CR">
   <body><pb xml:id="p1" n="1"/>
     
     
     
     
     
     
     
     
     
     
     
     <p rend="incipit">OUVROIR DE</p>
     <p rend="incipit">LITTERATURE</p>
     <p rend="incipit">POTENTIELLE </p>
     <p rend="incipit">Circulaire n°17</p>
     <p rend="incipit">COMPTE-RENDU DE LA REUNION DU</p>
     <p rend="incipit">19 janvier 1962</p>
     <p rend="incipit">PRESENTS : <persName>Arnaud</persName> – <persName>Bens</persName> – <persName>Berge</persName> – <persName>Duchateau</persName> – <persName>Le Lionnais</persName> – <persName>Lescure</persName> – <persName>Queneau</persName> – <persName>Schmidt</persName>
    </p>
     <p rend="incipit">EXCUSES : <persName>Latis</persName> – <persName>Queval</persName>
    </p>
     <p rend="incipit">Invité: <persName>M.QUEMADA</persName>, du <orgName>Centre d’Études du Vocabulaire Français</orgName>, de Besançon.</p>
     <p rend="incipit">Président : <persName>Noël ARNAUD</persName>.</p>
     <p>Pour ouvrir joyeusement (mais non sans solennité) la séance, et afin d’honorer notre invité, <persName>Bens</persName> donne lecture de l’<ref>hymne OuLiPien</ref> qu’il a composé (<ref>voir annexe</ref>). La discussion est ouverte.</p>
     <p>
      <persName>QUENEAU</persName> : Je trouve que ce refrain en CHA-CHA accorde une place excessive à nos associés britanniques.</p>
     <p>
      <persName>LE LIONNAIS</persName> : Pourquoi n’avez-vous pas écrit seulement un <term>dizain</term>, avec les seuls membres actifs ?</p>
     <p>
      <persName>BENS</persName> : Primo, pour honorer nos collègues d’outre-mer et d’outre-monts ; secundo, parce qu’un <term>hymne</term> doit avoir des couplets et un refrain, c’est le genre qui veut ça.</p>
     <p>
      <persName>QUEMADA</persName> : Il n’est peut-être pas indispensable d’avoir « cha-cha » dans le refrain d’un cha-cha-cha.</p>
     <p>
      <persName>BENS</persName> : Primo, c’est le genre qui veut ça (bis) ; secundo, s’il n’y a pas « cha-cha » dans le refrain, il n’y a plus de raison pour que cet hymne soit un cha-cha-cha.</p>
     <p>
      <persName>QUENEAU</persName> : Justement, ce n’est pas nécessaire. On n’a qu’à faire autre chose.</p>
     <p>
      <persName>BENS</persName> : Z’avez qu’à vous y mettre.</p>
     <p>
      <persName>LE LIONNAIS</persName> : Pas du tout, pas du tout : Celui-ci est excellent !</p>
     <p>LE PRESIDENT : Je mets aux voix une proposition suivant laquelle chacun de nous écrira un <term>hymne</term>.</p>
     <p>(Résultats : 3 pour ; 4 contre ; 1 abstention.)</p>
     <p>LE PRESIDENT : Je mets aux voix l’adoption de l’<term>hymne</term> de <persName>Bens</persName>.</p>
     <p>(Résultats : Adoption à l’unanimité moins une voix.)</p>
     <p>On pose la question de la mise en musique.</p>
     <p>
      <persName>BENS</persName> : Je fais des réserves préalables. Il faut que la musique soit chantable.</p>
     
      <pb xml:id="p2" n="2"/>
    
     <p>
      <persName>QUEMADA</persName> : Défilable !</p>
     <p>
      <persName>QUENEAU</persName> : Pour la musique…</p>
     <p>
      <persName>LE LIONNAIS</persName> : Un concours s’impose !</p>
     <p>
      <persName>QUENEAU</persName> : … on demandera à <persName>Braffort</persName>, ou à <persName>Barbaud</persName>, ou à <persName>Philippot</persName>.</p>
     <p>Dans un de ces trois buts, <persName>Berge</persName> met les paroles de l’hymne dans sa poche.</p>
     <p>
      <persName>QUEMADA</persName> : Permettez-moi de vous faire remarquer, si ce n’est pas abuser de votre hospitalité, que le cha-cha-cha interdit les défilés, parce qu’on fait un pas en avant, un pas en arrière.</p>
     <p>
      <persName>LE PRESIDENT</persName> : Eh bien, nous ne défilerons pas ! Nous chanterons seulement. Dans les édifices religieux.</p>
     <p>
      <persName>QUENEAU</persName> : Je vous signale qu’un inventaire des « <term>mots pleins</term> » d’<title>Alcools</title> a été réalisé par <persName>M. GUIRAUD</persName>. Je crois que tous les membres de L’OuLiPo devraient faire un recueil de <term>vers</term> avec cet inventaire.</p>
     <p>
      <persName>BERGE</persName> : Devra-t-on utiliser les mots le même nombre de fois qu’<persName>Apollinaire</persName> ?</p>
     <p>
      <persName>QUENEAU</persName> : Si la proportion est indiquée, oui !</p>
     <p>
      <persName>LESCURE</persName> : Et si on ré-écrit <title>Alcools</title> ?</p>
     <p>TOUS : Oh.</p>
     <p>
      <persName>QUEMADA</persName> : Si cela vous intéresse, je peux vous procurer cent cinquante autres textes dont l’<term>inventaire</term> a été fait par notre <orgName>Centre</orgName>. Notamment : <title>Bérénico</title>, <title>Tite et Bérénice</title>, <title>Calligrammes</title>, etc…</p>
     <p>
      <persName>QUENEAU</persName> : Pardonnez-moi si je vous interromps une seconde. C’est pour préciser que l’éditeur de l’inventaire d’<title>Alcools</title> est <orgName>KLICKSIECK</orgName>, <orgName>librairie des Méridiens</orgName>, Bd St-Germain.</p>
     <p>
      <persName>QUEMADA</persName> : Je peux vous procurer également des recueils de <persName>Hugo</persName>, <persName>Scève</persName>, <persName>Ronsard</persName>, <persName>Garnier</persName>, etc…</p>
     <p>
      <persName>M.QUEMADA</persName> lit alors quelques spécimens de <term>répertoire</term> établis par le <orgName>Centre de Besançon</orgName>. Il en laisse quelques uns pour les archives de l’OuLiPo.</p>
     <p>
      <persName>SCHMIDT</persName> : Je crois que ce que nous venons d’entendre est très extraordinaire. Nos atteignons un des sommets de nos réunions.</p>
     <p>Approbations générales. <persName>M. Quemada</persName> s’offre à nous offrir les répertoires qui pourraient nous intéresser.</p>
     <p>
      <persName>QUEMADA</persName> : En particulier, je serai très heureux d’offrir à l’OuLiPo les <term>concordances</term> des <title>Fleurs du Mal</title>.</p>
     <p>TOUS : Les quoi ?</p>
     <p>
      <persName>QUEMADA</persName> : Nous appelons « <term>concordances</term> » des répertoires de <term>vers</term> contenant le même mot.</p>
     <p>LE PRESIDENT : A-t-on des questions à poser à <persName>M. Quemada</persName> ?</p>
     
      <pb xml:id="p3" n="3"/>
    
     <p>
      <persName>QUEMADA</persName> : Moi j’en ai une à vous poser : quand tiendrez-vous une réunion de l’OuLiPo à Besançon ?</p>
     <p>
      <persName>QUENEAU</persName> : Eh bien, nous allons y songer !</p>
     <p>
      <persName>QUEMADA</persName> : Je serais très heureux de vous faire visiter notre <orgName>Centre</orgName>. Et vous pourriez vous rendre compte de vous-mêmes des possibilités que nous pouvons vous offrir. De plus, je peux vous faire adresser régulièrement, si vous le désirez, le <title>Bulletin du Centre</title>. Mais il n’est pas très, très drôle.</p>
     <p>
      <persName>QUENEAU</persName> : Mais nous sommes très sérieux !</p>
     <p>(Graves approbations du chef)</p>
     <p>On envisage la publication en volume des <title>C.R. de l’OuLiPo</title>. Cette question sera mise à l’ordre du jour dans quelques mois.</p>
     <p>
      <persName>QUENEAU</persName> : Permettez-moi de vous signaler que je parle de l’OuLiPo dans un des entretiens que j’enregistre, en ce moment, pour la <orgName>RTF</orgName>, avec <persName>Charbonnier</persName>. Ces entretiens seront diffusés tous les vendredis, vers 21 h 30, pendant l’entracte de l’émission lyrique, sur <orgName>France III</orgName>. J’ai assez longtemps parlé du <title>Dossier OuLiPo</title>.</p>
     <p>
      <persName>QUENEAU</persName> : J’ai toujours mon petit travail sur la <term>loi d’Estoup-Zipf</term>. Je vous le présenterai la prochaine fois. C’est la recherche des textes qui échappent à la loi.</p>
     <p>
      <persName>LE LIONNAIS</persName> : J’ai trouvé dans <persName>Delille (Jacques</persName>) le texte suivant : « De tous temps, les poètes-philosophes ont eu le droit d’emprunter aux sciences les matériaux qu’ils mettent en œuvre. » Remplacez matériaux par <term>méthodes</term> et vous obtiendrez une assez bonne définition de l’<term>OuLiPo</term>.</p>
     <p>
      <persName>QUENEAU</persName> : Je crois que ça se discute. Des index ne sont pas des méthodes, mais des matériaux. On peut prendre le mot <term>matériaux</term> dans un sens large.</p>
     <p>LA PROCHAINE REUNION AURA LIEU</p>
     <p>LE VENDREDI 16 FEVRIER 1962.</p>
     <p>Le S.P.</p>
   </body>
  </text>
</TEI>