<?xml version="1.0" encoding="UTF-8"?><?xml-model href="../difdepo.rnc" type="application/relax-ng-compact-syntax"?><TEI xmlns="http://www.tei-c.org/ns/1.0" xml:id="t10010235-1981-01-cv">
  <teiHeader>
   <fileDesc>
     <titleStmt>
      <title>Transcription du scan 10010235 pp. 1 à 1 (CV) : version TEI</title><respStmt><resp>transcription</resp><name>Natalie Berkman</name></respStmt>
      
     </titleStmt>
     
     <publicationStmt>
      <p>Edition numérique distribué par le projet ANR DifDePo</p>
     </publicationStmt>
     <sourceDesc>
      <bibl><idno>t10010235-1981-01-cv</idno><title>Convocation à <ref target="difdepo:t10010235-1981-01">une réunion Oulipo</ref>, envoyée le <date when="1981-01-13"/> par <persName role="expéditeur">PF</persName> Destinataire : <persName role="destinataire">xx</persName></title></bibl>
     </sourceDesc>
   </fileDesc>
   
   <revisionDesc>
     <listChange><change when="2016-04-21T21:29:11Z">Oulipo specific tags added</change>
      <change>
        <date>2016-04-21T20:54:26Z</date>
        <name>Natalie Berkman</name>
      </change>
     </listChange>
   </revisionDesc>
  </teiHeader>
  <text type="CV">
   <body><pb xml:id="p1" n="1"/>
     
     
     
     
     
     
     
     
     
     
     
     <p rend="incipit">Le 13 janvier 81</p>
     <p>Chers oulipiens,</p>
     <p>C’est le 30 janvier 1981 à 11h30 que se tiendra la prochaine réunion de l’Ouvroir ; chez <persName>Paul FOURNEL</persName> (48 rue de l’abbé Groult 75015 Paris. Tel : 531.77.65).</p>
     <p>L’ordre du jour comportera nécessairement la rubrique création.</p>
     <p>Meilleurs vœux oulipiens,</p>
     <p>
      <persName>Paul Fournel</persName>
    </p>
     <p>Un secrétaire</p>
     <p>Découpe à remettre daredare pour l’intendance. Merci</p>
   </body>
  </text>
</TEI>