<?xml version="1.0" encoding="UTF-8"?><?xml-model href="../difdepo.rnc" type="application/relax-ng-compact-syntax"?><TEI xmlns="http://www.tei-c.org/ns/1.0" xml:id="t10010051-1965-01-oj">
  <teiHeader>
   <fileDesc>
     <titleStmt>
      <title>Transcription du scan 10010051 pp. 1 à 6 (OJ) : version TEI</title><respStmt><resp>transcription</resp><name>Invité</name></respStmt>
      
     </titleStmt>
     
     <publicationStmt>
      <p>Edition numérique distribué par le projet ANR DifDePo</p>
     </publicationStmt>
     <sourceDesc>
      <bibl><idno>t10010051-1965-01-oj</idno><title>Ordre de jour de <ref target="difdepo:t10010051-1965-01">la réunion Oulipo</ref> du <date when="1965-01-08"/></title></bibl>
     </sourceDesc>
   </fileDesc>
   
   <revisionDesc>
     <listChange><change when="2016-04-21T21:29:08Z">Oulipo specific tags added</change>
      <change>
        <date>2016-04-21T20:53:53Z</date>
        <name>Invité</name>
      </change>
     </listChange>
   </revisionDesc>
  </teiHeader>
  <text type="OJ">
   <body><pb xml:id="p1" n="1"/>
     
     
     
     
     
     
     
     
     
     
     
     <p rend="incipit">OuLiPo</p>
     <p rend="incipit">Réunion du Vendredi 11 Décervelage 93</p>
     <p rend="incipit">(vulg : 8 janvier 1965)</p>
     <p rend="incipit">Ordre du jour proposé</p>
     <p rend="incipit">ABSENCES EXCUSEES (et regrettées) : <persName>J. Bens</persName>, <persName>C. Berge</persName>, <persName>R. Queneau</persName> (<persName>F.LL</persName>)</p>
     <p rend="incipit">Accueil de votre invité : <persName>Margot</persName>
    </p>
     <p><label type="rubrique">ERUDITION</label></p>
     <list type="ordered">
      <item>
        <persName>Aramis</persName> 
        <term>plagiaire</term> de <persName>Queval</persName>, ou la poésie <persName>Alexandre Dumasiate</persName> par <persName>R. Queneau</persName>
      </item>
      <item>
        <term>Pangrammes</term> et autres <term>jeux alphabétiques</term> 
      </item>
    </list>
     <p>« XV quick nymphs beg fjord waltz »</p>
     <p>“Mysteriously”</p>
     <p>(Voir <title>Scientific American</title>, Décembre 1964, page 128,129)…. par <persName>F. LL</persName>
    </p>
     <list type="ordered">
      <item>Fatalité Séquentielle <persName>Lescure</persName>
      </item>
      <item>
        <orgName>Oupeinpo</orgName> 
        <term>Grille</term> 
        <persName>Lescure</persName>
      </item>
      <item>
        <persName>Roussel</persName> 
      </item>
    </list>
     <p><label type="rubrique">CREATION</label></p>
     <list type="ordered">
      <item>
        <term>Carrés latins et orthogonaux</term>……….. par <persName>C. Berge</persName> (<persName>F. LL</persName>)</item>
      <item>
        <term>Textes circulaires</term>................ par <persName>F. LL</persName>
      </item>
      <item>
        <orgName>Oupeinpo</orgName> : <term>Puzzles combinatoires</term>……………… par <persName>F. LL</persName>
      </item>
      <item>Les <term>grilles</term> 
        <persName>N. Arnaud</persName>
      </item>
      <item/>
      <item/>
    </list>
     <p><label type="rubrique">ACTION</label></p>
     <list type="ordered">
      <item>
        <orgName>Les cerveaux réunis</orgName> …………………. par Tout le monde</item>
      <item>
        <term>Esclave</term> 
        <persName>Duchateau</persName>
      </item>
    </list>
     
      <pb xml:id="p2" n="2"/>
    
     <list type="ordered">
      <item/>
      <item/>
      <item/>
      <item/>
      <item>Prochaine réunion : Lundi 1er février (Proposition de <persName>CB</persName>, <persName>RQ</persName>, <persName>F.LL</persName>)</item>
      <item>Prochains invités</item>
    </list>
     <list type="ordered">
      <item>DIVERS</item>
    </list>
     
      <pb xml:id="p3" n="3"/>
    
     <p rend="incipit">OuLiPo</p>
     <p rend="incipit">Réunion du Vendredi 11 Décervelage 93</p>
     <p rend="incipit">(vulg : 8 janvier 1965)</p>
     <p rend="incipit">Ordre du jour proposé</p>
     <p rend="incipit">ABSENCES EXCUSEES (et regrettées) : <persName>J. Bens</persName>, <persName>C. Berge</persName>, <persName>R. Queneau</persName> (<persName>F.LL</persName>)</p>
     <p rend="incipit">Accueil de votre invité : <persName>Margot</persName>
    </p>
     <p><label type="rubrique">ERUDITION</label></p>
     <list type="ordered">
      <item>
        <persName>Aramis</persName> 
        <term>plagiaire</term> de <persName>Queval</persName>, ou la poésie <persName>Alexandre Dumasiate</persName> par <persName>R. Queneau</persName>
      </item>
      <item>
        <term>Pangrammes</term> et autres <term>jeux alphabétiques</term> 
      </item>
    </list>
     <p>« XV quick nymphs beg fjord waltz »</p>
     <p>“Mysteriously”</p>
     <p>(Voir <title>Scientific American</title>, Décembre 1964, page 128,129)…. par <persName>F. LL</persName>
    </p>
     <list type="ordered">
      <item>Fatalité Séquentielle <persName>Lescure</persName>
      </item>
      <item>
        <orgName>Oupeinpo</orgName> 
        <term>Grille</term> 
        <persName>Lescure</persName>
      </item>
      <item>
        <persName>Roussel</persName> 
      </item>
    </list>
     <p><label type="rubrique">CREATION</label></p>
     <list type="ordered">
      <item>
        <term>Carrés latins et orthogonaux</term>……….. par <persName>C. Berge</persName> (<persName>F. LL</persName>)</item>
      <item>
        <term>Textes circulaires</term>................ par <persName>F. LL</persName>
      </item>
      <item>
        <orgName>Oupeinpo</orgName> : <term>Puzzles combinatoires</term>……………… par <persName>F. LL</persName>
      </item>
      <item>Les <term>grilles</term> 
        <persName>N. Arnaud</persName>
      </item>
      <item>Voisinages mixtes</item>
      <item/>
      <item/>
    </list>
     <p><label type="rubrique">ACTION</label></p>
     <list type="ordered">
      <item>
        <orgName>Les cerveaux réunis</orgName> …………………. par Tout le monde</item>
      <item>
        <term>Esclave</term> 
        <persName>Duchateau</persName>
      </item>
    </list>
     
      <pb xml:id="p4" n="4"/>
    
     <list type="ordered">
      <item>
        <term>Monotype</term> Pléiade (= <persName>Queneau</persName>) <persName>Braffort</persName> Centre de calcul <unclear>Saraiment</unclear>
      </item>
      <item/>
      <item/>
      <item/>
      <item>Prochaine réunion : Lundi 1er février oui (Proposition de <persName>CB</persName>, <persName>RQ</persName>, <persName>F.LL</persName>)</item>
      <item>Prochains invités <unclear>convocateurs</unclear> par <persName>FLL</persName>
      </item>
    </list>
     <list type="ordered">
      <item>DIVERS</item>
    </list>
     
      <pb xml:id="p5" n="5"/>
    
     <p rend="incipit">OuLiPo</p>
     <p rend="incipit">Réunion du Vendredi 11 Décervelage 93</p>
     <p rend="incipit">(vulg : 8 janvier 1965)</p>
     <p rend="incipit">Ordre du jour proposé</p>
     <p rend="incipit">ABSENCES EXCUSEES (et regrettées) : <persName>J. Bens</persName>, <persName>C. Berge</persName>, <persName>R. Queneau</persName> (<persName>F.LL</persName>)</p>
     <p rend="incipit">Accueil de votre invité : <persName>Margot</persName>
    </p>
     <p><label type="rubrique">ERUDITION</label></p>
     <list type="ordered">
      <item>
        <persName>Aramis</persName> 
        <term>plagiaire</term> de <persName>Queval</persName>, ou la poésie <persName>Alexandre Dumasiate</persName> par <persName>R. Queneau</persName>
      </item>
      <item>
        <term>Pangrammes</term> et autres <term>jeux alphabétiques</term> 
      </item>
    </list>
     <p>« XV quick nymphs beg fjord waltz »</p>
     <p>“Mysteriously”</p>
     <p>(Voir <title>Scientific American</title>, Décembre 1964, page 128,129)…. par F. LL</p>
     <list type="ordered">
      <item>Fatalité Séquentielle <persName>Lescure</persName>
      </item>
      <item>
        <orgName>Oupeinpo</orgName> 
        <term>Grille</term> 
        <persName>Lescure</persName>
      </item>
      <item>
        <persName>Roussel</persName> 
      </item>
    </list>
     <p><label type="rubrique">CREATION</label></p>
     <list type="ordered">
      <item>
        <term>Carrés latins et orthogonaux</term>……….. par <persName>C. Berge</persName> (<persName>F. LL</persName>)</item>
      <item>
        <term>Textes circulaires</term>................ par <persName>F. LL</persName>
      </item>
      <item>
        <orgName>Oupeinpo</orgName> : <term>Puzzles combinatoires</term>……………… par <persName>F. LL</persName>
      </item>
      <item>Les <term>grilles</term> 
        <persName>N. Arnaud</persName>
      </item>
      <item/>
    </list>
     <p><label type="rubrique">ACTION</label></p>
     <list type="ordered">
      <item>
        <orgName>Les cerveaux réunis</orgName> …………………. par Tout le monde</item>
      <item>
        <term>Esclave</term> 
      </item>
    </list>
     
      <pb xml:id="p6" n="6"/>
    
     <list type="ordered">
      <item/>
      <item/>
      <item/>
      <item>Prochaine réunion : Lundi 1er février oui (Proposition de <persName>CB</persName>, <persName>RQ</persName>, <persName>F.LL</persName>)</item>
      <item>Prochains invités </item>
    </list>
     <list type="ordered">
      <item>DIVERS</item>
    </list>
   </body>
  </text>
</TEI>