<?xml version="1.0" encoding="UTF-8"?><?xml-model href="../difdepo.rnc" type="application/relax-ng-compact-syntax"?><TEI xmlns="http://www.tei-c.org/ns/1.0" xml:id="t10010249-1982-04-cr">
  <teiHeader>
   <fileDesc>
     <titleStmt>
      <title>Transcription du scan 10010249 pp. 10 à 11 (CR) : version TEI</title><respStmt><resp>transcription</resp><name>ONE</name></respStmt>
      
     </titleStmt>
     
     <publicationStmt>
      <p>Edition numérique distribué par le projet ANR DifDePo</p>
     </publicationStmt>
     <sourceDesc>
      <bibl><idno>t10010249-1982-04-cr</idno><meeting xml:id="t10010249-1982-04"><date when="1982-04-23"/><placeName>chez PF</placeName><list type="present"><item><persName ref="#CB"/></item><item><persName ref="#JR"/></item><item><persName ref="#PB"/></item><item><persName ref="#MB"/></item><item><persName role="président" ref="#NA"/></item></list></meeting></bibl>
     </sourceDesc>
   </fileDesc>
   
   <revisionDesc>
     <listChange><change when="2016-04-21T21:29:21Z">Oulipo specific tags added</change>
      <change>
        <date>2016-04-21T20:55:48Z</date>
        <name>ONE</name>
      </change>
     </listChange>
   </revisionDesc>
  </teiHeader>
  <text type="CR">
   <body><pb xml:id="p10" n="10"/>
     
     
     
     
     
     
     
     
     
     
     
     <p rend="incipit">OULIPO du 23-4-82 chez <persName>P.F.</persName>
    </p>
     <list type="unordered">
      <item>Présents : <persName>N.A</persName> président, <persName>C.B</persName>., <persName>J.R</persName>., <persName>P.F</persName>., <persName>P.B</persName>, <persName>M.B</persName>.</item>
      <item>Excusés : <persName>JB</persName>, <persName>JD</persName>. , <persName>J.L</persName>, <persName>FLL</persName>, <persName>M.M</persName>., <persName>H.M</persName>., <persName>J.Q</persName>.</item>
      <item>Inexcusable : <persName>I. Calvino</persName>, <persName>T.D</persName> (excuses tardives)</item>
    </list>
     <p>
      <persName>P.F</persName>. lit lettres d’excuses</p>
     <list type="unordered">
      <item>de <persName>Blavier</persName> : sur <name type="manif">colloque Queneau Verviers</name> fin août</item>
      <item>
        <persName>J.M Raynaud</persName> : tristesse sur la mort de <persName>GP</persName>.</item>
    </list>
     <p>
      <persName>P.B</persName>. Création : utilisation du module 96</p>
     <p>12 thèmes correspondant aux 12 générateurs. En hommage à <persName>Georges</persName> (<title>A perce-gorgées</title>)</p>
     <p>
      <persName>P.F</persName>. <title>Tireur à la ligne</title> stylée : combinaison de <title>Tireur à la ligne</title> et d’<title>Exercice de style</title>
    </p>
     <p>
      <persName>L.E</persName>. : Hommage à <persName>Perec</persName> : <term>acrostiche double</term> sur <term>palindrome lipogrammatique monovocalique</term> et <term>triconsonantique</term> (PRCE) avec alternance V-C.</p>
     <p>
      <persName>FLL</persName> (au téléphone)</p>
     <p>
      <persName>Emmanuel Amiot</persName> : x raconte à y l’histoire de z</p>
     <p>
      <persName>M.B</persName>. Création : </p>
     <list type="unordered">
      <item>
        <title>Conte à votre façon à l’envers</title>
      </item>
      <item>
        <title>Histoire romaine et Oulipo</title>
      </item>
    </list>
     <p>
      <persName>C.B</persName>. Eoderdrome <unclear>soluce</unclear> and sad science sins</p>
     <p>– <persName>Gary Bloom</persName> City College of the CUNY NY 10031</p>
     <p>Invité d’honneur pour septembre</p>
     <p>
      <persName>P.F</persName>. Lettre de <persName>B. Leclerc</persName> (stagiaire de l’Oulipo en avril) qui propose de faire une <unclear>entration</unclear> mathématique.</p>
     <p>
      <persName>J.R</persName>. Compte-rendu du <name type="manif">stage de Villeneuve</name>
    </p>
     <p>Contrainte :</p>
     <list type="unordered">
      <item>autant de consonnes que de voyelles</item>
      <item>la <term>contrainte du dyslexique</term> (on considère certaines lettres comme équivalentes)</item>
      <item>la <term>libération du prisonnier</term>
      </item>
    </list>
     <p>
      <persName>P.B</persName>. Suggère de fusionner les dossiers concernant les stages</p>
     <p>
      <orgName>Stage</orgName> Juillet 19 au 24 juillet : <unclear>disipient</unclear> : <persName>J.R</persName>. <persName>M.B</persName>. <persName>P.B</persName>. permanents +passagers <persName>PF</persName>. <persName>N.A</persName>. <persName>HM</persName>. <persName>C.B</persName>.</p>
     <p>
      <persName>P.B</persName>. annonce son passage à Toulouse</p>
     
      <pb xml:id="p11" n="11"/>
    
     <p>
      <persName>P.F.</persName> :</p>
     <list type="unordered">
      <item>
        <name type="manif">Oulipo Galaxie</name> : expo Perec et Oulipo : très bien faite.</item>
      <item>retombées du <name type="manif">stage d’Amiens</name>
      </item>
    </list>
     <p>Lettres d’<persName>Annie Harleaux-Faury</persName>
    </p>
     <p>
      <persName>M.B</persName>.</p>
     <list type="unordered">
      <item>Perec-Traces</item>
      <item>Perec-Alvaye d’accord pour le 2 décembre <name type="manif">Lecture Perec</name>
      </item>
      <item>Oulipo-Arc-en-ciel</item>
      <item>Affaire de la rue de Lille</item>
    </list>
     <p>
      <persName>J.R</persName>. Présente le compte-rendu de l’Atlas par <persName>Ziegelmeye</persName>r dans <title>Plaine-Chart</title>
    </p>
     <p>
      <persName>N.A</persName>. <name type="manif">Oulipo-Cerisy</name>
    </p>
     <list type="unordered">
      <item>Organisation : un directeur d’atelier par jour</item>
      <item>Répartition des journées pour lectures conférences-atelier</item>
      <item>Programme établi (par <persName>N.A</persName>.) août 83 :</item>
      <item>Historique. <persName>N.A</persName>.</item>
      <item>Théorique. <persName>J.R</persName>
      </item>
      <item>Combinatoire <persName>C.B</persName>.</item>
      <item>Informatique <persName>P.B</persName>.</item>
      <item>Contraintes locales <persName>J.B.</persName>
      </item>
      <item>Contraintes globales <persName>M.B.</persName>
      </item>
      <item>
        <persName>Perec HM</persName>
      </item>
      <item>
        <persName>Queneau</persName> 
        <unclear>Mark Elevan</unclear> 
        <persName>P.F</persName>
      </item>
      <item>
        <persName>Calvino I.C</persName>.</item>
    </list>
     <p>
      <persName>P.B</persName>. -Europe. <persName>Queneau</persName>
    </p>
     <p>
      <persName>P.F</persName>. <title>BO</title>.</p>
     <list type="unordered">
      <item>le 18 est prêt (<persName>Braffort</persName>)</item>
      <item>Le 19 est distribué.</item>
    </list>
     <p>
      <persName>Zerbi</persName> (présent au café) : exposé sur la 3<hi>e</hi> partie de <title>Morale élémentaire</title>.</p>
     <p>3 sens parallèles dans chaque poème :</p>
     <list type="ordered">
      <item>Commentaire du <title>Yi King</title>
      </item>
      <item>Autobiographie personnelle</item>
      <item>Autobiographie littéraire</item>
    </list>
     <p>La possibilité de ces 3 sens sur l’utilisation de mots polysémiques, l’homonymie</p>
   </body>
  </text>
</TEI>