<?xml version="1.0" encoding="UTF-8"?><?xml-model href="../difdepo.rnc" type="application/relax-ng-compact-syntax"?><TEI xmlns="http://www.tei-c.org/ns/1.0" xml:id="t10010246-1982-01-cr">
  <teiHeader>
   <fileDesc>
     <titleStmt>
      <title>Transcription du scan 10010246 pp. 3 à 3 (CR) : version TEI</title><respStmt><resp>transcription</resp><name>ONE</name></respStmt>
      
     </titleStmt>
     
     <publicationStmt>
      <p>Edition numérique distribué par le projet ANR DifDePo</p>
     </publicationStmt>
     <sourceDesc>
      <bibl><idno>t10010246-1982-01-cr</idno><meeting xml:id="t10010246-1982-01"><date when="1982-01-15"/><placeName>chez Martine et PF</placeName><list type="present"><item><persName ref="#HM"/></item><item><persName ref="#LE"/></item><item><persName ref="#CBPF"/></item><item><persName ref="#MM"/></item><item><persName ref="#LE"/></item><item><persName ref="#CB"/></item><item><persName role="président" ref="#PB"/></item><item><persName role="secrétaire" ref="#JR"/></item></list></meeting></bibl>
     </sourceDesc>
   </fileDesc>
   
   <revisionDesc>
     <listChange><change when="2016-04-21T21:29:18Z">Oulipo specific tags added</change>
      <change>
        <date>2016-04-21T20:55:22Z</date>
        <name>ONE</name>
      </change>
     </listChange>
   </revisionDesc>
  </teiHeader>
  <text type="CR">
   <body><pb xml:id="p3" n="3"/>
     
     
     
     
     
     
     
     
     
     
     
     <p rend="incipit">Séance du 15/1/82</p>
     <list type="unordered">
      <item>Présents : <persName>PB</persName> président <persName>JR</persName> secrétaire <persName>HM</persName>, <persName>PF</persName>, <persName>MM</persName>, <persName>LE</persName>, <persName>CB</persName>,</item>
      <item>Excusés : <persName>JB</persName>, <persName>JD</persName>, <persName>GP</persName>, <persName>JL</persName>, <persName>IC</persName>, <persName>MB</persName>,</item>
      <item>absents <persName>NA</persName>, <persName>FLL</persName>,</item>
    </list>
     <p><label type="rubrique">Création</label></p>
     <list type="ordered">
      <item>
        <persName>LE</persName> présente des <term>palindromes bilingues</term>. Continuant sur sa lancée il a composé des <term>palindromes bilingues phonétiques franco-allemands</term>
      </item>
    </list>
     <p><label type="rubrique">
      <persName>Madonna</persName> lore Waser wile lore alles essen otto</label></p>
     <p><label type="rubrique">
      <persName>Otto</persName> ne sait cela errol livré sa vérole à vos dames</label></p>
     <p><label type="rubrique">
      <persName>PF</persName> propose de traduire <title>Mein Kampf</title> qui est sans doute la <gap/> de « La Recherche ».</label></p>
     <p><label type="rubrique">
      <persName>LE</persName> montre un dessin non palindromique de <persName>Jean Effel</persName> pour illustrer un de ses <term>palindromes</term>
    </label></p>
     <list type="ordered">
      <item>
        <persName>LE</persName> présente un <term>double ruban de Moebius avec entrelacement</term> ou <term>faux ruban des animaux pas plats</term> (de la largeur du ruban) il y a un mâle et une femelle. Le mâle est devant la femelle qui reste fixe ou du moins court moins vite et lui court après ; il faut rentrer et il s’aperçoit qu’il est dos à dos avec elle. Il faut qu’il fasse un autre tour.</item>
    </list>
     <p><label type="rubrique">
      <persName>CB</persName> évoque le problème du « Gossip » : <gap/> coups de téléphone ne <gap/> pour que tout le monde sache que chacun sait que les autres ne savait pas…</label></p>
     <list type="ordered">
      <item>
        <persName>LE</persName> 
        <ref>Texticule</ref> pour le 2<hi>ème</hi> millénaire avec 14 mois de retard</item>
    </list>
     <p><label type="rubrique">Le texte est joint</label></p>
     <list type="ordered">
      <item>
        <persName>HM</persName> dans le roman qu’il écrit il utilise un <term>S+2</term>, <gap/>
        <hi> (IX est fraction de n)</hi>
      </item>
    </list>
     <p><label type="rubrique">
      <persName>Cl B</persName> propose pour f(n) les <term>décimales de π</term>.</label></p>
     <p><label type="rubrique">– Il propose un type de <term>métacontraintes</term>. Etant donné une contrainte qui utilise un texte initial, ce texte *** se trouve possibles produits de la contrainte. Nom (<persName>PF</persName>) mama : <term>métacontraintes</term> de <persName>Mathews</persName>.</label></p>
     <p><label type="rubrique">Erudition</label></p>
     <list type="ordered">
      <item>
        <persName>PF</persName> 
        <term>morale élémentaire</term>
      </item>
    </list>
     <p><label type="rubrique">– <name>Le séminaire</name> 
      <persName>Queneau</persName>
       <name>de</name> 
      <persName>Mme Delon</persName> a lieu un samedi de chaque mois. Le journal de <persName>Queneau</persName> a été lu (en dehors du fils) par elle. Il y a un journal de création exceptionnel.</label></p>
     <p><label type="rubrique">– <persName>PF</persName> communique certains résultats</label></p>
     <list type="ordered">
      <item>
        <persName>PB</persName> signale ce film je tue il.</item>
      <item>
        <persName>JR</persName>. Signale <title>Here come the tigers</title>.</item>
      <item>
        <persName>PB</persName>. <title>Petite cosmogonie portative</title> : les questions de <persName>Calvino</persName>. <persName>PB</persName> en écrit une.</item>
    </list>
     <p><label type="rubrique">Action</label></p>
     <list type="ordered">
      <item>
        <persName>JR</persName> annonce la constitution à <orgName>ALAMO</orgName>
      </item>
      <item>
        <persName>PB</persName> annonce le <orgName>projet TOSCA</orgName>
      </item>
      <item>
        <persName>PB</persName> 
        <name type="manif">exposé à l’ENS sur l’oulipo et ordinateurs</name>.</item>
      <item>
        <persName>PF</persName> 
        <name type="manif">Amiens : stage</name> proposé V26 S27 D28 février</item>
      <item>
        <persName>PF</persName> 
        <name type="manif">Millefeuilles : journée oulipo</name> en mars. 12 mars 1982</item>
      <item>
        <persName>PF</persName>, <name type="manif">Australie visite de l’oulipo</name> en 1984 ou 1985</item>
    </list>
     <p><label type="rubrique">
      <persName>HM</persName> parle d’un <name type="manif">colloque sur la contrainte</name> !</label></p>
     <list type="ordered">
      <item>
        <persName>PF</persName> 
        <name type="manif">Villeneuve</name>
      </item>
    </list>
     <p><label type="rubrique">BO</label></p>
     <list type="unordered">
      <item>
        <persName>PF</persName> annonce la réception du <title>18 Braffort</title> et <title>19 Perec</title>, l’annonce du <title>20 (Calvino</title>)</item>
      <item>
        <persName>CB</persName> annonce qu’il n’y aurait pas de <term>palindromes possibles en chinois</term>.</item>
    </list>
   </body>
  </text>
</TEI>