<?xml version="1.0" encoding="UTF-8"?><?xml-model href="../difdepo.rnc" type="application/relax-ng-compact-syntax"?><TEI xmlns="http://www.tei-c.org/ns/1.0" xml:id="t10010235-1981-01-cr">
  <teiHeader>
   <fileDesc>
     <titleStmt>
      <title>Transcription du scan 10010235 pp. 10 à 11 (CR) : version TEI</title><respStmt><resp>transcription</resp><name>Natalie Berkman</name></respStmt>
      
     </titleStmt>
     
     <publicationStmt>
      <p>Edition numérique distribué par le projet ANR DifDePo</p>
     </publicationStmt>
     <sourceDesc>
      <bibl><idno>t10010235-1981-01-cr</idno><meeting xml:id="t10010235-1981-01"><date when="1981-01-30"/><placeName>chez Paul Fournel</placeName><list type="present"><item><persName ref="#JR"/></item><item><persName ref="#JG"/></item><item><persName ref="#CB"/></item><item><persName ref="#LE"/></item><item><persName ref="#JB"/></item><item><persName ref="#PF"/></item></list></meeting></bibl>
     </sourceDesc>
   </fileDesc>
   
   <revisionDesc>
     <listChange><change when="2016-04-21T21:29:11Z">Oulipo specific tags added</change>
      <change>
        <date>2016-04-21T20:54:21Z</date>
        <name>Natalie Berkman</name>
      </change>
     </listChange>
   </revisionDesc>
  </teiHeader>
  <text type="CR">
   <body><pb xml:id="p10" n="10"/>
     
     
     
     
     
     
     
     
     
     
     
     <p rend="incipit">30 janvier</p>
     <p>– Sur proposition <persName>JQ</persName>, lettre à <persName>GP</persName> pour lui proposer d’être prochainement notre invité d’honneur.</p>
     <p><label type="rubrique">Menus propos</label></p>
     <p><label type="rubrique">– <persName>JQ</persName> remet son menu propos à la fin.</label></p>
     <p><label type="rubrique">– <persName>PF</persName> informe l’assemblée, qu’à partir du 2/2 il sera chez <orgName>Slatkine France</orgName> 7 quai Malaquais (H. Champion) 634 07 29.</label></p>
     <p><label type="rubrique">– <persName>JR</persName> présente son hommage à <persName>Sébastien Bottin</persName>.</label></p>
     <p><label type="rubrique">Erudition</label></p>
     <p><label type="rubrique">– <persName>JR</persName> présente <persName>Maarri</persName> arabe précurseur de l’oulipo au 11e siècle par son livre dont le titre est : <title>obligation du non obligatoire</title>
    </label></p>
     <p><label type="rubrique">– <persName>PF</persName> est sur la piste d’un <term>plagiaire par anticipation</term> (<unclear>through</unclear> 
      <persName>Valentin Brû</persName>) un livre pour enfant qui serait oulipien.</label></p>
     <p>
      <persName>Jacques Bens</persName> arrive que l’on attendait point. (12h30).</p>
     <p><label type="rubrique">On revient aux menus propos.</label></p>
     <p><label type="rubrique">– <persName>JB</persName> a enregistré pour la <orgName>Suisse Romande</orgName> et a parlé sur les troubadours.</label></p>
     <p><label type="rubrique">– <persName>JB</persName> est allé à <orgName>Toulouse FR3</orgName> et a parlé de l’oulipo.</label></p>
     <p><label type="rubrique">– <persName>JQ Queneau</persName> avait envoyé autrefois le livre de <persName>Polti</persName> : <title>Les 36 situations dramatiques</title>. <persName>JQ</persName> lit <persName>Péguy</persName> qui fait un tableau qui <unclear>dichotomise</unclear> les « opérations » public ou privé… (Pléiade <persName>Péguy</persName> 
      <title>Prose</title>, 980).</label></p>
     <p><label type="rubrique">Action</label></p>
     <p><label type="rubrique">– <persName>PF</persName> 1 <name type="manif">Rameil Nantes</name>. Conférence dans le pays lu gros plan. a) 7 février b) 21 février un ou 2 complices de <persName>Noël Arnaud</persName>.</label></p>
     <p><label type="rubrique">– <persName>PF</persName> 2 <name type="manif">Stage de Pâques.</name> Qui va ? 4 jours 3 oulipiens stagiaires payants. Sous.</label></p>
     <p><label type="rubrique">Création</label></p>
     <p><label type="rubrique">– <persName>JR</persName> présente ses <term>haïkus</term> en <term>ouliporismes</term>.</label></p>
     <p><label type="rubrique">– <persName>PF</persName> présente une mini <term>dramatique radiophonique</term>. Magnétophone à 8 pistes. Chaque bande représente une piste. Plusieurs possibilités narratives. (<persName>LE</persName> réalise les 1014 sur un magnétophone à 16 pistes).</label></p>
     <p><label type="rubrique">Discussion technique entre <persName>HM</persName> et <persName>PF.</persName>
    </label></p>
     <p><label type="rubrique">– <persName>HM</persName> une « <term>contre intersection</term> ». Un texte T1 est l’<term>intersection</term> de T2 et T’2 à écrire. Rien d’autre n’est commun (de significatif).</label></p>
     
      <pb xml:id="p11" n="11"/>
    
     <p><label type="rubrique">
      <persName>PF</persName> La quatrième de couverture de <title>Oulipo 2</title>.</label></p>
     <p><label type="rubrique">Ce n’est pas à la création. <persName>CB</persName> 
      <term>Poèmes infinis</term> : <persName>CB</persName> enverra l’article de <unclear>Moïse Heghune</unclear>
      <persName/> à <persName>PB</persName> et <persName>JR.</persName>
    </label></p>
     <p><label type="rubrique">
      <persName>MB</persName> Création par élèves : <persName>Bernard Magné</persName> élève à <name type="manif">Villeneuve</name> a fait 27 incipits, combinaison du début de <title>Bouvard et Pécuchet</title>, la <title>Chartreuse de Parme</title> et <title>L’Education sentimentale</title>. Exemplaire <term>traduction diasémique</term> des <title>chats</title>.</label></p>
     <p><label type="rubrique">
      <persName>PB</persName> propose que les mots qui bougent changent de sens.</label></p>
     <p><label type="rubrique">Actions</label></p>
     <p><label type="rubrique">
      <persName>PF</persName> pas de textes pour la <title>BO</title>. On attend le texte de <persName>CB</persName> et celui de <persName>FLL</persName>. <persName>FLL</persName> est retardé de 3 mois.</label></p>
     <p><label type="rubrique">
      <persName>LE</persName> propose l’invitation de <persName>Robert Sabatier</persName>.</label></p>
     <p><label type="rubrique">
      <persName>PF</persName> verse un chèque de 6750 pour <title>Oulipo 2.</title>
    </label></p>
     <p><label type="rubrique">Rédaction collective de la 4ème de couverture de L’<title>Oulipo 2</title>
    </label></p>
   </body>
  </text>
</TEI>