<?xml version="1.0" encoding="UTF-8"?><?xml-model href="../difdepo.rnc" type="application/relax-ng-compact-syntax"?><TEI xmlns="http://www.tei-c.org/ns/1.0" xml:id="t10010276-1984-10-cv">
  <teiHeader>
   <fileDesc>
     <titleStmt>
      <title>Transcription du scan 10010276 pp. 1 à 1 (CV) : version TEI</title><respStmt><resp>transcription</resp><name>Susie Cronin</name></respStmt>
      
     </titleStmt>
     
     <publicationStmt>
      <p>Edition numérique distribué par le projet ANR DifDePo</p>
     </publicationStmt>
     <sourceDesc>
      <bibl><idno>t10010276-1984-10-cv</idno><title>Convocation à <ref target="difdepo:t10010276-1984-10">une réunion Oulipo</ref>, envoyée le <date when="1984-11-22"/> par <persName role="expéditeur">PF</persName> Destinataire : <persName role="destinataire">XX</persName></title></bibl>
     </sourceDesc>
   </fileDesc>
   
   <revisionDesc>
     <listChange><change when="2016-04-21T21:29:28Z">Oulipo specific tags added</change>
      <change>
        <date>2016-04-21T20:56:47Z</date>
        <name>Susie Cronin</name>
      </change>
     </listChange>
   </revisionDesc>
  </teiHeader>
  <text type="CV">
   <body><pb xml:id="p1" n="1"/>
     
     
     
     
     
     
     
     
     
     
     
     <p rend="incipit">Oulipo</p>
     <p rend="incipit">Paris le 27 octobre 84</p>
     <p rend="incipit">Brigadiers,</p>
     <p>La prochaine réunion de l’ouvroir aura lieu le jeudi 22 novembre prochain chez <persName>Paul Braffort</persName> 7 rue Charles V 75004 à 11h30 (tel : 278.12.92). On y procédera à la distribution des deux dernières <title>B.O.</title> sorties des presses : <title>le train traverse la nuit</title> de <persName>Jacques Roubaud</persName> et <title>L’Eclipse</title> de <persName>Jacques Jouet</persName>.</p>
     <p>Vous trouverez ci-joint :</p>
     <list type="ordered">
      <item>
        <ref>le compte-rendu du congrès-conclave du Moulin d’Andé</ref> rédigé par les soins de <persName>Jacques Jouet</persName> ;</item>
      <item>
        <ref>une liste de titres de textes à faire</ref> par chacun d’entre nous pour l’hommage au président <persName>FLL</persName>. Ceux qui ont été déjà attribués portent en regard le nom de leur futur auteur. Les autres sont à prendre…Prenez ! Faites-moi savoir vos choix.</item>
    </list>
     <p>Retournez la rituelle découpe.</p>
     <p>Amitiés,</p>
     <p>
      <persName>Paul</persName>
    </p>
   </body>
  </text>
</TEI>