<?xml version="1.0" encoding="UTF-8"?><?xml-model href="../difdepo.rnc" type="application/relax-ng-compact-syntax"?><TEI xmlns="http://www.tei-c.org/ns/1.0" xml:id="t10010238-1981-04-cr">
  <teiHeader>
   <fileDesc>
     <titleStmt>
      <title>Transcription du scan 10010238 pp. 4 à 6 (CR) : version TEI</title><respStmt><resp>transcription</resp><name>Natalie Berkman</name></respStmt>
      
     </titleStmt>
     
     <publicationStmt>
      <p>Edition numérique distribué par le projet ANR DifDePo</p>
     </publicationStmt>
     <sourceDesc>
      <bibl><idno>t10010238-1981-04-cr</idno><meeting xml:id="t10010238-1981-04"><date when="1981-04-24"/><placeName>chez Marcel Bénabou</placeName><list type="present"><item><persName ref="#JD"/></item><item><persName ref="#JQ"/></item><item><persName ref="#JR"/></item><item><persName ref="#GP"/></item><item><persName role="président" ref="#JB"/></item><item><persName role="secrétaire" ref="#PB"/></item></list></meeting></bibl>
     </sourceDesc>
   </fileDesc>
   
   <revisionDesc>
     <listChange><change when="2016-04-21T21:29:14Z">Oulipo specific tags added</change>
      <change>
        <date>2016-04-21T20:54:48Z</date>
        <name>Natalie Berkman</name>
      </change>
     </listChange>
   </revisionDesc>
  </teiHeader>
  <text type="CR">
   <body><pb xml:id="p4" n="4"/>
     
     
     
     
     
     
     
     
     
     
     
     <p rend="incipit">Réunion du 24 4 81</p>
     <p rend="incipit">Présents : <persName>J. Bens</persName> président</p>
     <p rend="incipit">
      <persName>P. Braffort</persName> secrétaire</p>
     <p>
      <persName>M. Benabou</persName> (hôte)</p>
     <p rend="incipit">
      <persName>J Duchateau</persName>, <persName>J Queval</persName>, <persName>J Roubaud</persName> puis <persName>G Perec</persName>
    </p>
     <p>1. Etablissement de l’ordre du jour.</p>
     <p>2. Appel et contrôle des présences. Renvoi à Novembre de l’invitation à <persName>R. Sabatier</persName>. Projet de nourri chez <orgName>Drouant</orgName> (aux retransmissions en direct sur <orgName>France-Culture</orgName>).</p>
     <p>3. Point d’ordre par <persName>MB</persName> : récapitulé point obligé</p>
     <p>
      <persName>JB</persName> : memento.</p>
     <p><label type="rubrique">4. Action</label></p>
     <p><label type="rubrique">– <persName>PB</persName> : compte-rendu du <name type="manif">stage de Villeneuve-les-Avignon</name>.</label></p>
     <p><label type="rubrique">Nécessité de préparer :</label></p>
     <p><label type="rubrique">– Photothèque</label></p>
     <p><label type="rubrique">– <persName>Publication</persName> jointe avec <orgName>CIRCA</orgName>
    </label></p>
     <p><label type="rubrique">– JB contacte <persName>Jouanard</persName>
    </label></p>
     <p><label type="rubrique">– <persName>MB</persName> 
      <name type="manif">Bourges</name>. Présentation ordinateur</label></p>
     <p><label type="rubrique">– <persName>JB</persName> : Proposition d’atelier.</label></p>
     <p><label type="rubrique">Tutti : Donner des <unclear>monneaud</unclear> : <persName>Marcel</persName>
    </label></p>
     <p><label type="rubrique">
      <persName>GP</persName> participe postalement</label></p>
     <p><label type="rubrique">
      <title>OULIPO 2</title> La publication pourrait avoir lieu dès Mai. Couverture <persName>CARELMAN</persName>. Plus de 400 pages.</label></p>
     
      <pb xml:id="p5" n="5"/>
    
     <p><label type="rubrique">5. Créations</label></p>
     <p><label type="rubrique">
      <persName>JD</persName> Retour de <term>l’intersection</term> 
    </label></p>
     <p><label type="rubrique">Rappel des travaux antérieurs.</label></p>
     <p><label type="rubrique">Introduction d’une <term>métrique</term> (en vue fonction)</label></p>
     <p><label type="rubrique">Application à un travail sur <title>Sanctuaire</title>
    </label></p>
     <p><label type="rubrique">Projet de <title>Bibliothèque Oulipienne</title> au PB (coll. Méthode)</label></p>
     <p><label type="rubrique">
      <title>Bibliothèque Oulipienne</title> (texte)</label></p>
     <p><label type="rubrique">
      <title>Le roman caché.</title>
    </label></p>
     <p><label type="rubrique">
      <title>Le fils de Ruby Lamarr</title>
    </label></p>
     <p><label type="rubrique">
      <persName>PB</persName>. Formalisation fondée sur la considération de trois exemples de base !</label></p>
     <p><label type="rubrique">Personnages-lieux-indice</label></p>
     <p><label type="rubrique">
      <persName>JQ</persName>. Présentation d’une séquence de <persName>More-Edlund</persName> une intervention de <persName>PB</persName> entraine un enchainement de plaisanterie.</label></p>
     <p><label type="rubrique">
      <persName>GP</persName> 
      <title>Cinquante-trois jours</title> (WIP)</label></p>
     <p><label type="rubrique">2 <title>BO</title>
    </label></p>
     <p><label type="rubrique">
      <title>La cantatrice sauve</title>. (83)</label></p>
     <p>
      <title>Beau-présent</title>.</p>
     <p><label type="rubrique">
      <persName>Arnaud Benabou Bens Berge Blavier Braffort Calvino Chapman Chambers Duchamp Duchateau Etienne Fournel Latis Le Lionnais Lescure Métail Mathews Perec Queneau Queval Roubaud Schmidt</persName>
    </label></p>
     
      <pb xml:id="p6" n="6"/>
    
     <p><label type="rubrique">6. Erudition</label></p>
     <p><label type="rubrique">
      <persName>JD</persName> Livre de <persName>Todorov</persName> et <persName>Bakhtine</persName>
    </label></p>
     <p><label type="rubrique">
      <persName>MB Kenneth Koch Jabi Goudy</persName>
    </label></p>
     <p><label type="rubrique">7. Menus propos</label></p>
     <p><label type="rubrique">Prochaine réunion.</label></p>
   </body>
  </text>
</TEI>