<?xml version="1.0" encoding="UTF-8"?><?xml-model href="../difdepo.rnc" type="application/relax-ng-compact-syntax"?><TEI xmlns="http://www.tei-c.org/ns/1.0" xml:id="t10010008-1961-05-cr">
  <teiHeader>
   <fileDesc>
     <titleStmt>
      <title>Transcription du scan 10010008 pp. 1 à 1 (CR) : version TEI</title><respStmt><resp>transcription</resp><name>Chris</name></respStmt>
      
     </titleStmt>
     
     <publicationStmt>
      <p>Edition numérique distribué par le projet ANR DifDePo</p>
     </publicationStmt>
     <sourceDesc>
      <bibl><idno>t10010008-1961-05-cr</idno><meeting xml:id="t10010008-1961-05"><date when="1961-05-12"/><placeName>restaurant Laborderie</placeName><list type="present"><item><persName ref="#FLL"/></item><item><persName ref="#L"/></item><item><persName ref="#NA"/></item><item><persName ref="#AMS"/></item><item><persName ref="#JB"/></item><item><persName ref="#JL"/></item></list></meeting></bibl>
     </sourceDesc>
   </fileDesc>
   
   <revisionDesc>
     <listChange><change when="2016-04-21T21:28:58Z">Oulipo specific tags added</change>
      <change>
        <date>2016-04-21T20:52:34Z</date>
        <name>Chris</name>
      </change>
     </listChange>
   </revisionDesc>
  </teiHeader>
  <text type="CR">
   <body><pb xml:id="p1" n="1"/>
     
     
     
     
     
     
     
     
     
     
     
     <p rend="incipit">OUVROIR DE</p>
     <p rend="incipit">LITTERATURE</p>
     <p rend="incipit">POTENTIELLE</p>
     <p rend="incipit">Circulaire n°9</p>
     <p rend="incipit">20 mai 1961</p>
     <p rend="incipit">COMPTE-RENDU DE LA REUNION EXCEPTIONNELLE DU VENDREDI 12 MAI</p>
     <p rend="incipit">Honoraient cette réunion de leur présence : MM. <persName>Le Lionnais</persName>, <persName>Latis</persName>, <persName>Arnaud</persName>, <persName>Schmidt</persName> et <persName>Bens</persName>. (M. <persName>Lescure</persName> fit une apparition, brève mais remarquée, puis s’en fut.)</p>
     <p>
      <persName>Noël Arnaud</persName> fait le point des communications reçues (<persName>Queneau</persName>, <persName>Queval</persName>, <persName>Lescure</persName>, <persName>Bens</persName>), donc de celles à recevoir encore.</p>
     <p>F. Le <persName>Lionnais</persName> proposera un <term>haï-kaï</term> en <term>langue ALGOL</term>, dira quelques mots de ses travaux sur les langages <term>Rouge-Gorge</term> et <term>Renard</term> et en exposera les difficultés. Il parlera une Prière d’Insérer.</p>
     <p>(Ici, se place une parenthèse, ouverte par MM. <persName>Latis</persName> et <persName>Le Lionnais</persName>, sur l’étymologie du mot <term>échecs</term>.)</p>
     <p>(Une second parenthèse est immédiatement construite par <persName>F. Le Lionnais</persName>, concernant la « <term>mesure de la poésie</term> ».)</p>
     <p>
      <persName>A.M. Schmidt</persName> soumet son projet de communication sur <title>Virtualités artificielles</title>. Et promet de le remettre très bientôt au <persName>Régent Arnaud</persName>.</p>
     <p>Le <persName>S.P</persName>. est chargé :</p>
     <list type="ordered">
      <item>de prendre contact avec <persName>Berge</persName> et <persName>Duchâteau</persName> (sur le point d’être réalisé avec <persName>Duchâteau</persName>—Note du 20 mai) ;</item>
      <item>de livrer une copie de la communication de <persName>Chambers</persName> (livrée—N. du 20 mai) ;</item>
      <item>de dérober Préface et Postface des <title>100 M.M. de Poèmes</title> (dérobés—N. du 20/5).</item>
    </list>
     <p>
      <persName>F. Le Lionnais</persName> entreprend une digression sur les animaux du zoo, fort intéressante.</p>
     <p>Lecture est faite des communications de <persName>J. Queval</persName>. Celle sur Les lois de l’article est provisoirement écartée. On souhaite que <persName>J. Queval</persName> ait la possibilité de l’enrichir.</p>
     <p>
      <persName>F. Le Lionnais</persName> est nommé, par décision de <persName>Sa Magnificence</persName>, Regent de Stratégie Scacchiale et de Chronomie.</p>
     <p>Sur les félicitations que l’assemblée lui adresse, on se sépare, non sans s’être donné rendez-vous pour le LUNDI 5 JUIN, comme précédemment prévu.</p>
     <p>Pour le S.D.D.,</p>
     <p> 
      <persName>Ythier MARCHANT</persName>, dataire</p>
   </body>
  </text>
</TEI>