<?xml version="1.0" encoding="UTF-8"?><?xml-model href="../difdepo.rnc" type="application/relax-ng-compact-syntax"?><TEI xmlns="http://www.tei-c.org/ns/1.0" xml:id="t10010052-1965-02-oj">
  <teiHeader>
   <fileDesc>
     <titleStmt>
      <title>Transcription du scan 10010052 pp. 17 à 18 (OJ) : version TEI</title><respStmt><resp>transcription</resp><name>Camille Bloomfield</name></respStmt>
      
     </titleStmt>
     
     <publicationStmt>
      <p>Edition numérique distribué par le projet ANR DifDePo</p>
     </publicationStmt>
     <sourceDesc>
      <bibl><idno>t10010052-1965-02-oj</idno><title>Ordre de jour de <ref target="difdepo:t10010052-1965-02">la réunion Oulipo</ref> du <date when="1965-02-01"/></title></bibl>
     </sourceDesc>
   </fileDesc>
   
   <revisionDesc>
     <listChange><change when="2016-04-21T21:29:09Z">Oulipo specific tags added</change>
      <change>
        <date>2016-04-21T20:54:03Z</date>
        <name>Camille Bloomfield</name>
      </change>
     </listChange>
   </revisionDesc>
  </teiHeader>
  <text type="OJ">
   <body><pb xml:id="p17" n="17"/>
     
     
     
     
     
     
     
     
     
     
     
     <p rend="incipit">OuLiPo</p>
     <p rend="incipit">Réunion du Gueule 1 Gueules 93 014</p>
     <p rend="incipit">(vulg : Vendredi 1er février 1965)</p>
     <p rend="incipit">Ordre du jour proposé</p>
     <p>INVITE D’HONNEUR : <persName>Professeur G. Kreisel</persName> (Illogique mathématique)</p>
     <p>ABSENCE EXCUSEES : <persName>Be</persName> (<persName>ns</persName> + <persName>rge</persName>) <persName>Blavier</persName>, <persName>Schmidt</persName>, <persName>Arnaud</persName> 
    </p>
     <p><label type="rubrique">ERUDITIONS</label></p>
     <list type="ordered">
      <item>
        <term>Sonnet</term> de <persName>Victor Hugo</persName> – <persName>R. Queneau</persName>
      </item>
      <item/>
      <item/>
      <item/>
      <item/>
      <item/>
      <item/>
    </list>
     <p><label type="rubrique">CREATIONS</label></p>
     <list type="ordered">
      <item>
        <term>Discrète</term> 
        <unclear>ouverte</unclear> au <persName>professeur Kreisel</persName> – <persName>FLL</persName>
      </item>
      <item>Y-a-t ’il des <term>mots</term> « <term>génériques</term> ? » <persName>- G. Kreisel</persName> 
      </item>
      <item/>
      <item/>
      <item/>
      <item/>
      <item/>
    </list>
     <p><label type="rubrique">ACTIONS</label></p>
     <list type="ordered">
      <item>
        <orgName>Les Cerveaux réunis</orgName> 
      </item>
      <item>
        <term>Esclave</term> pour <persName>J. Duchateau</persName> 
      </item>
      <item>
        <ref>L’enregistrement de Verviers</ref> est-il un <term>mythe</term> ?</item>
      <item>
        <term>Dieu</term> est-il pop ?</item>
      <item>Visite de S.A </item>
      <item/>
      <item/>
      <item>
        <term>Grille des libertés</term> 
      </item>
      <item>Prochain invité d’honneur </item>
      <item>Prochaine réunion </item>
    </list>
     
      <pb xml:id="p18" n="18"/>
    
     <p rend="incipit">OuLiPo</p>
     <p rend="incipit">Réunion du Gueule 1 Gueules 93 014</p>
     <p rend="incipit">(vulg : Vendredi 1er février 1965)</p>
     <p rend="incipit">Ordre du jour proposé</p>
     <p>INVITE D’HONNEUR : <persName>Professeur G. Kreisel</persName> (Illogique mathématique)</p>
     <p>ABSENCE EXCUSEES : <persName>Be</persName> (<persName>ns</persName> + <persName>rge</persName>) <persName>Blavier</persName>, <persName>Schmidt</persName>, <persName>Arnaud</persName> 
    </p>
     <p>Et naturellement : Président : <persName>Claude Berge</persName>
    </p>
     <p><label type="rubrique">ERUDITIONS</label></p>
     <list type="ordered">
      <item>
        <term>Sonnet</term> de <persName>Victor Hugo</persName> – <persName>R. Queneau</persName>
      </item>
    </list>
     <p><label type="rubrique">CREATIONS</label></p>
     <list type="ordered">
      <item>
        <term>Discrète</term> 
        <unclear>ouverte</unclear> au <persName>professeur Kreisel</persName> – <persName>FLL</persName>
      </item>
      <item>Y-a-t ’il des <term>mots</term> « <term>génériques</term> ? » <persName>- G. Kreisel</persName> 
      </item>
      <item/>
    </list>
     <p><label type="rubrique">ACTIONS</label></p>
     <list type="ordered">
      <item>Les <orgName>Cerveaux réunis</orgName> – <persName>FLL</persName>. (pour réunion élément de réponse à <persName>JB</persName>)</item>
      <item>
        <term>Esclave</term> pour <persName>J. Duchateau</persName> 
      </item>
      <item>
        <ref>L’enregistrement de Verviers</ref> est-il un mythe ?</item>
      <item>Dieu est-il pop ? </item>
      <item>Visite de S.A </item>
      <item>
        <term>Grille des libertés</term> 
      </item>
      <item>Prochain invité d’honneur </item>
      <item>Prochaine réunion : <name type="manif">Oulibasque</name>. Lundi 8 mars 1965</item>
    </list>
   </body>
  </text>
</TEI>