<?xml version="1.0" encoding="UTF-8"?><?xml-model href="../difdepo.rnc" type="application/relax-ng-compact-syntax"?><TEI xmlns="http://www.tei-c.org/ns/1.0" xml:id="t10010270-1984-03-cv">
  <teiHeader>
   <fileDesc>
     <titleStmt>
      <title>Transcription du scan 10010270 pp. 1 à 1 (CV) : version TEI</title><respStmt><resp>transcription</resp><name>Susie Cronin</name></respStmt>
      
     </titleStmt>
     
     <publicationStmt>
      <p>Edition numérique distribué par le projet ANR DifDePo</p>
     </publicationStmt>
     <sourceDesc>
      <bibl><idno>t10010270-1984-03-cv</idno><title>Convocation à <ref target="difdepo:t10010270-1984-03">une réunion Oulipo</ref>, envoyée le <date when="1984-03-24"/> par <persName role="expéditeur">PF</persName> Destinataire : <persName role="destinataire">XX</persName></title></bibl>
     </sourceDesc>
   </fileDesc>
   
   <revisionDesc>
     <listChange><change when="2016-04-21T21:29:22Z">Oulipo specific tags added</change>
      <change>
        <date>2016-04-21T20:55:57Z</date>
        <name>Susie Cronin</name>
      </change>
     </listChange>
   </revisionDesc>
  </teiHeader>
  <text type="CV">
   <body><pb xml:id="p1" n="1"/>
     
     
     
     
     
     
     
     
     
     
     
     <p rend="incipit">Oulipo</p>
     <p rend="incipit">Le 24 03 84</p>
     <p rend="incipit">Chers oulipiens,</p>
     <p>Pour rendre hommage à notre <persName>Président-Fondateur</persName>, <persName>Marie-Adèle</persName> a décidé de réunir au 23 route de la Reine (92100 Boulogne 6059013) les membres des divers <orgName>OuXpo</orgName>.</p>
     <p>Cette réunion aura lieu le 17 avril à partir de 18H.</p>
     <p>Nous comptons sur la présence du plus grand nombre.</p>
     <p>Amitiés,</p>
     <p>
      <persName>Paul</persName> 
    </p>
     <p>Retourner la découpe ci-dessus à <persName>Marie Adèle</persName> c/o FLL 23 route de la Reine Boulogne.</p>
   </body>
  </text>
</TEI>