<?xml version="1.0" encoding="UTF-8"?><?xml-model href="../difdepo.rnc" type="application/relax-ng-compact-syntax"?><TEI xmlns="http://www.tei-c.org/ns/1.0" xml:id="t10010245-1981-12-cr">
  <teiHeader>
   <fileDesc>
     <titleStmt>
      <title>Transcription du scan 10010245 pp. 2 à 3 (CR) : version TEI</title><respStmt><resp>transcription</resp><name>ONE</name></respStmt>
      
     </titleStmt>
     
     <publicationStmt>
      <p>Edition numérique distribué par le projet ANR DifDePo</p>
     </publicationStmt>
     <sourceDesc>
      <bibl><idno>t10010245-1981-12-cr</idno><meeting xml:id="t10010245-1981-12"><date when="1981-12-11"/><placeName>chez PB</placeName><list type="present"><item><persName ref="#JL"/></item><item><persName ref="#JRMM"/></item><item><persName role="président" ref="#PF"/></item></list></meeting></bibl>
     </sourceDesc>
   </fileDesc>
   
   <revisionDesc>
     <listChange><change when="2016-04-21T21:29:17Z">Oulipo specific tags added</change>
      <change>
        <date>2016-04-21T20:55:12Z</date>
        <name>ONE</name>
      </change>
     </listChange>
   </revisionDesc>
  </teiHeader>
  <text type="CR">
   <body><pb xml:id="p2" n="2"/>
     
     
     <p>Type de document : CR (<hi>CR</hi>
      <hi> pour compte-rendu avec ou sans ordre du jour, </hi>
      <hi>Convocation</hi>
      <hi> ou </hi>
      <hi>Autre</hi>)</p>
     
     
     
     
     
     
     
     
     <p rend="incipit">11.12.81. chez <persName>Braffort</persName>.</p>
     <p rend="incipit">Présents.</p>
     <list type="unordered">
      <item>
        <persName>Lescure</persName>
      </item>
      <item>
        <persName>Roubaud</persName>
      </item>
      <item>
        <persName>Braffort</persName>
      </item>
      <item>
        <persName>Fournel</persName>
      </item>
      <item>
        <persName>Metail</persName>.</item>
    </list>
     <p rend="incipit">Excusés.</p>
     <list type="unordered">
      <item>
        <persName>Bens</persName>
      </item>
      <item>
        <persName>Perec</persName>
      </item>
      <item>
        <persName>Duchâteau</persName>
      </item>
      <item>
        <persName>Etienne</persName>
      </item>
      <item>
        <persName>Queval</persName>.</item>
      <item>
        <persName>Le Lionnais</persName>
      </item>
      <item>
        <persName>Berge</persName>.</item>
      <item>
        <persName>Benabou</persName>.</item>
    </list>
     <p>– <persName>Giordano Bruno</persName> et l’Oulipo. <persName>J. Roubaud</persName>.</p>
     <p>
      <term>Plagiat par anticipation</term>. <term>Vers rapportés</term>. (<term>mise en facteur</term>.). La <term>prose</term> de <persName>G. Bruno</persName> est calculée numériquement, selon ce principe.</p>
     <p>Cf. <term>algorithme de Mathews</term>
    </p>
     <p>– <persName>Braffort</persName> : le <term>roman policier plagié</term>.</p>
     <p>A partir de chefs-d’œuvre du <term>roman policier</term>. <title>La Côte des Dieux</title>. <persName>P. Frondey</persName>. « remake » d’<persName>André Mage</persName>.</p>
     <p>– <persName>Fournel</persName>. « <title>Un absent de marque</title> ». Questions de commentaires de textes, sans texte.</p>
     
      <pb xml:id="p3" n="3"/>
    
     <p>– <persName>Braffort</persName>. <persName>Calvino</persName>.</p>
     <p>Travail sur <title>petite cosmogonie</title>. Il reste 5 choses à trouver.</p>
     <p>– <persName>Lescure</persName>. Poème du XVIIIème. En <term>b.a.ba.</term>
    </p>
     <p>
      <persName>Charpentreau</persName>. auteur de poèmes d’enfants. « <title>le mystère en fleur</title> ». Livre pédagogique pour enfants. Cite l’oulipo.</p>
     <p>
      <orgName>Ecole de Namur</orgName>. Traces d’oulipisme.</p>
     <p>– <persName>J. L. Chautemps</persName>. saxophoniste.</p>
     <p>– <name type="manif">Villeneuve</name>. Prestations à Pâques. Juillet.</p>
     <p>– Création d’un réseau informatique <orgName>Alamo</orgName>. Paris. Avignon. Toulouse.</p>
     <p>– <title>Dictionnaire de l’informatique</title>. <orgName>Larousse</orgName>.</p>
     <p>article art et ordinateur. oulipo cité.</p>
   </body>
  </text>
</TEI>