<?xml version="1.0" encoding="UTF-8"?><?xml-model href="../difdepo.rnc" type="application/relax-ng-compact-syntax"?><TEI xmlns="http://www.tei-c.org/ns/1.0" xml:id="t10010272-1984-06-cr">
  <teiHeader>
   <fileDesc>
     <titleStmt>
      <title>Transcription du scan 10010272 pp. 1 à 2 (CR) : version TEI</title><respStmt><resp>transcription</resp><name>Susie Cronin</name></respStmt>
      
     </titleStmt>
     
     <publicationStmt>
      <p>Edition numérique distribué par le projet ANR DifDePo</p>
     </publicationStmt>
     <sourceDesc>
      <bibl><idno>t10010272-1984-06-cr</idno><meeting xml:id="t10010272-1984-06"><date when="1984-06-21"/><placeName>Chez PB</placeName><list type="present"><item><persName ref="#PB"/></item><item><persName ref="#NA"/></item><item><persName ref="#MB"/></item><item><persName ref="#HM"/></item><item><persName ref="#LE"/></item><item><persName ref="#PF"/></item><item><persName role="président" ref="#JB"/></item><item><persName role="secrétaire" ref="#JJ"/></item></list></meeting></bibl>
     </sourceDesc>
   </fileDesc>
   
   <revisionDesc>
     <listChange><change when="2016-04-21T21:29:24Z">Oulipo specific tags added</change>
      <change>
        <date>2016-04-21T20:56:15Z</date>
        <name>Susie Cronin</name>
      </change>
     </listChange>
   </revisionDesc>
  </teiHeader>
  <text type="CR">
   <body><pb xml:id="p1" n="1"/>
     
     
     
     
     
     
     
     
     
     
     
     <p rend="incipit">Oulipo, réunion du jeudi 21 juin 1984, de 11h30 à 15h</p>
     <p rend="incipit">Présents : <persName>Paul Braffort</persName> qui reçoit, avec <persName>Emilie Scheffer</persName>, <persName>Jacques Bens</persName> (Président de séance), <persName>Jacques Jouet</persName> (secrétaire), <persName>Noël Arnaud</persName>, <persName>Marcel Bénabou</persName>, <persName>Harry Mathews</persName>, Luc Etienne, <persName>Paul Fournel</persName>.</p>
     <p rend="incipit">
      <persName>François Caradec</persName>, annoncé, ne viendra pas.</p>
     <p rend="incipit">Excusés : <persName>Michèle Métail</persName> et <persName>Jean Lescure</persName> et <persName>Jean Queval</persName>, et <persName>Jacques Roubaud</persName>, d’une certaine façon.</p>
     <p><label type="rubrique">Créations</label></p>
     <list type="unordered">
      <item>
        <persName>Jacques Jouet</persName> propose : « <term>Homophonie</term> à double tranchant ». (<ref>ci-joint</ref>)</item>
      <item>
        <persName>Marcel Bénabou</persName> poursuit son investigation du <term>langage</term> cuit et recuit en se penchant sur des <term>locutions</term> ou <term>expressions</term>, sans forme verbale. Ex : un éléphant dans un magasin de porcelaine.</item>
    </list>
     <p>
      <term>Combinaisons-greffes</term> à l’aide de titres de livres.</p>
     <p>
      <persName>Harry Mathews</persName> suggère que ce travail soit effectué en recourant à une <term>contrainte</term> supplémentaire, comme par ex. la <term>rime</term>, afin de corser un peu la difficulté.</p>
     <list type="unordered">
      <item>
        <persName>Harry Mathews</persName> lance un débat aussi passionnant que difficile à résumer sur l’utilisation des <term>contraintes</term> oulipiennes hors du giron de l’Oulipo (1).</item>
      <item>
        <persName>Agnès Rosenstiehl</persName> a écrit « <title>zéro faute</title> » que nous lit <persName>Marcel Bénabou</persName> : une dictée dans laquelle il serait impossible de faire une faute (choix de mots s’écrivant « comme ça se prononce »).</item>
    </list>
     <p><label type="rubrique">Actions</label></p>
     <list type="unordered">
      <item>
        <name type="manif">Le colloque Queneau à Limoges</name> a fait un tabac (120-150 personnes). <persName>Bens</persName>, <persName>Arnaud</persName>, <persName>Fournel</persName> et <persName>Blavier</persName> y étaient et intervinrent. Bientôt les <title>Actes</title>. Pour 1985, <name type="manif">Colloque Oulipo</name> si on veut. On veut !</item>
    </list>
     <p>
      <persName>Bens</persName> : « Ce que tu ne peux éviter, gère-le. « <persName>Paul Fournel</persName> doit négocier tout ça, quand le président <persName>Arnaud</persName> aura officiellement dit oui.</p>
     <list type="unordered">
      <item>
        <name type="manif">Villeneuve-les-Avignon</name>. Derniers détails à régler, mais 23000,00 f sont considérés comme insuffisants.</item>
      <item>Décision d’une lettre collective à <persName>Jacques Roubaud</persName> lui assurant qu’il nous manque</item>
      <item>…comme nous manque <persName>Jean Lescure</persName> dont l’activité au <name type="manif">stage OuLiPo de Rajat</name> (ça n’est pas dans le Beaujolais ! tonne <persName>Harry</persName>) nous laisse bien augurer de sa réapparition prochaine.</item>
      <item>Hommage à <persName>François le Lionnais</persName>. Décision de traiter l’affaire rondement lors d’un <name type="manif">séminaire au Moulin d’Andé</name>, les 5 au soir, 6 et 7 octobre prochains.</item>
      <item>Appartement <persName>Le Lionnais</persName>. <persName>Fournel</persName> a rencontré la ville de Boulogne (c’est une façon de parler) qui semble confirmer son souhait de se porter acquéreur, l’OuLiPo assurant maintenance et entretien grâce à la générosité de l’Alamo béni des dieux.</item>
      <item>
        <persName>Braffort</persName> relance l’<orgName>I.P.U.</orgName> (<orgName>Institut de la potentialité universelle</orgName>).</item>
      <item>L’<orgName>Oulipopo</orgName> va bien. Il propose que les grands détectives soient désormais handicapés (aveugles, sourds-muets…)</item>
    </list>
     
      <pb xml:id="p2" n="2"/>
    
     <list type="unordered">
      <item>« <title>La nouvelle barre du jour</title> » (revue québécoise) propose de publier des textes oulipiens écrits par des oulipiens. Au programme d’Andé/octobre : opérer un choix dans les travaux récents.</item>
      <item>Sortie prochaine de <title>l’Art du palindrome phonétique</title> de <persName>Luc Etienne</persName>. Dans tous les bons kiosques.</item>
      <item>Prochaines réunions. Juillet Villeneuve. 21 août, heure et lieu à déterminer. </item>
    </list>
     <p>(1) <persName>Jacques Bens</persName> dit, en substance : L’OuLiPo a davantage convaincu le monde littéraire d’une <term>méthodologie de la contrainte</term>, qu’il n’a réellement exporté telle ou telle contrainte.</p>
   </body>
  </text>
</TEI>