<?xml version="1.0" encoding="UTF-8"?><?xml-model href="../difdepo.rnc" type="application/relax-ng-compact-syntax"?><TEI xmlns="http://www.tei-c.org/ns/1.0" xml:id="t10010247-1982-02-cv">
  <teiHeader>
   <fileDesc>
     <titleStmt>
      <title>Transcription du scan 10010247 pp. 1 à 1 (CV) : version TEI</title><respStmt><resp>transcription</resp><name>ONE</name></respStmt>
      
     </titleStmt>
     
     <publicationStmt>
      <p>Edition numérique distribué par le projet ANR DifDePo</p>
     </publicationStmt>
     <sourceDesc>
      <bibl><idno>t10010247-1982-02-cv</idno><title>Convocation à <ref target="difdepo:t10010247-1982-02">une réunion Oulipo</ref>, envoyée le <date when="1982-02-01"/> par <persName role="expéditeur">PF</persName> Destinataire : <persName role="destinataire">XX</persName></title></bibl>
     </sourceDesc>
   </fileDesc>
   
   <revisionDesc>
     <listChange><change when="2016-04-21T21:29:19Z">Oulipo specific tags added</change>
      <change>
        <date>2016-04-21T20:55:35Z</date>
        <name>ONE</name>
      </change>
     </listChange>
   </revisionDesc>
  </teiHeader>
  <text type="CV">
   <body><pb xml:id="p1" n="1"/>
     
     
     
     
     
     
     
     
     
     
     
     <p rend="incipit">Paris, le 1<hi>er</hi> février 82</p>
     <p>Chers oulipotes,</p>
     <p>La prochaine réunion de <orgName>l’oulipo</orgName> aura lieu le vendredi 19 février 1982 à 11 heures chez <persName>Marcel</persName> et <persName>Isabelle BENABOU</persName>, 48, rue du capitaine Marchal 75020 Paris (361.40.39).</p>
     <p>Notre invité d’honneur sera <persName>Jacques Jouet</persName>.</p>
     <p>Retournez la découpe ci-dessous pour faciliter la tâche des hôtes. Merci.</p>
     <p>Bien à vous,</p>
     <p>
      <persName>Paul Fournel</persName>
    </p>
     <p>un secrétaire</p>
   </body>
  </text>
</TEI>