<?xml version="1.0" encoding="UTF-8"?><?xml-model href="../difdepo.rnc" type="application/relax-ng-compact-syntax"?><TEI xmlns="http://www.tei-c.org/ns/1.0" xml:id="t10010271-1984-05-cr">
  <teiHeader>
   <fileDesc>
     <titleStmt>
      <title>Transcription du scan 10010271 pp. 2 à 2 (CR) : version TEI</title><respStmt><resp>transcription</resp><name>Susie Cronin</name></respStmt>
      
     </titleStmt>
     
     <publicationStmt>
      <p>Edition numérique distribué par le projet ANR DifDePo</p>
     </publicationStmt>
     <sourceDesc>
      <bibl><idno>t10010271-1984-05-cr</idno><meeting xml:id="t10010271-1984-05"><date when="1984-05-29"/><placeName>Chez PB</placeName><list type="present"><item><persName ref="#LE"/></item><item><persName ref="#MM"/></item><item><persName ref="#PB"/></item><item><persName ref="#MB"/></item><item><persName role="président" ref="#HM"/></item><item><persName role="secrétaire" ref="#JJ"/></item></list></meeting></bibl>
     </sourceDesc>
   </fileDesc>
   
   <revisionDesc>
     <listChange><change when="2016-04-21T21:29:23Z">Oulipo specific tags added</change>
      <change>
        <date>2016-04-21T20:56:07Z</date>
        <name>Susie Cronin</name>
      </change>
     </listChange>
   </revisionDesc>
  </teiHeader>
  <text type="CR">
   <body><pb xml:id="p2" n="2"/>
     
     
     
     
     
     
     
     
     
     
     
     <p rend="incipit">Oulipo, réunion du Mardi 29 mai 1984, de 11h30 à 15h</p>
     <p rend="incipit">Présents : <persName>Paul Braffort</persName> qui reçoit, avec <persName>Héloïse Neffs</persName>, <persName>Harry Mathews</persName> (Président de séance), <persName>Jacques Jouet</persName> (secrétaire), <persName>Luc Etienne</persName>, <persName>Michèle Métail</persName>, <persName>Marcel Bénabou</persName>. </p>
     <p rend="incipit">Excusés : <persName>Paul Fournel</persName>, <persName>Jacques Roubaud</persName>, <persName>Jean Queval</persName>.</p>
     <p><label type="rubrique">Créations :</label></p>
     <list type="unordered">
      <item>
        <persName>Paul Braffort</persName> lit quatre « <title>morale élémentaire</title> », éléments d’un ambitieux projet quasi encyclopédique (avec la morale élémentaire, on peut tout dire…). Thèmes du jour : la <term>linguistique mathématique</term>, <persName>Charles Trénet</persName>, <persName>Georges Simenon</persName>, <persName>Queneau</persName>.</item>
      <item>: <persName>Jacques Jouet</persName> lit « <title>S+7 par lui-même</title> », <term>S+7</term> définissant l’<term>S+7</term>.</item>
      <item>:<persName>Marcel Bénabou</persName> lit les textes reçus (<term>tautogrammes</term>) de <persName>Aline Roussel</persName> et <persName>Constantin Kaïteris</persName>.</item>
    </list>
     <p><label type="rubrique">Erudition :</label></p>
     <p>
      <persName>Paul Braffort</persName> mentionne un article de <persName>Virbel</persName> sur les <term>jeux littéraires</term>, qui parle de l’Oulipo</p>
     <p>Il poursuit avec un article d’<persName>Yves Lecerf</persName> (<title>Poétique numéro 18, 1974</title>) mentionnant des <term>manipulations littéraires</term>, <term>inclusions</term>…</p>
     <p><label type="rubrique"> Actions</label></p>
     <p>
      <persName>Luc Etienne</persName> donne lecture d’une lettre de <persName>Ross Chambers</persName> qui parle avec force réserves d’une <term>traduction</term> américaine en cours de <title>W</title> de <persName>Perec</persName>.</p>
     <list type="unordered">
      <item>
        <persName>Luc Etienne</persName> informe que <persName>Patrick Lefur</persName> (<orgName>France-inter</orgName>, <orgName>Adrénaline</orgName>) causerait volontiers avec des oulipiens.</item>
      <item>
        <persName>Harry Mathews</persName> distribue des questionnaires à remplir et expédier à <persName>Warren Motte</persName> pour l’édition <orgName>USA-Nebraska</orgName> de textes oulipiens.</item>
      <item>
        <persName>Paul Braffort</persName> donne les dernières nouvelles de juillet à <name type="manif">Villeneuve-lès-Avignon</name>. <orgName>OuLiPo</orgName>, du 9 au 13 (<persName>Arnaud</persName>, <persName>Métail</persName>, Jouet et <persName>Bénabou</persName> les 3 premiers jours ; visite éventuelle de <persName>Bens</persName> et <persName>Fournel</persName>). <persName>Alamo</persName>, du 9 au 19, mais repos le week-end (<persName>Balpe</persName>, <persName>Braffort</persName>, <persName>Balazard</persName>, Lusson, <persName>Modiano</persName>).</item>
      <item>
        <persName>Harry Mathews</persName> a parlé de l’Oulipo à Lublin (Pologne).</item>
      <item>
        <persName>Harry Mathews</persName> publie un poème à <term>perverbes</term> dans <title>PO&amp;SIE no.28</title>.</item>
      <item>
        <persName>Marcel Bénabou</persName> fait état du fait que la présidence de la république ne semble pas enthousiaste à l’idée de faciliter l’acquisition par l’OuLiPo de l’appartement <persName>Le Lionnais</persName>. La ville de Boulogne serait plus empressée.</item>
      <item>
        <persName>Marcel Bénabou</persName> nous met sous les yeux un chèque de 1671,41f signé <orgName>Gallimard</orgName>. (Diffusion 1500 ex. 83 Oulipo et <orgName>Atlas</orgName>)</item>
    </list>
     <p>Hommage à <persName>François Le Lionnais</persName>
    </p>
     <p>:On fait le point. <persName>Marcel Bénabou</persName> n’a rien trouvé d’inédit, pas de 3<hi>ème</hi> manifeste publiable dans les papiers de <persName>FLL</persName>
    </p>
     <p>
      <persName>Luc Etienne</persName> a une chanson sur les prénoms d’oulipiens.</p>
     <p>On reparle de l’idée <persName>Roubaud</persName>/<persName>Caradec</persName> : dans l’activité de <persName>FLL</persName>, la dimension des projets, « nouvelle <term>heuristique</term> », dit <persName>Braffort</persName>, la vie de <persName>FLL</persName> considérée comme un « ouvroir de <term>potentialités potentielles</term> » (<orgName>OuPoPo</orgName>).</p>
     <p>L’hommage pourrait rassembler des récits de projets <persName>FLL</persName>, et des utopies de même farine imaginées par nous.</p>
     <p>
      <persName>Harry Mathews</persName> a un train à prendre. Il nous laisse aux menus propos.</p>
   </body>
  </text>
</TEI>