<?xml version="1.0" encoding="UTF-8"?><?xml-model href="../difdepo.rnc" type="application/relax-ng-compact-syntax"?><TEI xmlns="http://www.tei-c.org/ns/1.0" xml:id="t10010014-1961-12-cr">
  <teiHeader>
   <fileDesc>
     <titleStmt>
      <title>Transcription du scan 10010014 pp. 1 à 6 (CR) : version TEI</title><respStmt><resp>transcription</resp><name>Chris</name></respStmt>
      
     </titleStmt>
     
     <publicationStmt>
      <p>Edition numérique distribué par le projet ANR DifDePo</p>
     </publicationStmt>
     <sourceDesc>
      <bibl><idno>t10010014-1961-12-cr</idno><meeting xml:id="t10010014-1961-12"><date when="1961-12-19"/><list type="present"><item><persName ref="#JQ"/></item><item><persName ref="#RQ"/></item><item><persName ref="#AMS"/></item><item><persName ref="#FLL"/></item><item><persName ref="#L"/></item><item><persName ref="#JL"/></item><item><persName ref="#NA"/></item><item><persName ref="#JB"/></item><item><persName role="président" ref="#JD"/></item><item><persName role="secrétaire" ref="#JB"/></item></list></meeting></bibl>
     </sourceDesc>
   </fileDesc>
   
   <revisionDesc>
     <listChange><change when="2016-04-21T21:29:02Z">Oulipo specific tags added</change>
      <change>
        <date>2016-04-21T20:53:09Z</date>
        <name>Chris</name>
      </change>
     </listChange>
   </revisionDesc>
  </teiHeader>
  <text type="CR">
   <body><pb xml:id="p1" n="1"/>
     
     
     
     
     
     
     
     
     
     
     
     <p rend="incipit">Circulaire no. 16</p>
     <p rend="incipit">OUVOIR DE</p>
     <p rend="incipit">LITTERATURE</p>
     <p rend="incipit">POTENTIELLE</p>
     <p rend="incipit">COMPTE-RENDU DE LA REUNION DU MARDI 19 DECEMBRE 1961</p>
     <p rend="incipit">Présents : <persName>QUEVAL</persName>, <persName>QUENEAU</persName>, <persName>SCHMIDT</persName>, <persName>LE LIONNAIS</persName>, <persName>LATIS</persName>, <persName>LESCURE</persName>, <persName>DUCHATEAU</persName>, <persName>ARNAUD</persName>, <persName>BENS</persName>.</p>
     <p rend="incipit">Président : <persName>Jacques DUCHATEAU</persName>
    </p>
     <p>
      <persName>LE LIONNAIS</persName> : Je suis amené à demander une condamnation grave, voire la peine de mort, contre un des membres les plus éminents de l’OuLiPo, et d’ailleurs un ami très cher, j’ai nommé <persName>Jean Lescure</persName>, <persName>Jean Lescure</persName> dont vous savez qu’il a acquis une certaine réputation dans le monde des lettres en écrivant un roman intitulé <title>Les Chevaliers de la mouche à miel</title>. Ceci dit, j’en arrive à ma plainte. Il y a quelques jours, je me suis trouvé en face d’une personne étrangère à l’OuLiPo qui m’a dit : “Qu’est-ce que c’est que cet OuLiPo ? Quand va-t-on m’inviter à déjeuner à l’OuLiPo ? etc.…” Il s’agit de <persName>Jacques de Bourbon-Busset</persName>, noble et ex, etc.</p>
     <p>
      <persName>QUENEAU</persName> (suraigu) : ha-ha-ha-ha… (Son rire se poursuit pendant les répliques suivantes.)</p>
     <p>
      <persName>LE LIONNAIS</persName> : Je lui ai dit : “Comment connaissez-vous l’existence de cette société, plus secrète et plus dangereuse que l’<orgName>OAS</orgName> ?” Il m’a dit : “C’est <persName>Jean Lescure</persName> qui m’a parlé de cela. ” Il a ajouté : “Quand m’invitez-vous ?”</p>
     <p>
      <persName>QUENEAU</persName> (continuant) : ha-ha-ha-ha…</p>
     <p>TOUS : ha-ha, ha-ha, ha-ha.</p>
     <p>
      <persName>LESCURE</persName> (inspiré) : Grave problème. Je plaide coupable, mais il faut que je cherche.</p>
     <p>
      <persName>BENS</persName> (froid) : Vous chercherez tout à l’heure. Faites voter en attendant.</p>
     <p>
      <persName>DUCHATEAU</persName> : Messieurs, qui est pour la peine de mort ? (Un temps.) Contre ? (Un temps.) La peine de mort est votée par l’unanimité contre deux voix.</p>
     <p>
      <persName>LE LIONNAIS</persName> : La question de l’invitation reste posée.</p>
     <p>
      <persName>LATIS</persName> : Il faut répondre que nos déjeuners sont des déjeuners de travail, auxquels n’assistent que des travailleurs.</p>
     <p>(Approbations diverses.)</p>
     <p>Le <persName>S.P</persName>. tire de sa serviette une <ref>lettre de Latis</ref> et la rend à <persName>Latis</persName> qui en donne lecture. (<ref>Texte de la lettre en annexe au présent compte-rendu</ref>.)</p>
     <p>
      <persName>DUCHATEAU</persName> : Qui demande la parole ?</p>
     <p>
      <persName>BENS</persName> : Je crois que, grâce à cet appareil (geste vers le magnéto), de telles erreurs pourront être évitées à l’avenir. Je crois que ce serait dommage de supprimer les compte-rendus.</p>
     <p>
      <persName>QUENEAU</persName> : Toute publication de ce genre est, d’ordinaire, soumise à l’approbation des gens qui ont parlé. On leur envoie le texte pour pouvoir décanter le…les conneries qui auraient pu leur échapper, les marécages du langage oral, etc.… Mais ; pour nous, cela compliquerait beaucoup les choses.</p>
     <p>
      <persName>ARNAUD</persName> : D’autant plus qu’il ne s’agit pas ici de comptes-rendus publiés.</p>
     <p>
      <persName>QUENEAU</persName> : Bien sûr : c’est purement confidentiel. Du moins, je l’espère. (coup d’œil vers <persName>Lescure</persName>, qui baisse les yeux vers son assiette.)</p>
     <p>
      <persName>LE LIONNAIS</persName> : Je pense qu’on pourrait concilier les extrêmes en faisant des C.R. très secs, analytiques, portant sur l’essentiel de ce qui a été dit et qu’il ne faudrait pas laisser perdre.</p>
     <p>
      <persName>QUENEAU</persName> : Un avantage des C.R. très secs, c’est que <persName>B.B.</persName> n’aurait plus envie de venir.</p>
     <p>
      <persName>SCHMIDT</persName> : Moi, je continue à défendre les C.R. sous leur ancienne forme, parce qu’il semble que <persName>Bens</persName> tire la <term>potentialité</term> de nos propos et que c’est déjà, sinon quelque chose de réel et de fidèle, du moins une sorte d’œuvre collective dont il est le traducteur.</p>
     <p>
      <persName>QUENEAU</persName> : Je suis tout à fait de cet avis.</p>
     <p>
      <persName>DUCHATEAU</persName> : Messieurs, je mets l’existence future des C.R. aux voix. Pour ? Contre ? Merci. Pour : unanimité. Contre : une voix.</p>
     <p>
      <persName>Bens</persName> donne lecture d’un <ref>Projet d’éléments de Statuts</ref>.</p>
     
      <pb xml:id="p2" n="2"/>
    
     <p>
      <persName>DUCHATEAU</persName> : Ces éléments de statuts seront joints au C.R. de la présente séance. Nous en discuterons au cours du prochain déjeuner.</p>
     <p>On parle de la bande du <title>Dossier OuLiPo</title>. Sans résultat.</p>
     <p>On parle du service de presse du même <title>Dossier</title>.</p>
     <p>On reparle de la bande. Après une longue délibération, on adopte, sur proposition de <persName>Le Lionnais</persName>, améliorée par <persName>R.Q</persName>., <persName>A.M.S</persName>., <persName>J.Q.</persName> et <persName>J.L</persName>. : <term>PATALEGOMENES</term> A DES POETIQUES FUTURES QUI VOUDRONT BIEN SE PRESENTER COMME TELLES</p>
     <p>
      <persName>Bens</persName> : Je crois que nous devrions, cette année, étudier plus particulièrement les questions théoriques :</p>
     <list type="ordered">
      <item>Définition et limites de la <term>potentialité</term>. Pour cela :</item>
      <item>Analyse des différentes <term>potentialités</term>. Notamment : <term>LiPo analytique</term> et <term>LiPo synthétique</term>.</item>
      <item>Exemple. Je me suis demandé si, dans nos activités personnelles, extérieures à l’OuLiPo, il nous est possible de réaliser une <term>œuvre potentielle</term>. Personnellement, je réponds non. Parce que je crois que le propre d’une œuvre achevée est précisément de n’être pas (ou plus) potentielle ; je crois qu’une œuvre mérite le titre d’œuvre quand on ne peut plus rien en tirer—quand l’auteur en a tiré le maximum. J’ai un très bon exemple à vous présenter : les <title>CENT MILLE MILLIARDS DE POEMES</title>, qui représentent la seule œuvre <term>potentielle</term> du tout parce que l’auteur en a envisagé et tiré toutes les <term>possibilités</term> possibles (sic). On ne peut absolument plus rien en faire. De la même manière, <term>les poèmes d’une seule lettre</term> proposée par <persName>Le Lionnais</persName> ne contiennent plus aucune <term>potentialité</term> dès l’instant qu’ils accèdent à l’<term>existence</term>. </item>
    </list>
     <p>
      <persName>LE LIONNAIS</persName> : A mon avis, le mot <term>potentiel</term> ne caractérise pas des œuvres, mais des procédés. Est de la <term>LiPo</term>, l’invention du <term>sonnet</term>. Un <term>sonnet</term>, c’est une <term>œuvre</term>, mais son invention, c’est de la <term>LiPo</term>. A côté du cas des <term>œuvres-limites qui</term> épuisent tout leur contenu, il y a des <term>procédés illimités</term>. Ce sont ceux-là qui nous intéressent. Les cas limites sont intéressants, soit pour nous distraire, soit</p>
     
      <pb xml:id="p3" n="3"/>
    
     <p>pour nous faire sentir les directions possibles de la <term>LiPo</term>. Je propose que, dans un prochain déjeuner, lorsque nous aurons réglé les problèmes du <title>Dossier et des Statuts</title>, nous tâchions de définir un peu mieux les avenues que nous pourrons prendre.</p>
     <p>
      <persName>ARNAUD</persName> : Je pense qu’il faudrait retenir, des propositions précédentes, l’idée des groupes de travail. Il peut y avoir, par exemple, un <orgName>groupe “pratique”</orgName> qui mettra en œuvre les procédés définis par le <orgName>groupe “théorique”.</orgName>
    </p>
     <p>
      <persName>BENS</persName> : Je voudrais répondre à <persName>Le Lionnais</persName>. Je me suis demandé : “Comment peut-on écrire un livre, par exemple, qui ait un certain <term>caractère potentiel</term> ? Donc : quels sont ceux qui possèdent ce caractère et ceux qui ne le possèdent pas ?” C’est une question qui me paraît importante et que l’on ne peut pas résoudre uniquement avec des raisons de mots. Il n’est pas suffisant de dire : “On va décider que <term>potentiel</term> s’appliquera à une méthode, et non pas à une œuvre.” Bon. Alors, il faudra trouver un autre mot pour l’œuvre, mais la question reste posée quand même.</p>
     <p>
      <persName>LATIS</persName> : Il me semble qu’une œuvre peut nous satisfaire, au point de vue de la <term>potentialité</term>, si, comme dans les <title>CENT MILLE MILLIARDS DE POEMES</title>, l’auteur y inclut volontairement, sciemment, techniquement, une <term>potentialité</term>. C’est bien là la <term>littérature potentielle</term> qui nous intéresse et que nous avons à promouvoir. Comment écrire de pareilles choses, voilà un problème qui, me semble-t-il, est au premier rang des préoccupations de l’OuLiPo.</p>
     <p>
      <persName>LE LIONNAIS</persName> : Il y a deux sens au mot <term>potentialité</term>. Il y a la potentialité qui permet d’écrire (par des méthodes potentielles) des millions de livres tout différents dans une forme nouvelle, par exemple la forme combinatoire qui est celle des <title>CENT MILLE MILLIARDS DE POEMES</title>. Et puis il y a la <term>potentialité</term> interne à l’œuvre, celle qui donne 26 possibilités avec les poèmes d’une lettre, ou cent mille milliards avec les <term>sonnets</term> de <persName>Queneau</persName>.</p>
     <p>
      <persName>QUEVAL</persName> : C’est simplement une réflexion sur ce qu’on a dit jusqu’ici, que j’ai divisée en 10 points, et qui aboutit à une proposition très limitée. Cette note pourrait s’appeler : NOTE – OU – SUR LA POSSIBILITE ET L’IMPOSSIBILITE D’UNE REDUCTION DE LA <term>REDONDANCE</term> ABSOLUE ET RELATIVE.</p>
     <p>(Au cours de sa lecture, <persName>Queval</persName> a parfois omis d’annoncer les numéros des points. J’indique seulement ceux qu’il a fait apparaître. Les numéros intermédiaires se dégageront, sans doute, d’eux-mêmes. N.D.S.P.)</p>
     
      <pb xml:id="p4" n="4"/>
    
     <list type="unordered">
      <item>Premier point. Trois remarques dignes d’attention dans ce qui s’est dit au cours de précédentes réunions : <persName>Albert-Marie Schmidt</persName> a dit : “Pour la première fois, une tentative objective d’appréhension et d’appréciation de la littérature…” ; on a employé souvent le terme <term>redondance</term> ; <persName>Raymond Queneau</persName> a utilisé l’expression “siècle de la science”. On arrive ainsi à une formulation : AU SIECLE DE LA SCIENCE, L’<term>OBJECTIVITE</term> BANNIT LA <term>REDONDANCE</term>.</item>
      <item>Deuxième point. Il y a deux notions de la <term>redondance</term>. Dans l’enfer de la <term>redondance</term> au sens communément accepté, on peut jeter <persName>Lamartine</persName> et <persName>Hugo</persName>, mais aussi bien <persName>Bossuet</persName> et <persName>Sartre</persName>. En contre-épreuve, on aurait, par exemple, les <title>Pensées</title> d’<persName>Alain</persName>, les <title>Contes</title> de <persName>Maupassant</persName> et les <title>Pensées</title> de <persName>Valéry</persName>. Maintenant, c’est différent : <persName>Raymond Queneau</persName> trouve la <term>redondance</term> chez <persName>Mallarmé</persName>, et <persName>Latis</persName> chez <persName>Queneau</persName>.</item>
      <item>Troisième point. <persName>Braffort</persName> nous a dit : “Chez <persName>Corneille</persName> et <persName>Racine</persName>, il y a très peu d’information.” On peut alors dire : AU SIECLE DE LA SCIENCE, L’<term>OBJECTIVITE</term> ABOUTIT A L’<term>INFORMATION</term>. Nous arrivons maintenant à une nouvelle forme d’<term>information</term> : communication d’hypothèses de recherches et de progrès dans une découverte faite à des pairs.</item>
      <item>C’était le cinquième point. ( !)</item>
      <item>Sixième point. Encore faut-il y introduire la littérature. Je ne m’engage pas dans cette voie, parce que je ne la vois pas très clairement.</item>
      <item>Septième point. En-deçà de cette littérature de recherche (donc, parascientifique), il y a le <term>phénomène des bardes</term>. Je suppose qu’à l’origine, c’est la <term>prophétie</term> par le Verbe. Etant donné qu’on ne sait rien, on essaie de deviner par une <term>projection prophétique</term> (prophétique entre guillemets) du Verbe. On n’est plus dans le domaine de la connaissance, mais dans un domaine paramusical. J’ai l’air de dire des choses raboutées un peu gratuitement. En réalité, c’est pour arriver à mon :</item>
      <item>Huitième point. La <term>redondance</term>, selon la notion nouvelle de <term>redondance</term> que nous avons acquise tout à l’heure, la <term>redondance</term> est liée chez le <term>barde</term>, et chez tout le monde, à l’approximation. Parce qu’on ne peut pas “démontrer”, on veut convaincre par la surcharge, la grossissement, la répétition, et même un effet de terreur. Il y a peut-être un effet de terreur chez <persName>Bossuet</persName>, dans les <title>Oraisons funèbres</title>. Il y a un effet de terreur chez <persName>Sartre</persName>, si l’on veut, dans l’effervescence exégétique. En réalité, si la <term>redondance</term> est liée à l’approximation, on peut se demander pourquoi, ce qui me conduit au neuvième point.</item>
    </list>
     <list type="unordered">
      <item>
        <pb xml:id="p5" n="5"/>
      </item>
      <item>Neuvième point. Il y a toujours approximation, parce que nous sommes toujours dans un monde de traduction. Si l’un d’entre nous veut faire le point d’une question d’ordre universel, il ne peut pas le faire sans rassembler des ouvrages empruntés à des langues diverses. La pluralité du langage humain est une espèce d’aveu d’impuissance, une espèce d’évidence de l’approximation. Autrement dit, on arriverait à la non-approximation, donc à la non-redondance si on était dans la mathématique, c’est-à-dire sur une base solide qui permette un développement dynamique. Ce n’est pas le cas. D’ailleurs, dans le cadre d’une seule langue, nous sommes toujours dans le phénomène de traduction puisqu’on réexplique ce qu’on estime mal expliqué.</item>
      <item>Dixième point. On peut peut-être essayer de faire les plus simples des <term>sonnets</term> en limitant le risque de <term>redondance</term>, ou plutôt en limitant le risque de l’usage de la grammaire. Si l’on n’employait que des infinitifs, on arriverait à une moindre utilisation du langage, peut-être à une moindre redondance. Or, l’infinitif peut se prêter à la description d’un état en développement. C’est peut-être “s’ennuyer”, “dormir”, “manger”, “aimer”. Alors, j’ai fait un sonnet sur “aimer”, qui pourrait s’appeler : L’EXPORATEUR S’EST PENCHE SUR LES MAMMIFERES. Je ne le donne pas du tout comme un bon poème, mais comme exemple. Je crois que la méthode est potentiellement limitée—mais enfin, elle est amusante. Voici le <term>sonnet</term>. (Il y a des <term>néologismes</term>, ce qui est intéressant, parce que dans les cas douteux, il vaut mieux … Bon.)</item>
    </list>
     <p>(Le <ref>sonnet</ref> se trouve en annexe. N.D.S.P.)</p>
     <p>Il est tard. Certains, pris par des obligations professionnelles, se sont déjà discrètement éclipsés. Après un vote laborieux sur le libellé définitif de la bande du Dossier, la séance se termine dans la confusion verbale la plus grande.</p>
     <p>Pour copie super-conforme</p>
     <p>
      <persName>J.B.</persName>
    </p>
   </body>
  </text>
</TEI>