<?xml version="1.0" encoding="UTF-8"?><?xml-model href="../difdepo.rnc" type="application/relax-ng-compact-syntax"?><TEI xmlns="http://www.tei-c.org/ns/1.0" xml:id="t10010274-1984-08-cv">
  <teiHeader>
   <fileDesc>
     <titleStmt>
      <title>Transcription du scan 10010274 pp. 1 à 1 (CV) : version TEI</title><respStmt><resp>transcription</resp><name>Susie Cronin</name></respStmt>
      
     </titleStmt>
     
     <publicationStmt>
      <p>Edition numérique distribué par le projet ANR DifDePo</p>
     </publicationStmt>
     <sourceDesc>
      <bibl><idno>t10010274-1984-08-cv</idno><title>Convocation à <ref target="difdepo:t10010274-1984-08">une réunion Oulipo</ref>, envoyée le <date when="1984-08-01"/> par <persName role="expéditeur">PF</persName> Destinataire : <persName role="destinataire">XX</persName></title></bibl>
     </sourceDesc>
   </fileDesc>
   
   <revisionDesc>
     <listChange><change when="2016-04-21T21:29:26Z">Oulipo specific tags added</change>
      <change>
        <date>2016-04-21T20:56:29Z</date>
        <name>Susie Cronin</name>
      </change>
     </listChange>
   </revisionDesc>
  </teiHeader>
  <text type="CV">
   <body><pb xml:id="p1" n="1"/>
     
     
     
     
     
     
     
     
     
     
     
     <p rend="incipit">Oulipo</p>
     <p rend="incipit">Brigadiers,</p>
     <p>L’<orgName>Ouvroir</orgName> se réunira le vendredi 21 septembre à 11h30 chez <persName>Paul Braffort</persName>. Pour aider cet oulipien dynamique dans ses tâches de restaurateur retournez-lui dare-dare la découpe traditionnelle. Pensez à la rubrique création et à l’ordre du jour du <name type="manif">congrès d’Andé</name>.</p>
     <p>Amitiés à tous,</p>
     <p>
      <persName>Paul</persName> 
    </p>
     <p>Un secrétaire </p>
   </body>
  </text>
</TEI>