<?xml version="1.0" encoding="UTF-8"?><?xml-model href="../difdepo.rnc" type="application/relax-ng-compact-syntax"?><TEI xmlns="http://www.tei-c.org/ns/1.0" xml:id="t10010053-1965-03-08-oj">
  <teiHeader>
   <fileDesc>
     <titleStmt>
      <title>Transcription du scan 10010053 pp. 22 à 22 (OJ) : version TEI</title><respStmt><resp>transcription</resp><name>Invité</name></respStmt>
      
     </titleStmt>
     
     <publicationStmt>
      <p>Edition numérique distribué par le projet ANR DifDePo</p>
     </publicationStmt>
     <sourceDesc>
      <bibl><idno>t10010053-1965-03-08-oj</idno><title>Ordre de jour de <ref target="difdepo:t10010053-1965-03-08">la réunion Oulipo</ref> du <date when="1965-03-08"/></title></bibl>
     </sourceDesc>
   </fileDesc>
   
   <revisionDesc>
     <listChange><change when="2016-04-21T21:29:10Z">Oulipo specific tags added</change>
      <change>
        <date>2016-04-21T20:54:12Z</date>
        <name>Invité</name>
      </change>
     </listChange>
   </revisionDesc>
  </teiHeader>
  <text type="OJ">
   <body><pb xml:id="p22" n="22"/>
     
     
     
     
     
     
     
     
     
     
     
     <p>
      
        <note place="comment" resp="Clara_de_Raigniac">
         <date when="2016-01-04T23:51:00Z"/>Quand il y a plusieurs ordres du jours comme ça, je propose de TOUS les recopier ; il y a souvent des petites variation manuscrites qu’il ne serait pas scientifique de compiler.</note>
      
    </p>
     <p rend="incipit">OuLiPo</p>
     <p rend="incipit">Réunion du 7 Pédale 93</p>
     <p rend="incipit">(vulg : Lundi 8 Mars 1965)</p>
     <p rend="incipit">Projet d’ordre du jour</p>
     <p><label type="rubrique">CREATION</label></p>
     <list type="ordered">
      <item><gap/>// <persName>Braffort</persName> ; <gap/> selon pays 
         <note place="comment" resp="Invité">
           <date when="2015-12-10T16:28:00Z"/>Sur la page 1 du scan 10010053 il y a écrit Les Cerveaux Réunis ; Que dois-je noter ?</note>
        
      </item>
      <item><gap/> n°4</item>
      <item/>
      <item/>
      <item/>
    </list>
     <p><label type="rubrique">QUESTIONS ADMINISTRATIVES</label></p>
     <list type="ordered">
      <item><gap/> <unclear>SIA</unclear> <gap/> = imitation faite par personne <persName>FLL</persName>
      </item>
      <item>
        <persName>Braffort</persName>
      </item>
      <item>
        <persName>Bens</persName>_le Midi <gap/>]</item>
      <item/>
      <item>Invité d’honneur = <persName>R. Faure</persName> 
      </item>
      <item>Prochaine date. </item>
    </list>
     <p><label type="rubrique">RELATIONS EXTERIEURES</label></p>
     <list type="ordered">
      <item>Conversation avec le <persName>Professeur Puech</persName> sur les <term>religions potentielles</term>
      </item>
      <item>Exercises d’un jeune Oulipien (<persName>David Sullerot</persName>)</item>
    </list>
   </body>
  </text>
</TEI>