<?xml version="1.0" encoding="UTF-8"?><?xml-model href="../difdepo.rnc" type="application/relax-ng-compact-syntax"?><TEI xmlns="http://www.tei-c.org/ns/1.0" xml:id="t10010053-1965-03-29-cr">
  <teiHeader>
   <fileDesc>
     <titleStmt>
      <title>Transcription du scan 10010053 pp. 11 à 14 (CR) : version TEI</title><respStmt><resp>transcription</resp><name>Invité</name></respStmt>
      
     </titleStmt>
     
     <publicationStmt>
      <p>Edition numérique distribué par le projet ANR DifDePo</p>
     </publicationStmt>
     <sourceDesc>
      <bibl><idno>t10010053-1965-03-29-cr</idno><meeting xml:id="t10010053-1965-03-29"><date when="1965-03-29"/><list type="present"><item><persName ref="#RQ"/></item><item><persName ref="#NA"/></item><item><persName ref="#FLL"/></item><item><persName ref="#JD"/></item><item><persName ref="#JL"/></item><item><persName role="président" ref="#L"/></item><item><persName role="secrétaire" ref="#JD"/></item></list></meeting></bibl>
     </sourceDesc>
   </fileDesc>
   
   <revisionDesc>
     <listChange><change when="2016-04-21T21:29:10Z">Oulipo specific tags added</change>
      <change>
        <date>2016-04-21T20:54:16Z</date>
        <name>Invité</name>
      </change>
     </listChange>
   </revisionDesc>
  </teiHeader>
  <text type="CR">
   <body><pb xml:id="p11" n="11"/>
     
     
     
     
     
     
     
     
     
     
     
     <p rend="incipit">OUVROIR DE</p>
     <p rend="incipit">LITTERATURE</p>
     <p rend="incipit">POTENTIELLE</p>
     <p rend="incipit">Circulaire No.60</p>
     <p rend="incipit">COMPTE RENDU DE LA REUNION DU 29 MARS 1965</p>
     <p rend="incipit">PRESENTS : <persName>R. Queneau</persName>, <persName>F. Le Lionnais</persName>, <persName>J. Lescure</persName>, <persName>J. Duchateau</persName>, <persName>N. Arnaud</persName>
    </p>
     <p rend="incipit">PRESIDENT : <persName>LATIS</persName>
    </p>
     <p>Différents problèmes administratifs sont examinés avec le sérieux et l’esprit de décision qui conviennent :</p>
     <list type="ordered">
      <item>On se payera une secrétaire pour établir le texte des C.R. </item>
      <item>
        <persName>Latis</persName> nous propose de parler de nos travaux (depuis le cahier 17) dans le <ref>prochain numéro du cahier du collège</ref>.</item>
      <item>
        <persName>Felix Faure</persName> n’est pas <persName>R. Faure</persName> qui, absent aujourd’hui, se trouve réinvité.</item>
      <item>
        <ref>R.T.B</ref> (<name type="manif">Enregistrement de l’OuLiPo à Verviers</name>, introuvable) = <persName>Braffort</persName> (à suivre : <title>De la métamorphose d’un mythe Belge ou le Voyage à Verviers</title>).</item>
    </list>
     <p>
      <persName>LE LIONNAIS</persName> : <persName>Kreisel</persName> nous a entretenus, <persName>Queneau</persName>, <persName>Braffort</persName>, <persName>Berge</persName> et moi (L’<orgName>Oumapo</orgName>) du problème des <term>mots génériques</term>.</p>
     <p>
      <persName>LATIS</persName> (anxieux) : Et alors ?</p>
     <p>
      <persName>LE LIONNAIS</persName> : Nous n’avons toujours pas compris.</p>
     <p>
      <persName>LATIS</persName> (soulagé) : Donc j’avais compris, qu’il n’y avait rien à comprendre.</p>
     <p>
      <persName>QUENEAU</persName> : Nous avons vu que <persName>Braffort</persName> n’est pas semblable à <persName>Kreisel</persName>. A chaque fois que <persName>Kreisel</persName> suggérait quelque chose, par exemple : « Vous devriez lire l’article de Z. », <persName>Braffort</persName> répondait : « ça n’a aucun intérêt »</p>
     <p>
      <persName>LATIS</persName> : Il n’y avait donc rien à comprendre, néanmoins, je pense que <persName>Kreisel</persName> se référait à une notion réelle.</p>
     
      <pb xml:id="p12" n="12"/>
    
     <p>
      <persName>QUENEAU</persName> : Oui, il s’agit d’une définition très récente de la <term>Théorie des Ensembles</term>. On peut considérer l’<term>ensemble</term> :</p>
     <list type="ordered">
      <item>disons, vague. On dit l’ensemble des tas de sable, sans s’occuper de définir les tas de sable. </item>
      <item> l’<term>ensemble</term> dont au contraire, on définit très précisément chaque objet. </item>
      <item>l’<term>ensemble générique</term> est un ensemble dont les « éléments » apparaissent quasi-automatiquement. Il suffit pour ça d’avoir une information précise et partielle, c’est le <term>forcing</term>.</item>
    </list>
     <p>A ce moment, <persName>la serveuse</persName> apporte 4 Mutton-chop-haricot-vert, alors que nous les avions commandés pomme-fritte. Récriminations.</p>
     <p>
      <persName>LA SERVEUSE</persName> : Le Mutton-chop marche avec l’haricot-vert.</p>
     <p>
      <persName>QUENEAU</persName> : Voilà un exemple de <term>forcing</term> : « Mutton-chop donne haricot-vert qui va avec le dit Mutton-chop ».</p>
     <p>Suit un nouvel et édifiant intermède alimentaire. <persName>Queneau</persName> refuse une omelette fromage.</p>
     <p>
      <persName>QUENEAU</persName> : J’avais demandé au jambon. Je ne peux jamais avoir l’omelette que je désire.</p>
     <p>
      <persName>LA SERVEUSE</persName> : On va vous la changer.</p>
     <p>Puis elle revient avec la commande écrite de la main de <persName>Le Lionnais</persName>. « Vous aviez bien commandé une omelette fromage ».</p>
     <p>
      <persName>QUENEAU</persName> (perplexe) : Ah. Bon je la prends.</p>
     <p>
      <persName>DUCHATEAU</persName> : C’est encore les <term>ensembles génériques</term>.</p>
     <p>
      <persName>QUENEAU</persName> : Nous devons faire des exercices sur ces <term>ensembles</term>.</p>
     <p>
      <persName>ARNAUD</persName> : J’ai un travail à vous communiquer de la part de, un Belge.</p>
     <p>
      <persName>LATIS</persName> : <persName>Arnaud</persName> se laisse coloniser par les Belges.</p>
     <p>
      <ref>Annexe 1</ref>. (<ref>La méthode et les poèmes 1 et 111</ref>)</p>
     
      <pb xml:id="p13" n="13"/>
    
     <p>
      <persName>QUENEAU</persName> : C’est un crypto-belge et futur <term>lettrisme</term>.</p>
     <p>
      <persName>LATIS</persName> : C’est du bafouillage.</p>
     <p>
      <persName>LESCURE</persName> : La méthode est mauvaise.</p>
     <p>
      <persName>LATIS</persName> : Pas de méthode du tout.</p>
     <p>
      <persName>QUENEAU</persName> : <term>Ouliponégatif</term>.</p>
     <p>
      <persName>Le Lionnais</persName> nous fait part des <term>S+7</term> du jeune <persName>David Sullerot</persName> (7 ans)</p>
     <p>
      <ref>Annexe 2</ref>.</p>
     <p>Chacun parle des <term>isosyntaxismes</term> de <persName>Bens</persName> pour avouer qu’ils sont difficiles.</p>
     <p>
      <persName>Le Lionnais</persName> parle de l’algèbre de <persName>Dick</persName>. Il s’agit de <term>parenthèses croisées</term> = (…[…..)…]. il faudrait s’essayer avec <persName>Roussel</persName>.</p>
     <p>
      <persName>QUENEAU</persName> : ça avance.</p>
     <p>Bruit noir. Un mouton passe.</p>
     <p>
      <persName>QUENEAU</persName> : Je me suis amusé à écrire un petit <term>poème mnémo-technique</term> avec les rois de France en utilisant la première syllabe de leur nom.</p>
     <p>
      <persName>LESCURE</persName> : Pour l’empire ça donnerait ChaNaNa, Oulipo : ArBenBerDu, LaLeLiLes, QueQueSchmi.</p>
     
      <pb xml:id="p14" n="14"/>
    
     <p>Etrangers : BlaBra, ChaChaDu</p>
     <p>
      <persName>LE LIONNAIS</persName> (rêveur) : Dors mon petit quequeschmi, mon petit quequeschmi.</p>
     <p>Le S.P</p>
     <p>
      <persName>J.D</persName>
    </p>
   </body>
  </text>
</TEI>