<?xml version="1.0" encoding="UTF-8"?><?xml-model href="../difdepo.rnc" type="application/relax-ng-compact-syntax"?><TEI xmlns="http://www.tei-c.org/ns/1.0" xml:id="t10010280-1985-03-oj">
  <teiHeader>
   <fileDesc>
     <titleStmt>
      <title>Transcription du scan 10010280 pp. 2 à 2 (OJ) : version TEI</title><respStmt><resp>transcription</resp><name>Susie Cronin</name></respStmt>
      
     </titleStmt>
     
     <publicationStmt>
      <p>Edition numérique distribué par le projet ANR DifDePo</p>
     </publicationStmt>
     <sourceDesc>
      <bibl><idno>t10010280-1985-03-oj</idno><title>Ordre de jour de <ref target="difdepo:t10010280-1985-03">la réunion Oulipo</ref> du <date when="1985-03-29"/></title></bibl>
     </sourceDesc>
   </fileDesc>
   
   <revisionDesc>
     <listChange><change when="2016-04-21T21:29:30Z">Oulipo specific tags added</change>
      <change>
        <date>2016-04-21T20:57:05Z</date>
        <name>Susie Cronin</name>
      </change>
     </listChange>
   </revisionDesc>
  </teiHeader>
  <text type="OJ">
   <body><pb xml:id="p2" n="2"/>
     
     
     
     
     
     
     
     
     
     
     
     <p rend="incipit">Ordre du jour</p>
     <p><label type="rubrique">Propos d’Apéro</label></p>
     <p>
      <persName>PF</persName> : <persName>Italo Calvino</persName>
    </p>
     <p>
      <persName>JB</persName> : <persName>Emile Lessafre</persName>
    </p>
     <p>
      <persName>PB</persName> : Immatériaux</p>
     <p>
      <persName>MB</persName> : Don du Quebec</p>
     <p><label type="rubrique">Création</label></p>
     <p>
      <persName>HM</persName> : le <term>duel littéraire</term>
    </p>
     <p>
      <persName>PB</persName> : Projet de <persName>Paulette Perec</persName> 
    </p>
     <p>Collectif <persName>MB</persName> : guide de littérature</p>
     <p>
      <persName>JB</persName> : épouvantail</p>
     <p>
      <persName>FC</persName> : l’être supérieur</p>
     <p><label type="rubrique">Action</label></p>
     <p>
      <persName>MB</persName> : <name type="manif">Villeneuve</name>
    </p>
     <p>
      <persName>PF</persName> : <title>B.O.</title> 
    </p>
     <p>
      <persName>MB</persName> : <name type="manif">Limoges</name> + <persName>HM</persName>
    </p>
     <p>
      <persName>JB</persName> : Prospective Pavic</p>
     <p>
      <persName>MB</persName> : Espagne</p>
     <p><label type="rubrique">Erudition</label></p>
     <p>
      <persName>MB</persName> : <term>plagiaire</term> 
    </p>
     <p>
      <persName>HM</persName> : tireur à la ligne <term>poétique musical</term>
    </p>
     <p>
      <persName>FC</persName> : - un ho de lettres</p>
     <list type="unordered">
      <item>une curieuse exposition </item>
      <item>Maboulite <term>holorimeux</term>
      </item>
      <item>
        <term>Tragédie</term> classique</item>
    </list>
     <p>
      <persName>PB</persName> :</p>
     <p><label type="rubrique">Menus propos</label></p>
     <p>
      <persName>MB</persName> : création proposée</p>
     <p>
      <persName>HM</persName> : traduction de <title>La Vie Mode d’Emploi</title>
    </p>
   </body>
  </text>
</TEI>