<?xml version="1.0" encoding="UTF-8"?><?xml-model href="../difdepo.rnc" type="application/relax-ng-compact-syntax"?><TEI xmlns="http://www.tei-c.org/ns/1.0" xml:id="t10010235-1981-01-oj">
  <teiHeader>
   <fileDesc>
     <titleStmt>
      <title>Transcription du scan 10010235 pp. 26 à 26 (OJ) : version TEI</title><respStmt><resp>transcription</resp><name>Natalie Berkman</name></respStmt>
      
     </titleStmt>
     
     <publicationStmt>
      <p>Edition numérique distribué par le projet ANR DifDePo</p>
     </publicationStmt>
     <sourceDesc>
      <bibl><idno>t10010235-1981-01-oj</idno><title>Ordre de jour de <ref target="difdepo:t10010235-1981-01">la réunion Oulipo</ref> du <date when="1981-01-30"/></title></bibl>
     </sourceDesc>
   </fileDesc>
   
   <revisionDesc>
     <listChange><change when="2016-04-21T21:29:12Z">Oulipo specific tags added</change>
      <change>
        <date>2016-04-21T20:54:30Z</date>
        <name>Natalie Berkman</name>
      </change>
     </listChange>
   </revisionDesc>
  </teiHeader>
  <text type="OJ">
   <body><pb xml:id="p26" n="26"/>
     
     
     
     
     
     
     
     
     
     
     
     <p rend="incipit">Oulipo. 30 I 81</p>
     <p rend="incipit">Chez Fournel</p>
     <p rend="incipit">JR JG CB LE JB</p>
     <p><label type="rubrique">Créations</label></p>
     <list type="unordered">
      <item>
        <persName>JR</persName> 
        <title>Io et le loup 17</title> 
        <term>haïkaï</term> en <term>ouliporismes</term>
      </item>
      <item>
        <persName>PF</persName> 
      </item>
      <item>
        <term>Mini dramatique radiophonique</term>
      </item>
      <item>4e de couverture</item>
      <item>
        <persName>HM</persName> Divergence</item>
      <item>
        <persName>CB</persName> 
        <term>Poèmes infinis</term>
      </item>
      <item>
        <persName>MB</persName> par élèves</item>
      <item>
        <persName>JR Maarri</persName>
      </item>
      <item>
        <persName>PF</persName> 
        <term>plagiat par anticipation</term>
      </item>
      <item>
        <persName>JG Péguy</persName>
      </item>
      <item>
        <persName>LE</persName>
      </item>
    </list>
     <p><label type="rubrique">Action</label></p>
     <list type="unordered">
      <item>
        <persName>JQ</persName> inviter <persName>GP</persName> comme invité d’honneur</item>
      <item>
        <persName>PF</persName> 4e de couverture</item>
      <item>
        <persName>PF</persName> 
      </item>
      <item>
        <name type="manif">Rameil-Nantes</name>
      </item>
      <item>
        <name type="manif">Stage de Pâques</name>
      </item>
      <item>
        <title>BO</title> vol 2</item>
      <item>
        <persName>LE</persName> 
        <title>BO</title>
      </item>
      <item>
        <persName>LE</persName> invité d’honneur</item>
      <item>
        <persName>CB</persName> Présentation avec <persName>MB</persName>
      </item>
    </list>
     <p><label type="rubrique">Finances</label></p>
     <list type="unordered">
      <item>
        <persName>PF</persName> vol. 2</item>
      <item>
        <persName>MB</persName>
      </item>
    </list>
     <p><label type="rubrique">L’invité d’honneur</label></p>
     <p><label type="rubrique">
      <persName>LE</persName>
    </label></p>
     <p><label type="rubrique">Menus</label></p>
     <list type="unordered">
      <item>
        <persName>JB</persName> 2 menus</item>
      <item>JQ <orgName>Gallimard</orgName>
      </item>
      <item>
        <persName>PF</persName> 
        <orgName>Slatkine</orgName>
      </item>
      <item>
        <persName>JR</persName> Hommage à <persName>Sébastien Bottin</persName>
      </item>
    </list>
   </body>
  </text>
</TEI>