<?xml version="1.0" encoding="UTF-8"?><?xml-model href="../difdepo.rnc" type="application/relax-ng-compact-syntax"?><TEI xmlns="http://www.tei-c.org/ns/1.0" xml:id="t10010237-1981-03-cv">
  <teiHeader>
   <fileDesc>
     <titleStmt>
      <title>Transcription du scan 10010237 pp. 1 à 1 (CV) : version TEI</title><respStmt><resp>transcription</resp><name>Natalie Berkman</name></respStmt>
      
     </titleStmt>
     
     <publicationStmt>
      <p>Edition numérique distribué par le projet ANR DifDePo</p>
     </publicationStmt>
     <sourceDesc>
      <bibl><idno>t10010237-1981-03-cv</idno><title>Convocation à <ref target="difdepo:t10010237-1981-03">une réunion Oulipo</ref>, envoyée le <date when="1981-03-16"/> par <persName role="expéditeur">PF</persName> Destinataire : <persName role="destinataire">xx</persName></title></bibl>
     </sourceDesc>
   </fileDesc>
   
   <revisionDesc>
     <listChange><change when="2016-04-21T21:29:13Z">Oulipo specific tags added</change>
      <change>
        <date>2016-04-21T20:54:39Z</date>
        <name>Natalie Berkman</name>
      </change>
     </listChange>
   </revisionDesc>
  </teiHeader>
  <text type="CV">
   <body><pb xml:id="p1" n="1"/>
     
     
     
     
     
     
     
     
     
     
     
     <p rend="incipit">Paris, le 16 III 81</p>
     <p>Chers brigadiers,</p>
     <p>La prochaine réunion de l’ouvroir aura lieu le vendredi 27 mars à 11h30 chez moi au 48 rue de l’abbé Groult 75015 Paris (531 77 65, bur :634 07 29). Nous y parlerons de la <name type="manif">séance Beaubourg</name> qui aura lieu le lundi 23 III et à laquelle tous les oulipiens sont cordialement invités. Nous y parlerons aussi du texte de <persName>JR</persName> (<term>rimes en oulipo</term>) pour la <title>BO</title>. L’ordre du jour comportera nécessairement la rubrique « création ».</p>
     <p>Retournez illico la découpe. Vivez heureux.</p>
     <p>
      <persName>Paul Fournel</persName>
    </p>
     <p>Un secrétaire</p>
   </body>
  </text>
</TEI>