<?xml version="1.0" encoding="UTF-8"?><?xml-model href="../difdepo.rnc" type="application/relax-ng-compact-syntax"?><TEI xmlns="http://www.tei-c.org/ns/1.0" xml:id="t10010238-1981-04-oj">
  <teiHeader>
   <fileDesc>
     <titleStmt>
      <title>Transcription du scan 10010238 pp. 2 à 2 (OJ) : version TEI</title><respStmt><resp>transcription</resp><name>Natalie Berkman</name></respStmt>
      
     </titleStmt>
     
     <publicationStmt>
      <p>Edition numérique distribué par le projet ANR DifDePo</p>
     </publicationStmt>
     <sourceDesc>
      <bibl><idno>t10010238-1981-04-oj</idno><title>Ordre de jour de <ref target="difdepo:t10010238-1981-04">la réunion Oulipo</ref> du <date when="1981-04-24"/></title></bibl>
     </sourceDesc>
   </fileDesc>
   
   <revisionDesc>
     <listChange><change when="2016-04-21T21:29:15Z">Oulipo specific tags added</change>
      <change>
        <date>2016-04-21T20:54:57Z</date>
        <name>Natalie Berkman</name>
      </change>
     </listChange>
   </revisionDesc>
  </teiHeader>
  <text type="OJ">
   <body><pb xml:id="p2" n="2"/>
     
     
     
     
     
     
     
     
     
     
     
     <p rend="incipit">Oulipo du 24 avril chez Marcel</p>
     <p rend="incipit">Ordre du jour</p>
     <p><label type="rubrique">Action</label></p>
     <p><label type="rubrique">
      <persName>PB</persName> : <name type="manif">Villeneuve</name>
    </label></p>
     <p><label type="rubrique">
      <persName>MB</persName> : <name type="manif">Bourges</name>
    </label></p>
     <p><label type="rubrique">Tutti : le point sur <title>Oulipo II</title>
    </label></p>
     <p><label type="rubrique">Création</label></p>
     <p><label type="rubrique">
      <persName>JD</persName>+<persName>PB</persName> : le retour de l’<term>intersection</term>
    </label></p>
     <p><label type="rubrique">
      <persName>JQ</persName> : Version rectifiée du <term>poème infini</term>
    </label></p>
     <p><label type="rubrique">
      <persName>GP</persName> : <title>W</title> in P</label></p>
     <p><label type="rubrique">
      <persName>GP</persName> : <title>BO</title>
    </label></p>
     <p><label type="rubrique">Erudition</label></p>
     <p><label type="rubrique">
      <persName>JD</persName> : <persName>Bakhtine</persName> (<orgName>Seuil</orgName>)</label></p>
     <p><label type="rubrique">
      <persName>MB</persName> : <persName>Koch</persName> et <persName>Goudy</persName>
    </label></p>
     <p><label type="rubrique">Point d’ordre</label></p>
     <p><label type="rubrique">
      <persName>MB</persName> :</label></p>
     <p><label type="rubrique">Menus propos</label></p>
     <p><label type="rubrique">
      <orgName>France Radio</orgName> Lettre recommandée</label></p>
     <p><label type="rubrique">Prochaine réunion</label></p>
   </body>
  </text>
</TEI>