<?xml version="1.0" encoding="UTF-8"?><?xml-model href="../difdepo.rnc" type="application/relax-ng-compact-syntax"?><TEI xmlns="http://www.tei-c.org/ns/1.0" xml:id="t10010273-1984-07-cv">
  <teiHeader>
   <fileDesc>
     <titleStmt>
      <title>Transcription du scan 10010273 pp. 1 à 1 (CV) : version TEI</title><respStmt><resp>transcription</resp><name>Susie Cronin</name></respStmt>
      
     </titleStmt>
     
     <publicationStmt>
      <p>Edition numérique distribué par le projet ANR DifDePo</p>
     </publicationStmt>
     <sourceDesc>
      <bibl><idno>t10010273-1984-07-cv</idno><title>Convocation à <ref target="difdepo:t10010273-1984-07">une réunion Oulipo</ref>, envoyée le <date when="1984-07-01"/> par <persName role="expéditeur">PF</persName> Destinataire : <persName role="destinataire">XX</persName></title></bibl>
     </sourceDesc>
   </fileDesc>
   
   <revisionDesc>
     <listChange><change when="2016-04-21T21:29:25Z">Oulipo specific tags added</change>
      <change>
        <date>2016-04-21T20:56:20Z</date>
        <name>Susie Cronin</name>
      </change>
     </listChange>
   </revisionDesc>
  </teiHeader>
  <text type="CV">
   <body><pb xml:id="p1" n="1"/>
     
     
     
     
     
     
     
     
     
     
     
     <p rend="incipit">Oulipo</p>
     <p rend="incipit">Chers oulipiens,</p>
     <p>La prochaine réunion de l’Ouvroir aura bien lieu le mardi 21 août à 19H chez Paul Fournel (48 rue de l’abbé Groult) 5317765 5445505</p>
     <p>Merci de faire savoir votre venue.</p>
     <p>Le buffet sera de saison – donc froid.</p>
     <p>Amitiés oulipiennes,</p>
     <p>
      <persName>PF</persName>
    </p>
     <p>Un secrétaire</p>
   </body>
  </text>
</TEI>