<?xml version="1.0" encoding="UTF-8"?><?xml-model href="../difdepo.rnc" type="application/relax-ng-compact-syntax"?><TEI xmlns="http://www.tei-c.org/ns/1.0" xml:id="t10010010-1961-08-cr">
  <teiHeader>
   <fileDesc>
     <titleStmt>
      <title>Transcription du scan 10010010 pp. 1 à 9 (CR) : version TEI</title><respStmt><resp>transcription</resp><name>Natalie Berkman</name></respStmt>
      
     </titleStmt>
     
     <publicationStmt>
      <p>Edition numérique distribué par le projet ANR DifDePo</p>
     </publicationStmt>
     <sourceDesc>
      <bibl><idno>t10010010-1961-08-cr</idno><meeting xml:id="t10010010-1961-08"><date when="1961-08-28"/><placeName>chez FLL</placeName><list type="present"><item><persName ref="#JL"/></item><item><persName ref="#JB"/></item><item><persName ref="#JD"/></item><item><persName ref="#L"/></item><item><persName ref="#NA"/></item><item><persName role="président" ref="#RQ"/></item></list></meeting></bibl>
     </sourceDesc>
   </fileDesc>
   
   <revisionDesc>
     <listChange><change when="2016-04-21T21:29:00Z">Oulipo specific tags added</change>
      <change>
        <date>2016-04-21T20:52:49Z</date>
        <name>Natalie Berkman</name>
      </change>
     </listChange>
   </revisionDesc>
  </teiHeader>
  <text type="CR">
   <body><pb xml:id="p1" n="1"/>
     
     
     
     
     
     
     
     
     
     
     
     <p rend="incipit">OUVROIR DE<lb/>LITTERATURE<lb/>POTENTIELLE</p>
     <p rend="incipit">28 août 1961</p>
     <p rend="incipit">Brigade des Mondanités / Chronique Parisienne</p>
     <p rend="incipit">PARIS AU MOIS D’AOÛT</p>
     <p rend="incipit">C’est le 17 août et dans ses jardins de Boulogne-sur-Seine que le Régent de Stratégie et Tactique Scacchiale et de Chrononomie, Président-Fondateur de l’OuLiPo, a reçu et fort convenablement traité ses sympathiques collègues. On fit le tour du propriétaire et de la propriété, on admira le cèdre, on sonda le puits, on salua gravement Lady Godiva, puis on siffla des kirs correctement dosés<note place="foot" xml:id="ftn1" n="1">
        <p>D’autres <term>alexandrins</term> seront dissimulés. Cherchez-les ! C’est un jeu de vacances. (Aucun prix ne sera décerné.)</p>
      </note>.</p>
     <p rend="incipit">Se trouvaient là, dans l’ordre de leur arrivée : <persName>Raymond Queneau</persName>, <persName>Jean Lescure</persName> et <persName>Jacques Bens</persName> ; <persName>Jacques Duchâteau</persName> ; enfin, <persName>Latis</persName> et <persName>Noël Arnaud</persName>. Plus le Régent et amphitryon précédemment nommé, cela va de soi.</p>
     <p>
      <persName>Latis</persName> déploya, au milieu de l’émotion générale, un immense et magnifique portrait de Sa Magnificence, composé et tiré (héliographiquement) par le correspondant de l’OuLiPo en Middlesex, <persName>Stanley Chapman</persName>. Ce portrait fut épinglé contre un mur et suivit les discussions subséquentes avec une attention soutenue par une brise légère.</p>
     <p>L’hôte et organisateur des réjouissances distribua des chaises, des verres et des vivres, et mit à la disposition du président de séance un gong en provenance de Niou-Delly et un chapeau haute-forme flambant neuf.</p>
     <p>Le président de séance fut désigné par <term>l’ordre alphabétique Pourqi</term> — et c’était <persName>Raymond Queneau</persName>, qui se couvrit le chef du haute-forme et réclama le silence en faisant du bruit sur son gong, tel l’athlète d’<persName>Arthur Rank</persName>.</p>
     <p>Le président parla d’abord, pour faire part d’une lettre de M. <persName>Jean Cocteau</persName> (de l’<orgName>Acadéfraise</orgName>)réclamant (à la suite de la postface aux <title>100000000000000 de poèmes</title>) un droit de priorité sur la composition de poèmes cousus avec les <term>vers</term> des autres. <persName>Bens</persName> fit astucieusement remarquer que, si le mot <term>centon</term> existait avant <persName>Cocteau</persName> (ce qui se démontre), c’est que la chose existait aussi.</p>
     
      <pb xml:id="p2" n="2"/>
    
     <p>
      <persName>LATIS</persName> : D’ailleurs, <persName>Tristan Derême</persName> a composé des <term>centons</term>.</p>
     <p>
      <persName>BENS</persName> : Et <persName>Charles Trenet</persName>, sur des <title>Fables</title> de <persName>La Fontaine</persName>.</p>
     <p>
      <persName>LATIS</persName> : Et <persName>Jacques Prévert</persName>.</p>
     <p>
      <persName>Noël Arnaud</persName> fit alors remarquer que l’ordre du jour était nourri…</p>
     <p>
      <persName>LE LIONNAIS</persName> : J’espère que vous aussi !</p>
     <p>…et que, en conséquence, il y avait lieu de ne pas muser.</p>
     <p>
      <persName>Raymond Queneau</persName> reprit la parole pour signaler avoir reçu de <persName>M. STARYNKEVITCH</persName> (de la <orgName>SEPSEA</orgName>) des <term>sonnets</term>, extraits des <title>100000000000000 de poèmes</title>, composés par la <term>machine</term> électronique CAB 500. On souhaita que <persName>M. Starynkevitch</persName> nous précise la méthode utilisée ; on espéra que le choix des <term>vers</term> ne fut pas laissé au hasard.</p>
     <p>
      <persName>LE LIONNAIS</persName> : Si la <orgName>SEPSEA</orgName> a quelque rapport avec la <orgName>SEA</orgName>, dont je connais bien le directeur, nous pourrons peut-être en tirer avantage. (MER-SEA, comme a déjà dit <persName>Jacques Prévert</persName>.)</p>
     <p>C’est alors que <persName>Latis</persName> déploya le dossier du « <title>Dossier OuLiPo</title> ».</p>
     <p>
      <persName>LATIS</persName> : Je voudrais préciser, en préambule, que les travaux présentés n’ont d’intérêt que si la méthode utilisée est parfaitement définie à l’avance.</p>
     <p>(Assentiment)</p>
     <p>
      <persName>LATIS</persName> : D’autre part, le Régent <persName>Le Lionnais</persName> utilise, dans ses communications, le terme de <term>Littérature Expérimentale</term>. Doit-on le conserver ?</p>
     <p>
      <persName>LE LIONNAIS</persName> : J’ai utilisé ce terme avant la création de <term>Littérature Potentielle</term>. Je ne vois aucun inconvénient à remplacer celui-là par celui-ci.</p>
     <p>
      <persName>ARNAUD</persName> : Il semble, d’ailleurs, que le mot <term>expérimental</term> est défini d’une manière, en quelque sorte, historique, et qu’il serait bon que nous marquions la différence.</p>
     <p>(Assentiment)</p>
     <p>
      <persName>LATIS</persName> : Je passe à l’examen détaillé. La communication de <persName>Queval</persName> sur « <title>Les lois de l’article</title> » n’est pas très convaincante. Cela tient peut-être à un exposé trop bref de la méthode. Pourrait-on demander à <persName>Queval</persName> de revoir ces textes ?</p>
     <p>
      <persName>BENS</persName> : C’est déjà fait.</p>
     <p>
      <persName>LE LIONNAIS</persName> : Messieurs, nous posons ici, sans en avoir l’air, un problème fondamental : celui de nos limites. Il est possible de composer des textes qui auront des qualités <term>poétiques</term>, <term>surréalistes</term>, <term>fantaisistes</term> ou autres, sans avoir de qualités <term>potentielles</term>. Or, c’est ce dernier caractère qui est essentiel pour nous ; c’est le seul qui doit guider notre choix.</p>
     
      <pb xml:id="p3" n="3"/>
    
     <p>(Très bien, très bien, très bien, très bien, très bien, très bien ! sur tous les bancs.)</p>
     <p>
      <persName>LATIS</persName> : Je passe à la communication de <persName>QUENEAU</persName>. La préface des <title>100000000000000 de poèmes</title> étant périmée, il serait bon que le <persName>Trt Satrape</persName> rédigeât un autre texte de présentation. Cette remarque est également visible pour la postface du <persName>Régent de STSC</persName>.</p>
     <p>
      <persName>QUENEAU</persName> : Voyez donc <persName>Le Lionnais</persName> !</p>
     <p>TOUS : Vous aviez promis !</p>
     <p>
      <persName>QUENEAU</persName> : Vous croyez ?</p>
     <p>
      <persName>BENS</persName> : (joignant le geste à la parole) J’invoque les textes.</p>
     <p>
      <persName>LATIS</persName> : Ha-ha : scripta manent.</p>
     <p>
      <persName>QUENEAU</persName> : Je ne donnerai pas la parole aux scripts.</p>
     <p>
      <persName>ARNAUD</persName> : La préface et la postface prévues vont manquer. Il est essentiel de les remplacer.</p>
     <p>
      <persName>LE LIONNAIS</persName> : Peut-être qu’un court texte…</p>
     <p>TOUS : Oh !</p>
     <p>
      <persName>LE LIONNAIS</persName> : …signé <persName>Lionneau</persName> ou <persName>Quenais</persName>…</p>
     <p>
      <persName>ARNAUD</persName> : Après la parution des <title>100000000000000 de poèmes</title>, nous sommes fondés à penser que <persName>Le Lionnais</persName> et <persName>Queneau</persName> ont quelque chose à dire aux générations futures !</p>
     <p>
      <persName>QUENEAU</persName> : Je retiens un COURT texte. Je crois qu’il faut nous exécuter. Mais c’est à <persName>Le Lionnais</persName> de commencer.</p>
     <p>
      <persName>ARNAUD</persName> : N’oublions pas qu’il est notre fondateur.</p>
     <p>
      <persName>QUENEAU</persName> : Je ferai une postface. Courte, mais post.</p>
     <p>
      <persName>LE LIONNAIS</persName> : Ainsi soit-il.</p>
     <p>Au cours d’un bref intermède improvisé, <persName>Jean Lescure</persName> tenta de s’emparer par surprise du couvre-chef du président. Mais celui-ci rétablit l’ordre, avec la prudence de Saint-Guy et l’autorité de l’éléphant.</p>
     <p>
      <persName>LATIS</persName> : Passons maintenant aux communications de notre hôte et Régent. a/ Les <term>centons</term>. Ce que l’on ne voit pas, c’est qu’ils recèlent une méthode. Il conviendrait peut-être de les présenter comme un événement <term>ante-potentiel</term>.</p>
     <p>
      <persName>LE LIONNAIS</persName> : D’accord.</p>
     <p>
      <persName>LESCURE</persName> : Mais n’y a-t-il pas, justement, une méthode ?</p>
     <p>
      <persName>LE LIONNAIS</persName> : Vous savez, ces poèmes datent de quarante ans. A cette époque-là, je cherchais une certaine cohérence — qui n’est pas exactement celle (ou une de celles) que l’OuLiPo peut nous accorder. D’ailleurs, on peut établir, pour la confection des <term>centons</term>, un certain nombre de méthodes, qui donneront lieu à d’autres cohérences. Evidemment, on ne pourra le faire qu’avec un bon recensement d’<term>alexandrins</term>.</p>
     <p>
      <persName>ARNAUD</persName> : De toutes manières, je crois qu’il faut publier ces textes dans ce <title>Dossier</title>, même s’ils ne correspondent pas exactement aux définitions de l’OuLiPo. On pourrait leur accorder un titre à caractère historique, du genre : <term>Littérature prépotentielle</term> à moyens artisanaux (qui serait donc une sorte de <term>littérature « expérimentale</term>).</p>
     
      <pb xml:id="p4" n="4"/>
    
     <p>
      <persName>LATIS</persName> : Ceci suppose une sauce…</p>
     <p>
      <persName>QUENEAU</persName> : Bien sûr. (Geste vers son antipodique <persName>Le Lionnais</persName>.)</p>
     <p>
      <persName>ARNAUD</persName> : Cela nous permettrait peut-être de citer les <persName>Cocteau</persName> et les prédécesseurs de tous genres.</p>
     <p>(Ici, <persName>la Régente</persName> fit une entrée remarquable et remarquée.)</p>
     <p>
      <persName>LATIS</persName> : Passons au b/ <term>Poèmes d’une lettre</term> (en l’occurrence T) ou de ponctuations. Ici encore, je ne vois pas l’ombre d’une méthode. Il nous faut une sauce explicatoire ; sinon, les lecteurs seront fondés à supposer une démarche arbitraire.</p>
     <p>
      <persName>BENS</persName> : Pourquoi n’assimilerions-nous pas le b/ au a/ ? Ce serait également de la <term>littérature prépotentielle</term>…</p>
     <p>
      <persName>LE LIONNAIS</persName> : Ce problème m’a longtemps torturé. Nous devons considérer qu’il existe des poèmes à forte <term>potentialité</term>, d’autres à faible <term>potentialité</term>. Je crois qu’il n’est pas sans intérêt de signaler des cas d’une <term>Littérature Potentielle</term> de peu d’avenir, de marquer les chemins qui ne mèneront pas bien loin.</p>
     <p>
      <persName>ARNAUD</persName> : Très, très bien. Ce serait excellent que le Régent écrivît cela !</p>
     <p>TOUS : D’accord.</p>
     <p>
      <persName>QUENEAU</persName> : Je me permets de signaler que les <title>100000000000000 de poèmes</title> se trouvent exactement dans le même cas que les poèmes d’une seule lettre, mais avec un peu plus de <term>possibilités</term>. (Exactement : 99999999999974 possibilités supplémentaires. N. S. P.)</p>
     <p>
      <persName>LATIS</persName> : Passons donc aux poèmes réalisés avec des signes de ponctuations…</p>
     <p>
      <persName>ARNAUD</persName> : Personnellement, je suis charmé : l’inversion 12,11 donne un effet poétique d’éclatement et de libération.</p>
     <p>TOUS : Très bien.</p>
     <p>
      <persName>LATIS</persName> : …mais il faudrait peut-être envisager de …</p>
     <p>
      <persName>LE LIONNAIS</persName> : C’est très clair : il faut allonger toutes les sauces !</p>
     <p>
      <persName>LATIS</persName> : C’est naturellement notre vœu le plus cher. Enfin nous passerons au dernier point et c/ Poèmes « <term>booléens</term> ». Ne manque-t-il pas quelque chose ? Le choix des éléments communs ou non communs ne semble pas entièrement justifié. Je ne sais si mon objection est valable…</p>
     <p>
      <persName>LE LIONNAIS</persName> : Vous touchez là notre problème fondamental. Le but de la <term>Littérature Potentielle</term> est de fournir aux écrivains futurs des techniques nouvelles qui puissent réserver l’inspiration de leur affectivité. D’où la nécessité d’une certaine liberté. Il y a neuf ou dix siècles, quand un littérateur <term>potentiel</term> a proposé la forme du <term>sonnet</term>, il a laissé, à travers certains procédés mécaniques, la possibilité d’un choix. A partir de la règle que j’ai définie, j’ai pris la liberté…</p>
     <p>
      <persName>LATIS</persName> : Il faut donc bien revoir la présentation !</p>
     <p>
      <persName>QUENEAU</persName> : Comme dit Grandgousier à Gargantua : « Je vois beaucoup de travail devant toi… »</p>
     
      <pb xml:id="p5" n="5"/>
    
     <p>
      <persName>LATIS</persName> : Et nous passerons à <persName>Lescure</persName>. A <persName>Lescure</persName>, dont la communication a/ <term>S+7</term> est parfaite.</p>
     <p>
      <persName>LESCURE</persName> : Ouf.</p>
     <p>
      <persName>LATIS</persName> : Je n’en dirai pas autant du b/ <term>Permutations</term>, dont la présentation est obscure — obscure parce que pas assez opératoire. (Suivent quelques remarques techniques dont le S.P. n’a pas pu saisir le détail.) Par ailleurs, quelles sont les références de ces travaux ? Il nous les faut !</p>
     <p>
      <persName>LESCURE</persName> : C’est le début du <title>Chiendent</title>.</p>
     <p>
      <persName>QUENEAU</persName> : T’es pas allé bien loin.</p>
     <p>
      <persName>LATIS</persName> : Enfin, c/ <term>Redondances</term> (collaboration aux travaux du Trt Satrape), il y faudrait aussi revoir l’exposé de la méthode. Et supprimer notamment les intolérables attaques contre le dataire <persName>J. Bens</persName> (C’est moi qui crois de mon devoir de souligner. N.S.P.)</p>
     <p>
      <persName>QUENEAU</persName> : <persName>Lescure</persName>, on va publier quelque chose, mais pas tout, hé ?</p>
     <p>
      <persName>LESCURE</persName> : Vouèi.</p>
     <p>º</p>
     <p>
      <persName>LATIS</persName> : A <persName>Chapman</persName>, maintenant. Il nous a adressé deux <term>sonnets</term> de <persName>Shakespeare</persName> remis à l’envers. Comme je fréquente assez mal l’english language, je serais reconnaissant au Trt Satrape de vouloir bien les lire, et de nous donner son opinion.</p>
     <p>
      <persName>QUENEAU</persName> : (après avoir lu) Des <term>sonnets</term> de <persName>Shakespeare</persName> à l’envers, ils deviennent <term>hétérosexuels</term>. Mais cela me paraît très bon.</p>
     <p>
      <persName>ARNAUD</persName> : Est-ce publiable dans le <title>Dossier</title> ?</p>
     <p>
      <persName>QUENEAU</persName> : Très faible <term>potentialité</term>.</p>
     <p>
      <persName>LESCURE</persName> : De toutes façons : primo : des <term>Sonnets</term> de <persName>Shakespeare</persName>, euh ! euh ! Deuxio : l’anglais, pour la <term>potentialité</term>, tin-tin.</p>
     <p>(Le S.P., écœuré par cette manifestation de basse anglophobie, refuse de prendre des notes pendant trois minutes quarante-cinq secondes, ce qui explique le trou entre cette dernière phrase et la suivante.)</p>
     <p>º</p>
     <p>
      <persName>LE LIONNAIS</persName> : Messieurs, je suis illuminé.</p>
     <p>(Tout le monde se lève et se découvre.)</p>
     <p>
      <persName>LE LIONNAIS</persName> : Asseyez-vous, je vous en prie. Messieurs, je viens de comprendre que cette méthode appliquée par <persName>Chapman</persName> à <persName>Shakespeare</persName> peut être parfaitement stérile pour certains poètes, et magnifiquement féconde pour d’autres. Je propose donc que l’on explore systématiquement la littérature française (et les autres) pour découvrir les poètes <term>inversibles</term> et les <term>non-inversibles</term>. Je propose aussi que l’on fabrique des poèmes aisément <term>inversibles</term>. Donc, la communication de <persName>Chapman</persName> est intéressante, en ce qu’elle nous engage vers une telle étude.</p>
     <p>
      <persName>QUENEAU</persName> : On aurait une bonne <term>machine</term>. On lui collerait <title>Les Trophées</title>. Elle nous les donnerait à l’envers. On pourrait juger, non ?</p>
     <p>
      <persName>LATIS</persName> : Messieurs, j’ai des excuses à vous faire, ainsi qu’à <persName>Chapman</persName>, à travers vous et la Manche. Je viens de relire la lettre qui accompagnait l’envoi de sa communication. Elle justifie tout à fait son envoi. Je propose donc qu’on la joigne au <title>Dossier</title>.</p>
     <p>(Approbations diverses).</p>
     <p>º</p>
     
      <pb xml:id="p6" n="6"/>
    
     <p>
      <persName>LATIS</persName> : Enfin, voici l’envoi de notre cher dataire. Vous savez déjà qu’il s’agit des <title>Inventaires</title>. Ce qu’il appelle, dans sa présentation, « éléments significatifs du langage », n’est-ce pas ce que l’on appelle plus couramment, « parties du discours » ?</p>
     <p>
      <persName>QUENEAU</persName> : C’est le mot « parties » qui le gêne.</p>
     <p>
      <persName>LATIS</persName> : Moi ce qui me gêne, c’est l’arbitraire du choix des articles définis ou indéfinis. Ce choix est arbitraire.</p>
     <p>
      <persName>BENS</persName> : C’est bien ce que je dis dans la présentation.</p>
     <p>
      <persName>LATIS</persName> : Pas assez nettement. Ou, tout au moins, vous ne justifiez pas assez cette possibilité de choix.</p>
     <p>
      <persName>BENS</persName> : Permettez-moi de vous renvoyer aux récentes paroles de notre hôte sur la liberté !</p>
     <p>
      <persName>LATIS</persName> : Il faut le répéter ! Signalez, par exemple, que les mots sont pris indépendamment de ce qu’ils étaient dans le texte.</p>
     <p>
      <persName>BENS</persName> : (avec insolence) Ouais.</p>
     <p>
      <persName>LATIS</persName> : Pour<title/> 
      <persName>Galois</persName>, notamment, votre méthode est très obscure.</p>
     <p>
      <persName>BENS</persName> (désespéré) : C’est la même !</p>
     <p>
      <persName>LATIS</persName> : Cela n’apparaît pas suffisamment.</p>
     <p>º</p>
     <p>(Je trouve ici dans mes notes, et encadrée, cette mention : <persName>LESCURE</persName> : « L’amour est à réinventer. » Je ne comprends pas très bien le sens de cette intempestive interruption. Je vous la livre telle quelle. N.S.P.)</p>
     <p>º</p>
     <p>On lit <persName>Galois</persName>.</p>
     <p>
      <persName>LE LIONNAIS</persName> : Si vous me permettez une précision, <persName>Galois</persName> a écrit : « Je n’ai pas le tems », non parce qu’il ignorait l’orthographe, mais parce que c’était réellement l’orthographe du tems…Je voudrais encore ajouter ceci : vous soulevez ici un problème fondamental, et même deux : a/ La <term>LiPo</term> n’espère pas atteindre toujours la qualité. Elle fait des expériences. b/ Il y a deux <term>LiPo</term> : une <term>analytique</term> et une <term>synthétique</term>. Je m’explique…</p>
     <p>TOUS : Oui.</p>
     <p>
      <persName>LE LIONNAIS</persName> : La <term>LiPo analytique</term> recherche des possibilités qui se trouvent chez certains auteurs sans qu’ils y aient pensé. Ex. les <term>centons</term>.) La <term>LiPo synthétique</term> constitue la grande mission de la <term>LiPo</term>. Il s’agit ici d’ouvrir de nouvelles possibilités inconnues des anciens auteurs. (Ex. poèmes <term>booléens.)</term> Dans ce <title>Dossier</title>, nous avons des exemples de l’une et de l’autre.</p>
     <p>
      <persName>LATIS</persName> : C’est là le thème même de la préface que nous attendons de vous ! Et je dirais volontiers que les textes de présentation des diverses méthodes doivent être essentiellement <term>analytiques</term>.</p>
     <p>º</p>
     <p>
      <persName>LATIS</persName> : J’en viens enfin aux textes qui n’existent pas. C’est-à-dire, par exemple, à la <term>méthode Berge-Duchâteau</term>.</p>
     <p>(L’instant est grave. Les assistants vont enfin connaître le son de la voix de <persName>Duchâteau</persName>. C’est, en effet, la première fois qu’il ouvrira (mais l’ouvrira-t-il ?) la bouche au cours d’une séance.)</p>
     
      <pb xml:id="p7" n="7"/>
    
     <p>
      <persName>DUCHÂTEAU</persName> : J’ai seulement une équation à poser :</p>
     <p>(BERGE + DUCHÂTEAU) – BERGE = 0</p>
     <p>
      <persName>BENS</persName> : Ce n’est pas mathématique.</p>
     <p>
      <persName>DUCHÂTEAU :</persName> Le travail est en cours. D’autres le sont aussi.</p>
     <p>
      <persName>ARNAUD</persName> : Exposez seulement la méthode. Dites ce que vous êtes en train de faire.</p>
     <p>
      <persName>QUENEAU</persName> : <persName>Duchâteau</persName>, soyez gentil, faites-nous une méthode. Un truc inapplicable, une histoire non récursive, un machin terrible. Faites-nous ça, hé ?</p>
     <p>
      <persName>DUCHÂTEAU</persName> : Jpourrai pas vous donner <unclear>degzemple</unclear>.</p>
     <p>
      <persName>QUENEAU</persName> : Ce sera sans exemple ! C’est parfait !</p>
     <p>
      <persName>LE LIONNAIS</persName> : N’oubliez pas, <persName>Duchâteau</persName> (et Messieurs), que la méthode se suffit à elle-même. Il y a des méthodes sans exemple. L’exemple est un plaisir que l’on se donne en plus — et que l’on donne au lecteur.</p>
     <p>(Quelques esprits sournois attendent que le Régent de S.T.S.C. donne un exemple de méthode sans exemple. Mais, fûté, il ne tombe pas dans un aussi misérable piège.)</p>
     <p>
      <persName>ARNAUD</persName> : Il faudrait que <persName>Duchâteau</persName> nous donne cette communication. <persName>Le Lionnais</persName> en est tout illuminé.</p>
     <p>º</p>
     <p>(Le S.P., épuisé, laisse entendre un vagissement sourd. On le couvre de sarcasmes, hormis le Trt Satrape qui réclame :</p>
     <p>
      <persName>QUENEAU</persName> : Je demande une prime de rendement pour le S.P. On double ses appointements.</p>
     <p>Ricanements.)</p>
     <p>º</p>
     <p>
      <persName>LE LIONNAIS</persName> : Le projet de roman <term>intersectif</term> proposé par <persName>Bens</persName> et <persName>Duchâteau</persName> me comble en effet de joie. La méthode de l<term>’intersection</term> a toujours été appliquée par tous les écrivains. Exemple : les poèmes de <persName>Leconte de Lisle</persName>. On s’aperçoit qu’une école littéraire, formée à partir de deux ou trois créateurs, ne fait que procéder à des <term>intersections</term>. Je les ai étudiées chez <persName>Zévaco</persName> et <title>Fantômas</title>. (Mais j’ai d’autres lectures, également.) Un auteur apparaît sur terre — passons sur sa conception et autres détails — que fait-il ? Il lit les auteurs précédents, et il procède à des <term>intersections</term>. Quand il ne le fait pas, c’est un créateur original.</p>
     <p>
      <persName>LATIS</persName> : On sait bien que la culture est le contraire de l’originalité.</p>
     <p>
      <persName>QUENEAU</persName> : La culture est le contraire de l’<term>arithmétique</term>. D’ailleurs, <persName>Duchâteau</persName> est le plastiqueur de l’OuLiPo. C’est un lézard plastiqueur.</p>
     <p>
      <persName>LE LIONNAIS</persName> : En tous cas, ce que veut faire <persName>Duchâteau</persName>, c’est, systématiquement, ce que font les autres sans le vouloir.</p>
     <p>
      <persName>QUENEAU</persName> : Le dernier livre de <persName>Sagan</persName> est très significatif à cet égard. C’est une <term>intersection</term> entre ses précédents romans.</p>
     <p>
      <persName>LE LIONNAIS</persName> : Tout ceci entre parfaitement dans le cadre de l<orgName>’</orgName>OuLiPo qui doit mettre en évidence les ressorts de la littérature.</p>
     
      <pb xml:id="p8" n="8"/>
    
     <p>
      <persName>QUENEAU</persName> : <persName>Duchâteau</persName> est tout indiqué pour étudier le cas <persName>Sagan</persName>. Nous confions <persName>Sagan</persName> à <persName>Duchâteau</persName>.</p>
     <p>
      <persName>ARNAUD</persName> : <persName>Duchâteau</persName> en Suède !</p>
     <p>
      <persName>LATIS</persName> : Ou la vie de château…</p>
     <p>
      <persName>DUCHÂTEAU</persName> : Eh bien, enfin, je suis d’accord pour exposer la méthode de l’<term>intersection</term>.</p>
     <p>º</p>
     <p>
      <persName>LATIS</persName> : Et <persName>Arnaud</persName> ?</p>
     <p>TOUS : Ah !</p>
     <p>
      <persName>ARNAUD</persName> : N’oublions pas <persName>Schmidt</persName>, dont les travaux sont parfaits. C’est pourquoi, d’ailleurs, nous n’en avons pas parlé.</p>
     <p>
      <persName>QUENEAU</persName> : Et <persName>Arnaud</persName> ?</p>
     <p>
      <persName>ARNAUD</persName> : Je comptais me borner à la présentation de la <term>pièce alphabétique</term> de <persName>Le Roux</persName>.</p>
     <p>TOUS : Oui. Enfin. D’accord. C’est maigre. Pas bien sérieux.</p>
     <p>
      <persName>LATIS</persName> : Il y a beaucoup de drames alphabétiques !</p>
     <p>
      <persName>QUENEAU</persName> : Il y a un recueil de poèmes de <persName>Louise de Vilmorin</persName> où l’on trouve des tas de trucs comme ça.</p>
     <p>
      <persName>ARNAUD</persName> : Je proteste ! La question n’est pas de faire un drame alphabétique. C’est de le publier, c’est-à-dire d’en faire son œuvre. Le seul <persName>Le Roux</persName> a publié un tel texte. C’est le cas d’<title>Ubu Roi</title> que vous remettez en question !</p>
     <p>(Consternation.)</p>
     <p>
      <persName>QUENEAU</persName> : Très juste ! D’ailleurs, et d’une manière analogue, il y a eu des tas de dingues qui avaient leur petite idée sur le système du monde. Un certain <persName>Newton</persName> a publié le sien. On en parle encore.</p>
     <p>
      <persName>LE LIONNAIS</persName> : Il faut trouver une solution.</p>
     <p>
      <persName>LESCURE</persName> : Il est exact que la publication fait sortir une œuvre du simple folklore.</p>
     <p>º</p>
     <p>
      <persName>LE LIONNAIS</persName> : Je parlerai ici d’une question que j’eusse souhaité soulever au début de cette séance, et que les impératifs d’un ordre du jour chargé ont rejeté aux confins du dessert. C’est une question de discipline. A mon avis, des réunions comme les nôtres ne peuvent être efficaces que s’il existe un minimum de discipline. Trois degrés de mesures disciplinaires doivent être mises à la disposition du président :</p>
     <p>a/ Un coup de gong (rapporté de Niou-Delly).</p>
     <p>b/ La peine de mort, dont le détail sera laissé à la discrétion présidentielle.</p>
     <p>c/ Si la peine de mort est insuffisante, le président se couvrira de son haute-forme — après s’en être découvert, s’il en était précédemment couvert.</p>
     <p>
      <persName>LATIS</persName> : Je réclame quelques éclaircissements à propos de la peine de mort. Qui l’infligera ?</p>
     <p>
      <persName>LE LIONNAIS</persName> : Le président décidera suivant la méthode qu’il aura adoptée. Cette méthode peut couvrir les méthodes actuellement</p>
     
      <pb xml:id="p9" n="9"/>
    
     <p>appliquées dans le monde, et telles autres qu’il jugera bon d’inventer instantanément.</p>
     <p>
      <persName>LESCURE</persName> : Hé-hé : la luxure !</p>
     <p>
      <persName>QUENEAU</persName> : Messieurs, je vous trouve partis dans des voies bien singulières.</p>
     <p>
      <persName>LATIS</persName> : Si nous faisions une récapitulation ?</p>
     <p>
      <persName>QUENEAU</persName> : Récapitulez donc.</p>
     <p>
      <persName>LATIS</persName> : 1º <persName>QUENEAU</persName> rédige une conclusion. 2º <persName>LE LIONNAIS</persName> rédige une préface générale et revoit la présentation de ses diverses communications. 3º <persName>LESCURE</persName> revoit la présentation des <term>permutations</term> et des <term>redondances</term> (qu’il n’oublie pas les appels de notes). 4º <persName>BENS</persName> revoit la présentation d’<persName>Evariste Galois</persName>. 5º <persName>DUCHÂTEAU</persName> nous parle du roman <term>intersectif</term>…</p>
     <p>
      <persName>QUENEAU</persName> : Vous devriez (<persName>Duchâteau</persName>) peut-être voir dans les « short short novels » de <term>fiction scientifique</term>. Elles tiennent en une page. Je décide de faire envoyer la revue <title>FICTION</title> à nos frais à <persName>Duchâteau</persName> et <persName>Bens</persName>. (c’est moi qui souligne. N.S.P.)</p>
     <p>
      <persName>ARNAUD</persName> : Je rappelle à <persName>Duchâteau</persName> que cette méthode est très importante et qu’elle mérite une très belle exposition.</p>
     <p>
      <persName>QUENEAU</persName> : Il y a des gens qui travaillent pas tant et qui entrent en 6º. Donc, j’espère qu’à l’avenir…</p>
     <p>
      <persName>LATIS</persName> : … 6º <persName>ARNAUD</persName> présentera son drame alphabétique. J’ajoute que ces participations diverses devraient nous parvenir avant le 20 septembre (Repoussons de quelques jours, n’est-ce pas ? N.S.P.)</p>
     <p>
      <persName>QUENEAU</persName> : Je travaillerai après <persName>Duchâteau</persName>. Si nous sommes en retard, ce sera la faute à <persName>Duchâteau</persName>.</p>
     <p>
      <persName>ARNAUD</persName> : Faut reconnaître, le roman <term>intersectif</term>, c’est une idée féconde.</p>
     <p>
      <persName>QUENEAU</persName> : Vous êtes foutu, mon cher.</p>
     <p>(Le Trt Satrape ne dit pas pourquoi. Sa remarque laisse donc planer l’ombre d’une menace.)</p>
     <p>º</p>
     <p>La prochaine réunion ayant été fixée au vendredi 8 septembre (premier jour de l’année <term>pataphysique</term>), à 12h30, chez <persName>Julien</persName> et <persName>Petit</persName>, l’assemblée se sépara, après les congratulations d’usage, non sans avoir jeté un dernier regard au cèdre libanais, un dernier salut à Lady Godiva, et un dernier verre derrière sa cravate.</p>
     <p>Le Secrétaire Provisoire :</p>
     <p>
      <persName>Ythier Marchant</persName>.</p>
   </body>
  </text>
</TEI>