<?xml version="1.0" encoding="UTF-8"?><?xml-model href="../difdepo.rnc" type="application/relax-ng-compact-syntax"?><TEI xmlns="http://www.tei-c.org/ns/1.0" xml:id="t10010246-1982-01-cv">
  <teiHeader>
   <fileDesc>
     <titleStmt>
      <title>Transcription du scan 10010246 pp. 1 à 1 (CV) : version TEI</title><respStmt><resp>transcription</resp><name>ONE</name></respStmt>
      
     </titleStmt>
     
     <publicationStmt>
      <p>Edition numérique distribué par le projet ANR DifDePo</p>
     </publicationStmt>
     <sourceDesc>
      <bibl><idno>t10010246-1982-01-cv</idno><title>Convocation à <ref target="difdepo:t10010246-1982-01">une réunion Oulipo</ref>, envoyée le <date when="1982-01-03"/> par <persName role="expéditeur">PF</persName> Destinataire : <persName role="destinataire">XX</persName></title></bibl>
     </sourceDesc>
   </fileDesc>
   
   <revisionDesc>
     <listChange><change when="2016-04-21T21:29:18Z">Oulipo specific tags added</change>
      <change>
        <date>2016-04-21T20:55:26Z</date>
        <name>ONE</name>
      </change>
     </listChange>
   </revisionDesc>
  </teiHeader>
  <text type="CV">
   <body><pb xml:id="p1" n="1"/>
     
     
     
     
     
     
     
     
     
     
     
     <p rend="incipit">Le 3 janvier 82</p>
     <p>Bonne année aux vaillants brigadiers !</p>
     <p>La prochaine réunion de l’ouvroir aura lieu le vendredi 15 janvier 1982 chez <persName>Martine</persName> et <persName>Paul Fournel</persName> 48 rue de l’abbé Groult 75015 Paris (531 77 65) vers 11h30.</p>
     <p>Il sera question de l’avenir, du présent et du passé, l’ordre du jour comportera la rubrique « création ».</p>
     <p>Retournez la découpe ci-dessous. Merci.</p>
     <p>Au 15</p>
     <p>Amitiés,</p>
     <p>
      <persName>Paul</persName>
    </p>
     <p>Un secrétaire</p>
   </body>
  </text>
</TEI>