<?xml version="1.0" encoding="UTF-8"?><?xml-model href="../difdepo.rnc" type="application/relax-ng-compact-syntax"?><TEI xmlns="http://www.tei-c.org/ns/1.0" xml:id="t10010280-1985-03-cv">
  <teiHeader>
   <fileDesc>
     <titleStmt>
      <title>Transcription du scan 10010280 pp. 1 à 1 (CV) : version TEI</title><respStmt><resp>transcription</resp><name>Susie Cronin</name></respStmt>
      
     </titleStmt>
     
     <publicationStmt>
      <p>Edition numérique distribué par le projet ANR DifDePo</p>
     </publicationStmt>
     <sourceDesc>
      <bibl><idno>t10010280-1985-03-cv</idno><title>Convocation à <ref target="difdepo:t10010280-1985-03">une réunion Oulipo</ref>, envoyée le <date when="1985-03-11"/> par <persName role="expéditeur">PF</persName> Destinataire : <persName role="destinataire">XX</persName></title></bibl>
     </sourceDesc>
   </fileDesc>
   
   <revisionDesc>
     <listChange><change when="2016-04-21T21:29:29Z">Oulipo specific tags added</change>
      <change>
        <date>2016-04-21T20:57:01Z</date>
        <name>Susie Cronin</name>
      </change>
     </listChange>
   </revisionDesc>
  </teiHeader>
  <text type="CV">
   <body><pb xml:id="p1" n="1"/>
     
     
     
     
     
     
     
     
     
     
     
     <p rend="incipit">Oulipo</p>
     <p rend="incipit">Le 11 mars 85</p>
     <p rend="incipit">Oulipiens,</p>
     <p>L’Ouvroir se réunira le 29 mars 85 à 19 heures chez <persName>Paul Braffort</persName> 7 rue Charles V 75004 (278.12.92).</p>
     <p>Pensez à l’hommage au président <persName>Le Lionnais</persName>.</p>
     <p>Merci.</p>
     <p>An 29, amitiés,</p>
     <p>
      <persName>Paul</persName> 
    </p>
     <p>Un sécretaire </p>
   </body>
  </text>
</TEI>