<?xml version="1.0" encoding="UTF-8"?><?xml-model href="../difdepo.rnc" type="application/relax-ng-compact-syntax"?><TEI xmlns="http://www.tei-c.org/ns/1.0" xml:id="t10010249-1982-04-cv">
  <teiHeader>
   <fileDesc>
     <titleStmt>
      <title>Transcription du scan 10010249 pp. 1 à 1 (CV) : version TEI</title><respStmt><resp>transcription</resp><name>ONE</name></respStmt>
      
     </titleStmt>
     
     <publicationStmt>
      <p>Edition numérique distribué par le projet ANR DifDePo</p>
     </publicationStmt>
     <sourceDesc>
      <bibl><idno>t10010249-1982-04-cv</idno><title>Convocation à <ref target="difdepo:t10010249-1982-04">une réunion Oulipo</ref>, envoyée le <date when="1982-04-08"/> par <persName role="expéditeur">PF</persName> Destinataire : <persName role="destinataire">XX</persName></title></bibl>
     </sourceDesc>
   </fileDesc>
   
   <revisionDesc>
     <listChange><change when="2016-04-21T21:29:21Z">Oulipo specific tags added</change>
      <change>
        <date>2016-04-21T20:55:53Z</date>
        <name>ONE</name>
      </change>
     </listChange>
   </revisionDesc>
  </teiHeader>
  <text type="CV">
   <body><pb xml:id="p1" n="1"/>
     
     
     
     
     
     
     
     
     
     
     
     <p rend="incipit">Le 8 IV 82</p>
     <p>Chers oulipiens,</p>
     <p>La prochaine réunion de l’ouvroir aura lieu le vendredi 23 avril 82 chez <persName>Paul Fournel</persName> 48 rue de l’abbé Groult 75015 Paris (5317765). Notre invité d’honneur sera, en principe, M. <persName>Coumet</persName>. La réunion commencera à 11h30 et l’on y parlera, entre autres choses, du <name type="manif">stage de Villeneuve</name>.</p>
     <p>Je vous signale également que Madame <persName>DRIVET</persName> a organisé une très jolie exposition « <name type="manif">Perec-oulipo-Queneau</name> » à la librairie <orgName>Flammarion-Galaxie</orgName> (centre commercial Galaxie, place d’Italie). Elle a réuni (en partie grâce à <persName>Rameil</persName>) de très belles photos et un très grand nombre des ouvrages des membres de l’oulipo (y compris ceux que l’on a bien du mal à trouver comme <title>Les grands courants</title> de <persName>FLL</persName>). Elle souhaiterait faire une <name type="manif">rencontre-signature</name> le samedi 24 vers 14h30-15h. Pensez donc à retenir le début de votre samedi après-midi et parlez de cette expo autour de vous. Merci pour elle, merci pour vous.</p>
     <p>Au vendredi 23</p>
     <p>Oulipotement,</p>
     <p>
      <persName>Paul Fournel</persName>
    </p>
     <p>un secrétaire</p>
   </body>
  </text>
</TEI>