<?xml version="1.0" encoding="UTF-8"?><?xml-model href="../difdepo.rnc" type="application/relax-ng-compact-syntax"?><TEI xmlns="http://www.tei-c.org/ns/1.0" xml:id="t10010245-1981-12-oj">
  <teiHeader>
   <fileDesc>
     <titleStmt>
      <title>Transcription du scan 10010245 pp. 1 à 1 (OJ) : version TEI</title><respStmt><resp>transcription</resp><name>ONE</name></respStmt>
      
     </titleStmt>
     
     <publicationStmt>
      <p>Edition numérique distribué par le projet ANR DifDePo</p>
     </publicationStmt>
     <sourceDesc>
      <bibl><idno>t10010245-1981-12-oj</idno><title>Ordre de jour de <ref target="difdepo:t10010245-1981-12">la réunion Oulipo</ref> du <date when="1981-12-11"/></title></bibl>
     </sourceDesc>
   </fileDesc>
   
   <revisionDesc>
     <listChange><change when="2016-04-21T21:29:17Z">Oulipo specific tags added</change>
      <change>
        <date>2016-04-21T20:55:17Z</date>
        <name>ONE</name>
      </change>
     </listChange>
   </revisionDesc>
  </teiHeader>
  <text type="OJ">
   <body><pb xml:id="p1" n="1"/>
     
     
     <p>Type de document : OJ (<hi>CR</hi>
      <hi> pour compte-rendu avec ou sans ordre du jour, </hi>
      <hi>Convocation</hi>
      <hi> ou </hi>
      <hi>Autre</hi>)</p>
     
     
     
     
     
     
     
     
     <p rend="incipit">Réunion du 11 XII 81 chez PB</p>
     <p rend="incipit">PF président</p>
     <p><label type="rubrique">Création :</label></p>
     <list type="unordered">
      <item>
        <persName>PF</persName> : Un <term>absent de marque</term>.</item>
      <item>
        <persName>JR</persName> : <persName>Giordano Bruno</persName> et <orgName>l’oulipo</orgName>.</item>
      <item>
        <persName>PB</persName> : <term>Roman policier plagié</term>.</item>
    </list>
     <p><label type="rubrique">Action</label></p>
     <list type="unordered">
      <item>
        <persName>PF</persName> : <name type="manif">Nantes</name>
      </item>
      <item>
        <persName>PF</persName> : <name type="manif">Villeneuve</name>
      </item>
      <item>BO : <persName>PF</persName>
      </item>
      <item>
        <persName>PF</persName> + tous : <title>Atlas</title>
      </item>
      <item>
        <persName>PB</persName> : <orgName>Alamo</orgName>
      </item>
    </list>
     <p><label type="rubrique">Erudition.</label></p>
     <list type="unordered">
      <item>
        <persName>J Lescure</persName> : <term>AEIOU</term>
      </item>
      <item>
        <persName>JL</persName> : le mystère en fleur <persName>Jacques Charpentreau</persName>
      </item>
      <item>
        <persName>PB</persName> : <title>La cosmogonie</title> vue par <persName>Calvino</persName>.</item>
      <item>
        <persName>PB</persName> : <term>dictionnaire de l’informatique</term>
      </item>
      <item>
        <persName>PF PB</persName> : <term>jeu de cartes</term>
      </item>
    </list>
     <p>Prochaine réunion : vendredi 22 janvier 82</p>
   </body>
  </text>
</TEI>