<?xml version="1.0" encoding="UTF-8"?><?xml-model href="../difdepo.rnc" type="application/relax-ng-compact-syntax"?><TEI xmlns="http://www.tei-c.org/ns/1.0" xml:id="t10010237-1981-03-oj">
  <teiHeader>
   <fileDesc>
     <titleStmt>
      <title>Transcription du scan 10010237 pp. 11 à 11 (OJ) : version TEI</title><respStmt><resp>transcription</resp><name>Natalie Berkman</name></respStmt>
      
     </titleStmt>
     
     <publicationStmt>
      <p>Edition numérique distribué par le projet ANR DifDePo</p>
     </publicationStmt>
     <sourceDesc>
      <bibl><idno>t10010237-1981-03-oj</idno><title>Ordre de jour de <ref target="difdepo:t10010237-1981-03">la réunion Oulipo</ref> du <date when="1981-03-27"/></title></bibl>
     </sourceDesc>
   </fileDesc>
   
   <revisionDesc>
     <listChange><change when="2016-04-21T21:29:13Z">Oulipo specific tags added</change>
      <change>
        <date>2016-04-21T20:54:43Z</date>
        <name>Natalie Berkman</name>
      </change>
     </listChange>
   </revisionDesc>
  </teiHeader>
  <text type="OJ">
   <body><pb xml:id="p11" n="11"/>
     
     
     
     
     
     
     
     
     
     
     
     <p rend="incipit">Réunion du 27 mars 81-Ordre du jour-</p>
     <p rend="incipit">Présents : <persName>JB</persName>, <persName>JR</persName>, <persName>PF</persName>, <persName>LE</persName>, <persName>MB</persName> + <persName>PB</persName>, <persName>JD</persName>, <persName>IC</persName>
    </p>
     <p rend="incipit">Excusés : <persName>FLL</persName>, <persName>HM</persName>
    </p>
     <p rend="incipit">Absents :</p>
     <p><label type="rubrique">Création</label></p>
     <p><label type="rubrique">
      <persName>PB</persName> : <title>Légendes</title>
    </label></p>
     <p><label type="rubrique">
      <persName>JB</persName> : Une nouvelle section d’<term>ouvroir x potentiel</term>
    </label></p>
     <p><label type="rubrique">
      <persName>PF</persName> : <term>hyper morale</term>
    </label></p>
     <p><label type="rubrique">
      <persName>MB</persName> : pour <persName>JQ</persName> : <term>Contrainte de Berge</term>
    </label></p>
     <p><label type="rubrique">Pour <persName>JL</persName> : pseudo création</label></p>
     <p><label type="rubrique">
      <persName>IC</persName> : quelques explications de la création du <title>Voyageur</title>
    </label></p>
     <p><label type="rubrique">
      <title>BO</title>
    </label></p>
     <p><label type="rubrique">
      <persName>PF</persName>/<persName>JR</persName> : <title>BO</title> (<term>rimes en oulipo</term>)</label></p>
     <p><label type="rubrique">Action</label></p>
     <p><label type="rubrique">
      <persName>JB</persName> : Table ronde pour <name type="manif">Action Poétique</name>
    </label></p>
     <p>
      <persName>PF</persName> : <name type="manif">Bourges</name>/<persName>MB</persName>
    </p>
     <p><label type="rubrique">
      <persName>PF</persName> : <title>Volume 2</title> (épreuves)</label></p>
     <p><label type="rubrique">
      <persName>PF</persName> : réponse aux couvre. Avenir Bébé.</label></p>
     <p><label type="rubrique">Tous : Bilan <name type="manif">journée oulipo 23</name> à <orgName>Beaubourg</orgName>
    </label></p>
     <p><label type="rubrique">
      <name type="manif">Villeneuve les Avignon</name> Pâques</label></p>
     <p><label type="rubrique">
      <persName>PF</persName> : <persName>Simonnet</persName>
    </label></p>
     <p><label type="rubrique">
      <persName>LE</persName> : OULIPO à <orgName>France Culture</orgName>
    </label></p>
     <p><label type="rubrique">Menus propos</label></p>
     <p><label type="rubrique">
      <persName>JR</persName> : Nouvelle adresse</label></p>
     <p><label type="rubrique">Invité d’honneur</label></p>
     <p><label type="rubrique">
      <persName>JB</persName> : <persName>Chapon</persName> (bibliothèque)</label></p>
   </body>
  </text>
</TEI>