<?xml version="1.0" encoding="UTF-8"?><?xml-model href="../difdepo.rnc" type="application/relax-ng-compact-syntax"?><TEI xmlns="http://www.tei-c.org/ns/1.0" xml:id="t10010006-1961-03-cr">
  <teiHeader>
   <fileDesc>
     <titleStmt>
      <title>Transcription du scan 10010006 pp. 1 à 1 (CR) : version TEI</title><respStmt><resp>transcription</resp><name>Chris</name></respStmt>
      
     </titleStmt>
     
     <publicationStmt>
      <p>Edition numérique distribué par le projet ANR DifDePo</p>
     </publicationStmt>
     <sourceDesc>
      <bibl><idno>t10010006-1961-03-cr</idno><meeting xml:id="t10010006-1961-03"><date when="1961-03-13"/><list type="present"><item><persName ref="#JQ"/></item><item><persName ref="#RQ"/></item><item><persName ref="#AMS"/></item></list></meeting></bibl>
     </sourceDesc>
   </fileDesc>
   
   <revisionDesc>
     <listChange><change when="2016-04-21T21:28:55Z">Oulipo specific tags added</change>
      <change>
        <date>2016-04-21T20:52:12Z</date>
        <name>Chris</name>
      </change>
     </listChange>
   </revisionDesc>
  </teiHeader>
  <text type="CR">
   <body><pb xml:id="p1" n="1"/>
     
     
     
     
     
     
     
     
     
     
     
     <p rend="incipit">OUVROIR DE</p>
     <p rend="incipit">LITTERATURE</p>
     <p rend="incipit">POTENTIELLE</p>
     <p rend="incipit">Circulaire n° 5</p>
     <p rend="incipit">COMPTE RENDU DE LA REUNION DU LUNDI 13 MARS 1961</p>
     <p>Le sieur <persName>Q.B.</persName> ayant eu, ces dernières semaines, un emploi du temps très chargé (aussi bien : mal organisé), le présent compte-rendu sera bref. Par ailleurs, toutes les communications ont fait l’objet d’un dépôt archival ; ainsi, rien ne tombera dans l’oubli.</p>
     <p>Brièvement donc :</p>
     <list type="ordered">
      <item>L’occupation de notre cave de séance par une population profane nous a conduits à changer de crèmerie. C’est au :</item>
    </list>
     <p>RESTAURANT LABORDERIE (rue de l’Université, côté pair, entre les rues de Beaune et du Bac)</p>
     <p>que nous nous réunirons le LUNDI 17 AVRIL</p>
     <list type="ordered">
      <item>TRAVAUX.</item>
      <item>un <term>sonnet</term> inédit de <persName>V.H</persName>. nous a été présenté par <persName>Jean Queval</persName>. Il s’agit d’un <term>sonnet</term> composé avec les <term>alexandrins</term> se trouvant dans les œuvres en <term>prose</term> de <persName>V.H</persName>. La <term>reconstitution</term> de <persName>Jean Queval</persName> laisse à penser que <persName>V.H</persName>. a dissimulé dans son œuvre des messages d’ordre historico-politique.</item>
      <item>suite de l’examen de la poétique curieuse de <persName>G.B</persName>., par <persName>Raymond Queneau</persName>. Nous avons retenu :<list type="unordered">
         <item>
           <term>vers lettisés</term>, ou, <term>tantogrammes</term> : tous les mots commencent par une même lettre. (Ex : miroir mondain, madame magnifique / Ardent amour, adorable Angélique…)</item>
         <item>
           <term>vers lipogrammatiques</term> : une lettre n’est pas employée.</item>
         <item>
           <term>vers alphabétiques</term> : toutes les lettres de l’alphabet sont contenues dans chaque vers. (Ex : Qui flamboyant guidait Zéphire sur les eaux.)</item>
         <item>
           <term>vers terminés par un nombre</term>.</item>
       </list>
      </item>
      <item>lecture de la<title/> 
        <term>ballade</term> de<title/> 
        <persName>Jehan Molinet</persName>, précédé de considérations biographiques sur l’auteur, par <persName>Albert-Marie Schmidt</persName>.</item>
    </list>
   </body>
  </text>
</TEI>