<?xml version="1.0" encoding="UTF-8"?><?xml-model href="../difdepo.rnc" type="application/relax-ng-compact-syntax"?><TEI xmlns="http://www.tei-c.org/ns/1.0" xml:id="t10010248-1982-03-cv">
  <teiHeader>
   <fileDesc>
     <titleStmt>
      <title>Transcription du scan 10010248 pp. 1 à 1 (CV) : version TEI</title><respStmt><resp>transcription</resp><name>ONE</name></respStmt>
      
     </titleStmt>
     
     <publicationStmt>
      <p>Edition numérique distribué par le projet ANR DifDePo</p>
     </publicationStmt>
     <sourceDesc>
      <bibl><idno>t10010248-1982-03-cv</idno><title>Convocation à <ref target="difdepo:t10010248-1982-03">une réunion Oulipo</ref>, envoyée le <date when="1982-03-01"/> par <persName role="expéditeur">PF</persName> Destinataire : <persName role="destinataire">XX</persName></title></bibl>
     </sourceDesc>
   </fileDesc>
   
   <revisionDesc>
     <listChange><change when="2016-04-21T21:29:20Z">Oulipo specific tags added</change>
      <change>
        <date>2016-04-21T20:55:44Z</date>
        <name>ONE</name>
      </change>
     </listChange>
   </revisionDesc>
  </teiHeader>
  <text type="CV">
   <body><pb xml:id="p1" n="1"/>
     
     
     
     
     
     
     
     
     
     
     
     <p rend="incipit">Le lundi 1<hi>er</hi> mars 82</p>
     <p>Oulipiens,</p>
     <p>L’ouvroir se réunira le 12 mars prochain (un vendredi) chez <persName>Isabelle</persName> et <persName>Marcel BENABOU</persName>, 48 rue du capitaine Marchal 75020 Paris (361.40.39) à 11h30. Notre invité d’honneur (sous réserves) sera Monsieur <persName>COUMET</persName>.</p>
     <p>Nous ferons un bilan du <name type="manif">stage Oulipo-Amiens</name> et nous profiterons de cette occasion pour parler des stages en général.</p>
     <p>N’oubliez pas qu’à l’issue de cette réunion nous nous rendrons à la séance de signature organisée par la librairie <orgName>Le Millefeuille</orgName> à l’occasion de la sortie de nos nombreux ouvrages…</p>
     <p>Amitiés oulipiennes,</p>
     <p>
      <persName>Paul Fournel</persName>
    </p>
     <p>un secrétaire</p>
   </body>
  </text>
</TEI>