<?xml version="1.0" encoding="UTF-8"?><?xml-model href="../difdepo.rnc" type="application/relax-ng-compact-syntax"?><TEI xmlns="http://www.tei-c.org/ns/1.0" xml:id="t10010308-1987-09-cv">
  <teiHeader>
   <fileDesc>
     <titleStmt>
      <title>Transcription du scan 10010308 pp. 1 à 1 (CV) : version TEI</title><respStmt><resp>transcription</resp><name>Natalie Berkman</name></respStmt>
      
     </titleStmt>
     
     <publicationStmt>
      <p>Edition numérique distribué par le projet ANR DifDePo</p>
     </publicationStmt>
     <sourceDesc>
      <bibl><idno>t10010308-1987-09-cv</idno><title>Convocation à <ref target="difdepo:t10010308-1987-09">une réunion Oulipo</ref>, envoyée le <date when="1987-09-11"/> par <persName role="expéditeur">PF</persName> Destinataire : <persName role="destinataire">xx</persName></title></bibl>
     </sourceDesc>
   </fileDesc>
   
   <revisionDesc>
     <listChange><change when="2016-04-21T21:29:30Z">Oulipo specific tags added</change>
      <change>
        <date>2016-04-21T20:57:10Z</date>
        <name>Natalie Berkman</name>
      </change>
     </listChange>
   </revisionDesc>
  </teiHeader>
  <text type="CV">
   <body><pb xml:id="p1" n="1"/>
     
     
     
     
     
     
     
     
     
     
     
     <p rend="incipit">OULIPO</p>
     <p rend="incipit">le 11 sept 87</p>
     <p>Chers oulipiens,</p>
     <p>L'ouvroir est à l'honneur ce matin : la <title>B.O.</title> entre en librairie et <title>Libération</title> lui consacre 3 pages!</p>
     <p>Nous devons donc songer à travailler et, pour ce faire, à nous réunir. Ce sera le 25 septembre (un vendredi) à 19H chez P et M <persName>FOURNEL</persName>, 48 rue de l'abbé groult 75015 (45.31.77.65).</p>
     <p>Merci de prévenir.</p>
     <p>Amitiés,</p>
     <p>
      <persName>paul</persName>
    </p>
   </body>
  </text>
</TEI>